--
-- PostgreSQL database dump
--

\restrict WSUANwj9Y63srOXfKLOXXO9j7rUGXhePuGzAUzHp562ztgtcZWJkNMSjRTlrbcR

-- Dumped from database version 17.6
-- Dumped by pg_dump version 17.6

SET statement_timeout = 0;
SET lock_timeout = 0;
SET idle_in_transaction_session_timeout = 0;
SET transaction_timeout = 0;
SET client_encoding = 'UTF8';
SET standard_conforming_strings = on;
SELECT pg_catalog.set_config('search_path', '', false);
SET check_function_bodies = false;
SET xmloption = content;
SET client_min_messages = warning;
SET row_security = off;

--
-- Name: ags; Type: SCHEMA; Schema: -; Owner: postgres
--

CREATE SCHEMA ags;


ALTER SCHEMA ags OWNER TO postgres;

--
-- Name: mcl; Type: SCHEMA; Schema: -; Owner: postgres
--

CREATE SCHEMA mcl;


ALTER SCHEMA mcl OWNER TO postgres;

--
-- Name: check_column_problem_uniqueness(); Type: FUNCTION; Schema: mcl; Owner: postgres
--

CREATE FUNCTION mcl.check_column_problem_uniqueness() RETURNS trigger
    LANGUAGE plpgsql
    AS $$ DECLARE v_problem_id INTEGER; BEGIN SELECT s.problem_id INTO v_problem_id FROM mcl.column_problem_solutions s WHERE s.id = NEW.solution_id; IF v_problem_id IS NULL THEN RAISE EXCEPTION 'Способ решения проблем колонок % не найден', NEW.solution_id; END IF; IF EXISTS (SELECT 1 FROM mcl.mssql_columns_problems_mapping m JOIN mcl.column_problem_solutions s2 ON m.solution_id = s2.id WHERE m.column_id = NEW.column_id AND s2.problem_id = v_problem_id AND m.id != COALESCE(NEW.id, 0)) THEN RAISE EXCEPTION 'Колонка % уже имеет проблему %. Уникальность нарушена.', NEW.column_id, v_problem_id; END IF; RETURN NEW; END; $$;


ALTER FUNCTION mcl.check_column_problem_uniqueness() OWNER TO postgres;

--
-- Name: check_derived_type_problem_uniqueness(); Type: FUNCTION; Schema: mcl; Owner: postgres
--

CREATE FUNCTION mcl.check_derived_type_problem_uniqueness() RETURNS trigger
    LANGUAGE plpgsql
    AS $$
BEGIN
    IF EXISTS (
        SELECT 1
        FROM mcl.problems_ct_slt_mp
        WHERE derived_type_id = NEW.derived_type_id
          AND solution_id = NEW.solution_id
          AND solution_status = 'active'
          AND id IS DISTINCT FROM NEW.id
    ) THEN
        RAISE EXCEPTION 'Duplicate active problem for derived type % with solution %', NEW.derived_type_id, NEW.solution_id;
    END IF;
    RETURN NEW;
END;
$$;


ALTER FUNCTION mcl.check_derived_type_problem_uniqueness() OWNER TO postgres;

--
-- Name: check_table_problem_uniqueness(); Type: FUNCTION; Schema: mcl; Owner: postgres
--

CREATE FUNCTION mcl.check_table_problem_uniqueness() RETURNS trigger
    LANGUAGE plpgsql
    AS $$
DECLARE
    problem_id_val INTEGER;
    table_name_val VARCHAR(255);
    problem_name_val VARCHAR(255);
BEGIN
    -- Получение ID проблемы из способа решения
    SELECT problem_id INTO problem_id_val
    FROM mcl.problems_tb_slt 
    WHERE id = NEW.solution_id;
    
    -- Получение имен для информативного сообщения об ошибке
    SELECT object_name INTO table_name_val
    FROM mcl.mssql_tables 
    WHERE id = NEW.table_id;
    
    SELECT problem_name INTO problem_name_val
    FROM mcl.problems_tb 
    WHERE id = problem_id_val;
    
    -- Проверка уникальности связи таблица-проблема
    -- Ищем существующие связи между той же таблицей и той же проблемой
    IF EXISTS (
        SELECT 1 
        FROM mcl.problems_tb_slt_mp mp
        INNER JOIN mcl.problems_tb_slt s ON mp.solution_id = s.id
        WHERE mp.table_id = NEW.table_id 
        AND s.problem_id = problem_id_val
        AND mp.id != COALESCE(NEW.id, 0)  -- Исключаем текущую запись при UPDATE
    ) THEN
        RAISE EXCEPTION 'ОШИБКА УНИКАЛЬНОСТИ: Таблица ''%'' (ID: %) уже связана с проблемой ''%'' (ID: %). Одна таблица не может быть связана с одной проблемой дважды, даже разными способами решения.', 
            table_name_val, NEW.table_id, problem_name_val, problem_id_val;
    END IF;
    
    RETURN NEW;
END;
$$;


ALTER FUNCTION mcl.check_table_problem_uniqueness() OWNER TO postgres;

--
-- Name: decode_column_description(text); Type: FUNCTION; Schema: mcl; Owner: postgres
--

CREATE FUNCTION mcl.decode_column_description(hex_text text) RETURNS text
    LANGUAGE plpgsql
    AS $$ BEGIN RETURN convert_from(decode(replace(hex_text, '\x', ''), 'hex'), 'UTF8'); EXCEPTION WHEN OTHERS THEN RETURN hex_text; END; $$;


ALTER FUNCTION mcl.decode_column_description(hex_text text) OWNER TO postgres;

--
-- Name: normalize_check_constraint_name(character varying); Type: FUNCTION; Schema: mcl; Owner: postgres
--

CREATE FUNCTION mcl.normalize_check_constraint_name(source_name character varying) RETURNS character varying
    LANGUAGE sql
    AS $$SELECT LOWER(REGEXP_REPLACE(REGEXP_REPLACE(REGEXP_REPLACE(REGEXP_REPLACE(REGEXP_REPLACE(source_name, '^CK_', 'ck_', 'g'), '__+', '_', 'g'), '([a-z])([A-Z])', '\1_\2', 'g'), '[<>]', '_', 'g'), '[^a-z0-9_]', '_', 'g'))$$;


ALTER FUNCTION mcl.normalize_check_constraint_name(source_name character varying) OWNER TO postgres;

--
-- Name: normalize_constraint_name(character varying); Type: FUNCTION; Schema: mcl; Owner: postgres
--

CREATE FUNCTION mcl.normalize_constraint_name(source_name character varying) RETURNS character varying
    LANGUAGE sql
    AS $$SELECT LOWER(REGEXP_REPLACE(REGEXP_REPLACE(REGEXP_REPLACE(source_name, '__+', '_', 'g'), '([a-z])([A-Z])', '\1_\2', 'g'), '([A-Z])([A-Z][a-z])', '\1_\2', 'g'))$$;


ALTER FUNCTION mcl.normalize_constraint_name(source_name character varying) OWNER TO postgres;

--
-- Name: normalize_default_constraint_name(character varying); Type: FUNCTION; Schema: mcl; Owner: postgres
--

CREATE FUNCTION mcl.normalize_default_constraint_name(source_name character varying) RETURNS character varying
    LANGUAGE sql
    AS $$SELECT LOWER(REGEXP_REPLACE(REGEXP_REPLACE(REGEXP_REPLACE(source_name, '^DF_', 'df_', 'g'), '__+', '_', 'g'), '([a-z])([A-Z])', '\1_\2', 'g'))$$;


ALTER FUNCTION mcl.normalize_default_constraint_name(source_name character varying) OWNER TO postgres;

--
-- Name: normalize_foreign_key_name(character varying); Type: FUNCTION; Schema: mcl; Owner: postgres
--

CREATE FUNCTION mcl.normalize_foreign_key_name(source_name character varying) RETURNS character varying
    LANGUAGE sql IMMUTABLE
    AS $$SELECT LOWER(REGEXP_REPLACE(REGEXP_REPLACE(REGEXP_REPLACE(source_name, '^FK_', 'fk_'), '__+', '_', 'g'), '([a-z])([A-Z])', '\1_\2', 'g'))$$;


ALTER FUNCTION mcl.normalize_foreign_key_name(source_name character varying) OWNER TO postgres;

--
-- Name: normalize_index_name(character varying, boolean, boolean); Type: FUNCTION; Schema: mcl; Owner: postgres
--

CREATE FUNCTION mcl.normalize_index_name(source_name character varying, is_primary_key boolean, is_unique boolean) RETURNS character varying
    LANGUAGE sql IMMUTABLE
    AS $$SELECT CASE WHEN is_primary_key THEN 'pk_' || LOWER(REGEXP_REPLACE(REGEXP_REPLACE(source_name, '^PK_', ''), '([a-z])([A-Z])', '\1_\2', 'g')) WHEN is_unique THEN 'uk_' || LOWER(REGEXP_REPLACE(REGEXP_REPLACE(source_name, '^UK_|^UQ_', ''), '([a-z])([A-Z])', '\1_\2', 'g')) ELSE 'ix_' || LOWER(REGEXP_REPLACE(REGEXP_REPLACE(source_name, '^IX_|^IDX_', ''), '([a-z])([A-Z])', '\1_\2', 'g')) END$$;


ALTER FUNCTION mcl.normalize_index_name(source_name character varying, is_primary_key boolean, is_unique boolean) OWNER TO postgres;

--
-- Name: normalize_sequence_name(character varying); Type: FUNCTION; Schema: mcl; Owner: postgres
--

CREATE FUNCTION mcl.normalize_sequence_name(source_name character varying) RETURNS character varying
    LANGUAGE plpgsql
    AS $$
DECLARE
    result VARCHAR;
BEGIN
    -- Удаляем префикс SEQ_ и приводим к нижнему регистру
    result := LOWER(REGEXP_REPLACE(source_name, '^SEQ_', '', 'g'));
    
    -- Заменяем заглавные буквы на подчеркивания + строчные
    result := REGEXP_REPLACE(result, '([a-z])([A-Z])', '\1_\2', 'g');
    
    -- Заменяем множественные подчеркивания на одинарные
    result := REGEXP_REPLACE(result, '_+', '_', 'g');
    
    -- Удаляем недопустимые символы
    result := REGEXP_REPLACE(result, '[^a-z0-9_]', '_', 'g');
    
    -- Убираем подчеркивания в начале и конце
    result := TRIM(result, '_');
    
    -- Добавляем префикс seq_
    result := 'seq_' || result;
    
    -- Ограничиваем длину до 63 символов
    IF LENGTH(result) > 63 THEN
        result := LEFT(result, 60) || '_pg';
    END IF;
    
    RETURN result;
END;
$$;


ALTER FUNCTION mcl.normalize_sequence_name(source_name character varying) OWNER TO postgres;

--
-- Name: normalize_trigger_name(character varying); Type: FUNCTION; Schema: mcl; Owner: postgres
--

CREATE FUNCTION mcl.normalize_trigger_name(source_name character varying) RETURNS character varying
    LANGUAGE plpgsql
    AS $$
DECLARE
    result VARCHAR;
BEGIN
    -- Удаляем префикс TR_ и приводим к нижнему регистру
    result := LOWER(REGEXP_REPLACE(source_name, '^TR_', '', 'g'));
    
    -- Заменяем заглавные буквы на подчеркивания + строчные
    result := REGEXP_REPLACE(result, '([a-z])([A-Z])', '\1_\2', 'g');
    
    -- Заменяем множественные подчеркивания на одинарные
    result := REGEXP_REPLACE(result, '_+', '_', 'g');
    
    -- Удаляем недопустимые символы
    result := REGEXP_REPLACE(result, '[^a-z0-9_]', '_', 'g');
    
    -- Убираем подчеркивания в начале и конце
    result := TRIM(result, '_');
    
    -- Добавляем префикс tr_
    result := 'tr_' || result;
    
    -- Ограничиваем длину до 63 символов
    IF LENGTH(result) > 63 THEN
        result := LEFT(result, 60) || '_pg';
    END IF;
    
    RETURN result;
END;
$$;


ALTER FUNCTION mcl.normalize_trigger_name(source_name character varying) OWNER TO postgres;

--
-- Name: normalize_unique_constraint_name(character varying); Type: FUNCTION; Schema: mcl; Owner: postgres
--

CREATE FUNCTION mcl.normalize_unique_constraint_name(source_name character varying) RETURNS character varying
    LANGUAGE sql
    AS $$SELECT LOWER(REGEXP_REPLACE(REGEXP_REPLACE(REGEXP_REPLACE(source_name, '^UQ_', 'uq_', 'g'), '__+', '_', 'g'), '([a-z])([A-Z])', '\1_\2', 'g'))$$;


ALTER FUNCTION mcl.normalize_unique_constraint_name(source_name character varying) OWNER TO postgres;

SET default_tablespace = '';

SET default_table_access_method = heap;

--
-- Name: problems_cm_slt; Type: TABLE; Schema: mcl; Owner: postgres
--

CREATE TABLE mcl.problems_cm_slt (
    id integer NOT NULL,
    solution_name character varying(255) NOT NULL,
    solution_description text NOT NULL,
    solution_category character varying(100),
    complexity_level character varying(20) DEFAULT 'medium'::character varying,
    est_impl_time character varying(50),
    created_at timestamp without time zone DEFAULT CURRENT_TIMESTAMP,
    updated_at timestamp without time zone DEFAULT CURRENT_TIMESTAMP,
    problem_id integer
);


ALTER TABLE mcl.problems_cm_slt OWNER TO postgres;

--
-- Name: TABLE problems_cm_slt; Type: COMMENT; Schema: mcl; Owner: postgres
--

COMMENT ON TABLE mcl.problems_cm_slt IS 'Способы решения проблем с колонками. Связана с column_migration_problems отношением один-ко-многим. Одна проблема может иметь несколько способов решения.';


--
-- Name: COLUMN problems_cm_slt.est_impl_time; Type: COMMENT; Schema: mcl; Owner: postgres
--

COMMENT ON COLUMN mcl.problems_cm_slt.est_impl_time IS 'Оценка времени реализации решения проблемы (estimated implementation time)';


--
-- Name: column_problem_solutions_id_seq; Type: SEQUENCE; Schema: mcl; Owner: postgres
--

CREATE SEQUENCE mcl.column_problem_solutions_id_seq
    AS integer
    START WITH 1
    INCREMENT BY 1
    NO MINVALUE
    NO MAXVALUE
    CACHE 1;


ALTER SEQUENCE mcl.column_problem_solutions_id_seq OWNER TO postgres;

--
-- Name: column_problem_solutions_id_seq; Type: SEQUENCE OWNED BY; Schema: mcl; Owner: postgres
--

ALTER SEQUENCE mcl.column_problem_solutions_id_seq OWNED BY mcl.problems_cm_slt.id;


--
-- Name: column_type_problem_solutions_id_seq; Type: SEQUENCE; Schema: mcl; Owner: postgres
--

CREATE SEQUENCE mcl.column_type_problem_solutions_id_seq
    START WITH 1
    INCREMENT BY 1
    NO MINVALUE
    NO MAXVALUE
    CACHE 1;


ALTER SEQUENCE mcl.column_type_problem_solutions_id_seq OWNER TO postgres;

--
-- Name: problems; Type: TABLE; Schema: mcl; Owner: postgres
--

CREATE TABLE mcl.problems (
    id integer NOT NULL,
    problem_name character varying(255) NOT NULL,
    problem_description text NOT NULL,
    problem_category character varying(100),
    severity_level character varying(20) DEFAULT 'medium'::character varying,
    created_at timestamp without time zone DEFAULT CURRENT_TIMESTAMP,
    updated_at timestamp without time zone DEFAULT CURRENT_TIMESTAMP
);


ALTER TABLE mcl.problems OWNER TO postgres;

--
-- Name: TABLE problems; Type: COMMENT; Schema: mcl; Owner: postgres
--

COMMENT ON TABLE mcl.problems IS 'Родительская таблица для всех проблем миграции. Содержит общую информацию о проблемах, их категории, уровень серьезности и влияние на миграцию.';


--
-- Name: migration_problems_id_seq; Type: SEQUENCE; Schema: mcl; Owner: postgres
--

CREATE SEQUENCE mcl.migration_problems_id_seq
    AS integer
    START WITH 1
    INCREMENT BY 1
    NO MINVALUE
    NO MAXVALUE
    CACHE 1;


ALTER SEQUENCE mcl.migration_problems_id_seq OWNER TO postgres;

--
-- Name: migration_problems_id_seq; Type: SEQUENCE OWNED BY; Schema: mcl; Owner: postgres
--

ALTER SEQUENCE mcl.migration_problems_id_seq OWNED BY mcl.problems.id;


--
-- Name: migration_tasks; Type: TABLE; Schema: mcl; Owner: postgres
--

CREATE TABLE mcl.migration_tasks (
    id integer NOT NULL,
    description text NOT NULL,
    created_at timestamp without time zone DEFAULT CURRENT_TIMESTAMP,
    updated_at timestamp without time zone DEFAULT CURRENT_TIMESTAMP
);


ALTER TABLE mcl.migration_tasks OWNER TO postgres;

--
-- Name: TABLE migration_tasks; Type: COMMENT; Schema: mcl; Owner: postgres
--

COMMENT ON TABLE mcl.migration_tasks IS 'Центральная таблица для учета задач миграции. Содержит описание задач миграции и автоматически отслеживает даты создания и обновления.';


--
-- Name: migration_tasks_id_seq; Type: SEQUENCE; Schema: mcl; Owner: postgres
--

CREATE SEQUENCE mcl.migration_tasks_id_seq
    AS integer
    START WITH 1
    INCREMENT BY 1
    NO MINVALUE
    NO MAXVALUE
    CACHE 1;


ALTER SEQUENCE mcl.migration_tasks_id_seq OWNER TO postgres;

--
-- Name: migration_tasks_id_seq; Type: SEQUENCE OWNED BY; Schema: mcl; Owner: postgres
--

ALTER SEQUENCE mcl.migration_tasks_id_seq OWNED BY mcl.migration_tasks.id;


--
-- Name: mssql_base_types; Type: TABLE; Schema: mcl; Owner: postgres
--

CREATE TABLE mcl.mssql_base_types (
    id integer NOT NULL,
    base_type_name character varying(100),
    type_category character varying(50),
    type_family character varying(50),
    is_user_defined boolean,
    description text,
    created_at timestamp without time zone DEFAULT CURRENT_TIMESTAMP,
    updated_at timestamp without time zone DEFAULT CURRENT_TIMESTAMP,
    postgres_equivalent_type character varying(100),
    migration_complexity character varying(20),
    notes text,
    CONSTRAINT chk_mssql_base_types_category CHECK (((type_category)::text = ANY (ARRAY[('integer'::character varying)::text, ('decimal'::character varying)::text, ('float'::character varying)::text, ('string'::character varying)::text, ('datetime'::character varying)::text, ('boolean'::character varying)::text, ('binary'::character varying)::text, ('uuid'::character varying)::text, ('other'::character varying)::text]))),
    CONSTRAINT chk_mssql_base_types_family CHECK (((type_family)::text = ANY (ARRAY[('integer'::character varying)::text, ('decimal'::character varying)::text, ('float'::character varying)::text, ('string'::character varying)::text, ('datetime'::character varying)::text, ('boolean'::character varying)::text, ('binary'::character varying)::text, ('uuid'::character varying)::text, ('other'::character varying)::text])))
);


ALTER TABLE mcl.mssql_base_types OWNER TO postgres;

--
-- Name: TABLE mssql_base_types; Type: COMMENT; Schema: mcl; Owner: postgres
--

COMMENT ON TABLE mcl.mssql_base_types IS 'Базовые типы данных Microsoft SQL Server с наследованием от mssql_data_types. Содержит базовые типы (например, NVARCHAR, INT) и связь с задачами миграции.';


--
-- Name: mssql_base_types_id_seq; Type: SEQUENCE; Schema: mcl; Owner: postgres
--

CREATE SEQUENCE mcl.mssql_base_types_id_seq
    START WITH 1
    INCREMENT BY 1
    NO MINVALUE
    NO MAXVALUE
    CACHE 1;


ALTER SEQUENCE mcl.mssql_base_types_id_seq OWNER TO postgres;

--
-- Name: mssql_base_types_id_seq; Type: SEQUENCE OWNED BY; Schema: mcl; Owner: postgres
--

ALTER SEQUENCE mcl.mssql_base_types_id_seq OWNED BY mcl.mssql_base_types.id;


--
-- Name: mssql_check_constraints; Type: TABLE; Schema: mcl; Owner: postgres
--

CREATE TABLE mcl.mssql_check_constraints (
    id integer NOT NULL,
    table_id integer NOT NULL,
    constraint_name character varying(255) NOT NULL,
    definition text NOT NULL,
    is_disabled boolean DEFAULT false,
    is_not_trusted boolean DEFAULT false,
    created_at timestamp without time zone DEFAULT CURRENT_TIMESTAMP,
    updated_at timestamp without time zone DEFAULT CURRENT_TIMESTAMP,
    CONSTRAINT ck_mssql_check_constraints_definition_not_empty CHECK ((length(TRIM(BOTH FROM definition)) > 0)),
    CONSTRAINT ck_mssql_check_constraints_name_not_empty CHECK ((length(TRIM(BOTH FROM constraint_name)) > 0))
);


ALTER TABLE mcl.mssql_check_constraints OWNER TO postgres;

--
-- Name: mssql_check_constraints_id_seq; Type: SEQUENCE; Schema: mcl; Owner: postgres
--

CREATE SEQUENCE mcl.mssql_check_constraints_id_seq
    AS integer
    START WITH 1
    INCREMENT BY 1
    NO MINVALUE
    NO MAXVALUE
    CACHE 1;


ALTER SEQUENCE mcl.mssql_check_constraints_id_seq OWNER TO postgres;

--
-- Name: mssql_check_constraints_id_seq; Type: SEQUENCE OWNED BY; Schema: mcl; Owner: postgres
--

ALTER SEQUENCE mcl.mssql_check_constraints_id_seq OWNED BY mcl.mssql_check_constraints.id;


--
-- Name: mssql_columns; Type: TABLE; Schema: mcl; Owner: postgres
--

CREATE TABLE mcl.mssql_columns (
    id integer NOT NULL,
    table_id integer,
    data_type_id integer,
    column_name character varying(255) NOT NULL,
    ordinal_position integer,
    default_value text,
    is_identity boolean,
    identity_seed integer,
    identity_increment integer,
    is_computed boolean,
    computed_definition text,
    is_persisted boolean,
    created_at timestamp without time zone DEFAULT CURRENT_TIMESTAMP,
    updated_at timestamp without time zone DEFAULT CURRENT_TIMESTAMP,
    column_description text
);


ALTER TABLE mcl.mssql_columns OWNER TO postgres;

--
-- Name: TABLE mssql_columns; Type: COMMENT; Schema: mcl; Owner: postgres
--

COMMENT ON TABLE mcl.mssql_columns IS 'Колонки таблиц Microsoft SQL Server. Связаны с таблицами MS SQL через table_id. НЕ связаны напрямую с задачами миграции согласно схеме.';


--
-- Name: mssql_columns_id_seq; Type: SEQUENCE; Schema: mcl; Owner: postgres
--

CREATE SEQUENCE mcl.mssql_columns_id_seq
    AS integer
    START WITH 1
    INCREMENT BY 1
    NO MINVALUE
    NO MAXVALUE
    CACHE 1;


ALTER SEQUENCE mcl.mssql_columns_id_seq OWNER TO postgres;

--
-- Name: mssql_columns_id_seq; Type: SEQUENCE OWNED BY; Schema: mcl; Owner: postgres
--

ALTER SEQUENCE mcl.mssql_columns_id_seq OWNED BY mcl.mssql_columns.id;


--
-- Name: problems_cm_slt_mp; Type: TABLE; Schema: mcl; Owner: postgres
--

CREATE TABLE mcl.problems_cm_slt_mp (
    id integer NOT NULL,
    column_id integer,
    solution_id integer,
    solution_status character varying(20) DEFAULT 'active'::character varying,
    problem_detected_date timestamp without time zone DEFAULT CURRENT_TIMESTAMP,
    problem_resolved_date timestamp without time zone,
    resolution_notes text,
    created_at timestamp without time zone DEFAULT CURRENT_TIMESTAMP,
    updated_at timestamp without time zone DEFAULT CURRENT_TIMESTAMP,
    CONSTRAINT mssql_columns_problems_mapping_solution_status_check CHECK (((solution_status)::text = ANY (ARRAY[('active'::character varying)::text, ('resolved'::character varying)::text])))
);


ALTER TABLE mcl.problems_cm_slt_mp OWNER TO postgres;

--
-- Name: TABLE problems_cm_slt_mp; Type: COMMENT; Schema: mcl; Owner: postgres
--

COMMENT ON TABLE mcl.problems_cm_slt_mp IS 'Промежуточная таблица связи между колонками MS SQL и способами решения проблем. Обеспечивает связь многие-ко-многим с автоматическим контролем уникальности колонка-проблема через триггер.';


--
-- Name: mssql_columns_problems_mapping_id_seq; Type: SEQUENCE; Schema: mcl; Owner: postgres
--

CREATE SEQUENCE mcl.mssql_columns_problems_mapping_id_seq
    AS integer
    START WITH 1
    INCREMENT BY 1
    NO MINVALUE
    NO MAXVALUE
    CACHE 1;


ALTER SEQUENCE mcl.mssql_columns_problems_mapping_id_seq OWNER TO postgres;

--
-- Name: mssql_columns_problems_mapping_id_seq; Type: SEQUENCE OWNED BY; Schema: mcl; Owner: postgres
--

ALTER SEQUENCE mcl.mssql_columns_problems_mapping_id_seq OWNED BY mcl.problems_cm_slt_mp.id;


--
-- Name: mssql_default_constraints; Type: TABLE; Schema: mcl; Owner: postgres
--

CREATE TABLE mcl.mssql_default_constraints (
    id integer NOT NULL,
    table_id integer NOT NULL,
    column_id integer NOT NULL,
    constraint_name character varying(255) NOT NULL,
    definition text NOT NULL,
    is_system_named boolean DEFAULT false,
    created_at timestamp without time zone DEFAULT CURRENT_TIMESTAMP,
    updated_at timestamp without time zone DEFAULT CURRENT_TIMESTAMP,
    CONSTRAINT ck_mssql_default_constraints_definition_not_empty CHECK ((length(TRIM(BOTH FROM definition)) > 0)),
    CONSTRAINT ck_mssql_default_constraints_name_not_empty CHECK ((length(TRIM(BOTH FROM constraint_name)) > 0))
);


ALTER TABLE mcl.mssql_default_constraints OWNER TO postgres;

--
-- Name: mssql_default_constraints_id_seq; Type: SEQUENCE; Schema: mcl; Owner: postgres
--

CREATE SEQUENCE mcl.mssql_default_constraints_id_seq
    AS integer
    START WITH 1
    INCREMENT BY 1
    NO MINVALUE
    NO MAXVALUE
    CACHE 1;


ALTER SEQUENCE mcl.mssql_default_constraints_id_seq OWNER TO postgres;

--
-- Name: mssql_default_constraints_id_seq; Type: SEQUENCE OWNED BY; Schema: mcl; Owner: postgres
--

ALTER SEQUENCE mcl.mssql_default_constraints_id_seq OWNED BY mcl.mssql_default_constraints.id;


--
-- Name: mssql_derived_types; Type: TABLE; Schema: mcl; Owner: postgres
--

CREATE TABLE mcl.mssql_derived_types (
    id integer NOT NULL,
    task_id integer,
    is_nullable boolean,
    default_precision integer,
    default_scale integer,
    max_length integer,
    created_at timestamp without time zone DEFAULT CURRENT_TIMESTAMP,
    updated_at timestamp without time zone DEFAULT CURRENT_TIMESTAMP,
    base_type_id integer,
    precision_value integer,
    scale_value integer,
    length_value integer,
    max_value character varying(10),
    parameter_value character varying(50),
    is_max_length boolean,
    is_variable_length boolean,
    postgres_parameters text,
    validation_rules text,
    collation_name character varying(100),
    CONSTRAINT chk_mssql_derived_types_length_params CHECK ((NOT ((length_value IS NULL) AND (max_value IS NULL) AND (is_variable_length = true)))),
    CONSTRAINT chk_mssql_derived_types_numeric_params CHECK ((NOT ((precision_value IS NULL) AND (scale_value IS NULL) AND (base_type_id = ANY (ARRAY[7, 8])))))
);


ALTER TABLE mcl.mssql_derived_types OWNER TO postgres;

--
-- Name: TABLE mssql_derived_types; Type: COMMENT; Schema: mcl; Owner: postgres
--

COMMENT ON TABLE mcl.mssql_derived_types IS 'Производные типы данных Microsoft SQL Server с наследованием от mssql_data_types. Содержит производные типы (например, NVARCHAR(255), NVARCHAR(MAX)) и связь с базовыми типами через base_type_id.';


--
-- Name: mssql_derived_types_id_seq; Type: SEQUENCE; Schema: mcl; Owner: postgres
--

CREATE SEQUENCE mcl.mssql_derived_types_id_seq
    START WITH 1
    INCREMENT BY 1
    NO MINVALUE
    NO MAXVALUE
    CACHE 1;


ALTER SEQUENCE mcl.mssql_derived_types_id_seq OWNER TO postgres;

--
-- Name: mssql_derived_types_id_seq; Type: SEQUENCE OWNED BY; Schema: mcl; Owner: postgres
--

ALTER SEQUENCE mcl.mssql_derived_types_id_seq OWNED BY mcl.mssql_derived_types.id;


--
-- Name: mssql_derived_types_problems_mapping_id_seq; Type: SEQUENCE; Schema: mcl; Owner: postgres
--

CREATE SEQUENCE mcl.mssql_derived_types_problems_mapping_id_seq
    START WITH 1
    INCREMENT BY 1
    NO MINVALUE
    NO MAXVALUE
    CACHE 1;


ALTER SEQUENCE mcl.mssql_derived_types_problems_mapping_id_seq OWNER TO postgres;

--
-- Name: mssql_foreign_key_columns; Type: TABLE; Schema: mcl; Owner: postgres
--

CREATE TABLE mcl.mssql_foreign_key_columns (
    id integer NOT NULL,
    foreign_key_id integer NOT NULL,
    column_id integer NOT NULL,
    referenced_column_id integer NOT NULL,
    ordinal_position integer NOT NULL,
    created_at timestamp without time zone DEFAULT CURRENT_TIMESTAMP,
    updated_at timestamp without time zone DEFAULT CURRENT_TIMESTAMP,
    CONSTRAINT ck_mssql_foreign_key_columns_max_columns CHECK ((ordinal_position <= 16)),
    CONSTRAINT ck_mssql_foreign_key_columns_no_self_reference CHECK ((column_id <> referenced_column_id)),
    CONSTRAINT ck_mssql_foreign_key_columns_ordinal_position CHECK ((ordinal_position > 0))
);


ALTER TABLE mcl.mssql_foreign_key_columns OWNER TO postgres;

--
-- Name: TABLE mssql_foreign_key_columns; Type: COMMENT; Schema: mcl; Owner: postgres
--

COMMENT ON TABLE mcl.mssql_foreign_key_columns IS 'Связи исходных внешних ключей MS SQL Server с колонками';


--
-- Name: COLUMN mssql_foreign_key_columns.id; Type: COMMENT; Schema: mcl; Owner: postgres
--

COMMENT ON COLUMN mcl.mssql_foreign_key_columns.id IS 'Уникальный идентификатор связи';


--
-- Name: COLUMN mssql_foreign_key_columns.foreign_key_id; Type: COMMENT; Schema: mcl; Owner: postgres
--

COMMENT ON COLUMN mcl.mssql_foreign_key_columns.foreign_key_id IS 'Ссылка на внешний ключ (FK → mssql_foreign_keys)';


--
-- Name: COLUMN mssql_foreign_key_columns.column_id; Type: COMMENT; Schema: mcl; Owner: postgres
--

COMMENT ON COLUMN mcl.mssql_foreign_key_columns.column_id IS 'Ссылка на колонку в исходной таблице (FK → mssql_columns)';


--
-- Name: COLUMN mssql_foreign_key_columns.referenced_column_id; Type: COMMENT; Schema: mcl; Owner: postgres
--

COMMENT ON COLUMN mcl.mssql_foreign_key_columns.referenced_column_id IS 'Ссылка на колонку в таблице, на которую ссылается внешний ключ (FK → mssql_columns)';


--
-- Name: COLUMN mssql_foreign_key_columns.ordinal_position; Type: COMMENT; Schema: mcl; Owner: postgres
--

COMMENT ON COLUMN mcl.mssql_foreign_key_columns.ordinal_position IS 'Порядковый номер колонки во внешнем ключе (начинается с 1)';


--
-- Name: COLUMN mssql_foreign_key_columns.created_at; Type: COMMENT; Schema: mcl; Owner: postgres
--

COMMENT ON COLUMN mcl.mssql_foreign_key_columns.created_at IS 'Дата создания записи';


--
-- Name: COLUMN mssql_foreign_key_columns.updated_at; Type: COMMENT; Schema: mcl; Owner: postgres
--

COMMENT ON COLUMN mcl.mssql_foreign_key_columns.updated_at IS 'Дата последнего обновления записи';


--
-- Name: mssql_foreign_key_columns_id_seq; Type: SEQUENCE; Schema: mcl; Owner: postgres
--

CREATE SEQUENCE mcl.mssql_foreign_key_columns_id_seq
    AS integer
    START WITH 1
    INCREMENT BY 1
    NO MINVALUE
    NO MAXVALUE
    CACHE 1;


ALTER SEQUENCE mcl.mssql_foreign_key_columns_id_seq OWNER TO postgres;

--
-- Name: mssql_foreign_key_columns_id_seq; Type: SEQUENCE OWNED BY; Schema: mcl; Owner: postgres
--

ALTER SEQUENCE mcl.mssql_foreign_key_columns_id_seq OWNED BY mcl.mssql_foreign_key_columns.id;


--
-- Name: mssql_foreign_keys; Type: TABLE; Schema: mcl; Owner: postgres
--

CREATE TABLE mcl.mssql_foreign_keys (
    id integer NOT NULL,
    table_id integer NOT NULL,
    referenced_table_id integer NOT NULL,
    constraint_name character varying(255) NOT NULL,
    is_disabled boolean DEFAULT false,
    is_not_trusted boolean DEFAULT false,
    delete_action character varying(20) DEFAULT 'NO_ACTION'::character varying,
    update_action character varying(20) DEFAULT 'NO_ACTION'::character varying,
    created_at timestamp without time zone DEFAULT CURRENT_TIMESTAMP,
    updated_at timestamp without time zone DEFAULT CURRENT_TIMESTAMP,
    CONSTRAINT ck_mssql_foreign_keys_constraint_name_format CHECK (((constraint_name)::text ~ '^[A-Za-z][A-Za-z0-9_]*$'::text)),
    CONSTRAINT ck_mssql_foreign_keys_constraint_name_length CHECK ((length((constraint_name)::text) <= 128)),
    CONSTRAINT ck_mssql_foreign_keys_constraint_name_not_empty CHECK ((length(TRIM(BOTH FROM constraint_name)) > 0)),
    CONSTRAINT ck_mssql_foreign_keys_delete_action CHECK (((delete_action)::text = ANY (ARRAY[('NO_ACTION'::character varying)::text, ('CASCADE'::character varying)::text, ('SET_NULL'::character varying)::text, ('SET_DEFAULT'::character varying)::text]))),
    CONSTRAINT ck_mssql_foreign_keys_logical_consistency CHECK ((NOT ((is_disabled = true) AND (is_not_trusted = false)))),
    CONSTRAINT ck_mssql_foreign_keys_no_self_reference CHECK ((table_id <> referenced_table_id)),
    CONSTRAINT ck_mssql_foreign_keys_update_action CHECK (((update_action)::text = ANY (ARRAY[('NO_ACTION'::character varying)::text, ('CASCADE'::character varying)::text, ('SET_NULL'::character varying)::text, ('SET_DEFAULT'::character varying)::text])))
);


ALTER TABLE mcl.mssql_foreign_keys OWNER TO postgres;

--
-- Name: TABLE mssql_foreign_keys; Type: COMMENT; Schema: mcl; Owner: postgres
--

COMMENT ON TABLE mcl.mssql_foreign_keys IS 'Исходные внешние ключи MS SQL Server';


--
-- Name: COLUMN mssql_foreign_keys.id; Type: COMMENT; Schema: mcl; Owner: postgres
--

COMMENT ON COLUMN mcl.mssql_foreign_keys.id IS 'Уникальный идентификатор внешнего ключа';


--
-- Name: COLUMN mssql_foreign_keys.table_id; Type: COMMENT; Schema: mcl; Owner: postgres
--

COMMENT ON COLUMN mcl.mssql_foreign_keys.table_id IS 'Ссылка на исходную таблицу (FK → mssql_tables)';


--
-- Name: COLUMN mssql_foreign_keys.referenced_table_id; Type: COMMENT; Schema: mcl; Owner: postgres
--

COMMENT ON COLUMN mcl.mssql_foreign_keys.referenced_table_id IS 'Ссылка на таблицу, на которую ссылается внешний ключ (FK → mssql_tables)';


--
-- Name: COLUMN mssql_foreign_keys.constraint_name; Type: COMMENT; Schema: mcl; Owner: postgres
--

COMMENT ON COLUMN mcl.mssql_foreign_keys.constraint_name IS 'Имя ограничения внешнего ключа в MS SQL Server';


--
-- Name: COLUMN mssql_foreign_keys.is_disabled; Type: COMMENT; Schema: mcl; Owner: postgres
--

COMMENT ON COLUMN mcl.mssql_foreign_keys.is_disabled IS 'Отключен ли внешний ключ';


--
-- Name: COLUMN mssql_foreign_keys.is_not_trusted; Type: COMMENT; Schema: mcl; Owner: postgres
--

COMMENT ON COLUMN mcl.mssql_foreign_keys.is_not_trusted IS 'Не доверенный ли внешний ключ (проверка целостности отключена)';


--
-- Name: COLUMN mssql_foreign_keys.delete_action; Type: COMMENT; Schema: mcl; Owner: postgres
--

COMMENT ON COLUMN mcl.mssql_foreign_keys.delete_action IS 'Действие при удалении: NO_ACTION, CASCADE, SET_NULL, SET_DEFAULT';


--
-- Name: COLUMN mssql_foreign_keys.update_action; Type: COMMENT; Schema: mcl; Owner: postgres
--

COMMENT ON COLUMN mcl.mssql_foreign_keys.update_action IS 'Действие при обновлении: NO_ACTION, CASCADE, SET_NULL, SET_DEFAULT';


--
-- Name: COLUMN mssql_foreign_keys.created_at; Type: COMMENT; Schema: mcl; Owner: postgres
--

COMMENT ON COLUMN mcl.mssql_foreign_keys.created_at IS 'Дата создания записи';


--
-- Name: COLUMN mssql_foreign_keys.updated_at; Type: COMMENT; Schema: mcl; Owner: postgres
--

COMMENT ON COLUMN mcl.mssql_foreign_keys.updated_at IS 'Дата последнего обновления записи';


--
-- Name: mssql_foreign_keys_id_seq; Type: SEQUENCE; Schema: mcl; Owner: postgres
--

CREATE SEQUENCE mcl.mssql_foreign_keys_id_seq
    AS integer
    START WITH 1
    INCREMENT BY 1
    NO MINVALUE
    NO MAXVALUE
    CACHE 1;


ALTER SEQUENCE mcl.mssql_foreign_keys_id_seq OWNER TO postgres;

--
-- Name: mssql_foreign_keys_id_seq; Type: SEQUENCE OWNED BY; Schema: mcl; Owner: postgres
--

ALTER SEQUENCE mcl.mssql_foreign_keys_id_seq OWNED BY mcl.mssql_foreign_keys.id;


--
-- Name: mssql_objects; Type: TABLE; Schema: mcl; Owner: postgres
--

CREATE TABLE mcl.mssql_objects (
    id integer NOT NULL,
    task_id integer,
    object_name character varying(255) NOT NULL,
    object_type character varying(50) NOT NULL,
    schema_name character varying(100) NOT NULL,
    migration_status character varying(50) DEFAULT 'pending'::character varying,
    migration_date timestamp without time zone,
    error_message text,
    create_date timestamp without time zone,
    modify_date timestamp without time zone,
    object_id integer,
    created_at timestamp without time zone DEFAULT CURRENT_TIMESTAMP,
    updated_at timestamp without time zone DEFAULT CURRENT_TIMESTAMP,
    object_type_description character varying(255),
    object_description character varying(2000)
);


ALTER TABLE mcl.mssql_objects OWNER TO postgres;

--
-- Name: TABLE mssql_objects; Type: COMMENT; Schema: mcl; Owner: postgres
--

COMMENT ON TABLE mcl.mssql_objects IS 'Родительская таблица для всех объектов Microsoft SQL Server. Содержит базовую информацию об объектах и связь с задачами миграции через task_id.';


--
-- Name: mssql_functions; Type: TABLE; Schema: mcl; Owner: postgres
--

CREATE TABLE mcl.mssql_functions (
    function_definition text,
    return_type character varying(100),
    parameter_count integer,
    is_deterministic boolean,
    function_type character varying(20),
    postgres_function_name character varying(255),
    postgres_function_definition text,
    migration_duration interval
)
INHERITS (mcl.mssql_objects);


ALTER TABLE mcl.mssql_functions OWNER TO postgres;

--
-- Name: TABLE mssql_functions; Type: COMMENT; Schema: mcl; Owner: postgres
--

COMMENT ON TABLE mcl.mssql_functions IS 'Функции Microsoft SQL Server с наследованием от mssql_objects. Содержит информацию о функциях MS SQL и связь с задачами миграции.';


--
-- Name: mssql_identity_columns; Type: TABLE; Schema: mcl; Owner: postgres
--

CREATE TABLE mcl.mssql_identity_columns (
    id integer NOT NULL,
    table_id integer NOT NULL,
    column_id integer NOT NULL,
    seed_value bigint DEFAULT 1 NOT NULL,
    increment_value bigint DEFAULT 1 NOT NULL,
    current_value bigint,
    is_not_for_replication boolean DEFAULT false NOT NULL,
    created_at timestamp without time zone DEFAULT CURRENT_TIMESTAMP,
    updated_at timestamp without time zone DEFAULT CURRENT_TIMESTAMP,
    CONSTRAINT ck_mssql_identity_columns_current CHECK (((current_value IS NULL) OR (current_value >= seed_value))),
    CONSTRAINT ck_mssql_identity_columns_increment CHECK ((increment_value >= 1)),
    CONSTRAINT ck_mssql_identity_columns_seed CHECK ((seed_value >= 1))
);


ALTER TABLE mcl.mssql_identity_columns OWNER TO postgres;

--
-- Name: mssql_identity_columns_id_seq; Type: SEQUENCE; Schema: mcl; Owner: postgres
--

CREATE SEQUENCE mcl.mssql_identity_columns_id_seq
    AS integer
    START WITH 1
    INCREMENT BY 1
    NO MINVALUE
    NO MAXVALUE
    CACHE 1;


ALTER SEQUENCE mcl.mssql_identity_columns_id_seq OWNER TO postgres;

--
-- Name: mssql_identity_columns_id_seq; Type: SEQUENCE OWNED BY; Schema: mcl; Owner: postgres
--

ALTER SEQUENCE mcl.mssql_identity_columns_id_seq OWNED BY mcl.mssql_identity_columns.id;


--
-- Name: mssql_index_columns; Type: TABLE; Schema: mcl; Owner: postgres
--

CREATE TABLE mcl.mssql_index_columns (
    id integer NOT NULL,
    index_id integer NOT NULL,
    column_id integer NOT NULL,
    ordinal_position integer NOT NULL,
    is_descending boolean DEFAULT false,
    is_included_column boolean DEFAULT false,
    created_at timestamp without time zone DEFAULT CURRENT_TIMESTAMP,
    updated_at timestamp without time zone DEFAULT CURRENT_TIMESTAMP,
    CONSTRAINT ck_mssql_index_columns_max_columns CHECK ((ordinal_position <= 16)),
    CONSTRAINT mssql_index_columns_ordinal_position_check CHECK ((ordinal_position > 0))
);


ALTER TABLE mcl.mssql_index_columns OWNER TO postgres;

--
-- Name: mssql_index_columns_id_seq; Type: SEQUENCE; Schema: mcl; Owner: postgres
--

CREATE SEQUENCE mcl.mssql_index_columns_id_seq
    AS integer
    START WITH 1
    INCREMENT BY 1
    NO MINVALUE
    NO MAXVALUE
    CACHE 1;


ALTER SEQUENCE mcl.mssql_index_columns_id_seq OWNER TO postgres;

--
-- Name: mssql_index_columns_id_seq; Type: SEQUENCE OWNED BY; Schema: mcl; Owner: postgres
--

ALTER SEQUENCE mcl.mssql_index_columns_id_seq OWNED BY mcl.mssql_index_columns.id;


--
-- Name: mssql_indexes; Type: TABLE; Schema: mcl; Owner: postgres
--

CREATE TABLE mcl.mssql_indexes (
    id integer NOT NULL,
    table_id integer NOT NULL,
    index_name character varying(255) NOT NULL,
    index_type character varying(20) NOT NULL,
    is_unique boolean DEFAULT false,
    is_primary_key boolean DEFAULT false,
    is_disabled boolean DEFAULT false,
    fill_factor integer,
    is_padded boolean DEFAULT false,
    allow_row_locks boolean DEFAULT true,
    allow_page_locks boolean DEFAULT true,
    created_at timestamp without time zone DEFAULT CURRENT_TIMESTAMP,
    updated_at timestamp without time zone DEFAULT CURRENT_TIMESTAMP,
    CONSTRAINT ck_mssql_indexes_name_length CHECK ((length((index_name)::text) <= 128)),
    CONSTRAINT ck_mssql_indexes_name_not_empty CHECK ((length(TRIM(BOTH FROM index_name)) > 0)),
    CONSTRAINT mssql_indexes_fill_factor_check CHECK (((fill_factor >= 0) AND (fill_factor <= 100))),
    CONSTRAINT mssql_indexes_index_type_check CHECK (((index_type)::text = ANY (ARRAY[('CLUSTERED'::character varying)::text, ('NONCLUSTERED'::character varying)::text])))
);


ALTER TABLE mcl.mssql_indexes OWNER TO postgres;

--
-- Name: mssql_indexes_id_seq; Type: SEQUENCE; Schema: mcl; Owner: postgres
--

CREATE SEQUENCE mcl.mssql_indexes_id_seq
    AS integer
    START WITH 1
    INCREMENT BY 1
    NO MINVALUE
    NO MAXVALUE
    CACHE 1;


ALTER SEQUENCE mcl.mssql_indexes_id_seq OWNER TO postgres;

--
-- Name: mssql_indexes_id_seq; Type: SEQUENCE OWNED BY; Schema: mcl; Owner: postgres
--

ALTER SEQUENCE mcl.mssql_indexes_id_seq OWNED BY mcl.mssql_indexes.id;


--
-- Name: mssql_objects_id_seq; Type: SEQUENCE; Schema: mcl; Owner: postgres
--

CREATE SEQUENCE mcl.mssql_objects_id_seq
    AS integer
    START WITH 1
    INCREMENT BY 1
    NO MINVALUE
    NO MAXVALUE
    CACHE 1;


ALTER SEQUENCE mcl.mssql_objects_id_seq OWNER TO postgres;

--
-- Name: mssql_objects_id_seq; Type: SEQUENCE OWNED BY; Schema: mcl; Owner: postgres
--

ALTER SEQUENCE mcl.mssql_objects_id_seq OWNED BY mcl.mssql_objects.id;


--
-- Name: mssql_primary_key_columns; Type: TABLE; Schema: mcl; Owner: postgres
--

CREATE TABLE mcl.mssql_primary_key_columns (
    id integer NOT NULL,
    primary_key_id integer NOT NULL,
    column_id integer NOT NULL,
    ordinal_position integer NOT NULL,
    created_at timestamp without time zone DEFAULT CURRENT_TIMESTAMP,
    updated_at timestamp without time zone DEFAULT CURRENT_TIMESTAMP,
    CONSTRAINT ck_mssql_primary_key_columns_ordinal_position CHECK ((ordinal_position > 0))
);


ALTER TABLE mcl.mssql_primary_key_columns OWNER TO postgres;

--
-- Name: TABLE mssql_primary_key_columns; Type: COMMENT; Schema: mcl; Owner: postgres
--

COMMENT ON TABLE mcl.mssql_primary_key_columns IS 'Связи исходных первичных ключей MS SQL с исходными колонками';


--
-- Name: COLUMN mssql_primary_key_columns.id; Type: COMMENT; Schema: mcl; Owner: postgres
--

COMMENT ON COLUMN mcl.mssql_primary_key_columns.id IS 'Уникальный идентификатор связи';


--
-- Name: COLUMN mssql_primary_key_columns.primary_key_id; Type: COMMENT; Schema: mcl; Owner: postgres
--

COMMENT ON COLUMN mcl.mssql_primary_key_columns.primary_key_id IS 'Ссылка на первичный ключ (FK → mssql_primary_keys)';


--
-- Name: COLUMN mssql_primary_key_columns.column_id; Type: COMMENT; Schema: mcl; Owner: postgres
--

COMMENT ON COLUMN mcl.mssql_primary_key_columns.column_id IS 'Ссылка на колонку (FK → mssql_columns)';


--
-- Name: COLUMN mssql_primary_key_columns.ordinal_position; Type: COMMENT; Schema: mcl; Owner: postgres
--

COMMENT ON COLUMN mcl.mssql_primary_key_columns.ordinal_position IS 'Порядковый номер колонки в первичном ключе (начинается с 1)';


--
-- Name: COLUMN mssql_primary_key_columns.created_at; Type: COMMENT; Schema: mcl; Owner: postgres
--

COMMENT ON COLUMN mcl.mssql_primary_key_columns.created_at IS 'Дата создания записи';


--
-- Name: COLUMN mssql_primary_key_columns.updated_at; Type: COMMENT; Schema: mcl; Owner: postgres
--

COMMENT ON COLUMN mcl.mssql_primary_key_columns.updated_at IS 'Дата последнего обновления записи';


--
-- Name: mssql_primary_key_columns_id_seq; Type: SEQUENCE; Schema: mcl; Owner: postgres
--

CREATE SEQUENCE mcl.mssql_primary_key_columns_id_seq
    AS integer
    START WITH 1
    INCREMENT BY 1
    NO MINVALUE
    NO MAXVALUE
    CACHE 1;


ALTER SEQUENCE mcl.mssql_primary_key_columns_id_seq OWNER TO postgres;

--
-- Name: mssql_primary_key_columns_id_seq; Type: SEQUENCE OWNED BY; Schema: mcl; Owner: postgres
--

ALTER SEQUENCE mcl.mssql_primary_key_columns_id_seq OWNED BY mcl.mssql_primary_key_columns.id;


--
-- Name: mssql_primary_keys; Type: TABLE; Schema: mcl; Owner: postgres
--

CREATE TABLE mcl.mssql_primary_keys (
    id integer NOT NULL,
    table_id integer NOT NULL,
    constraint_name character varying(255) NOT NULL,
    is_clustered boolean DEFAULT true,
    created_at timestamp without time zone DEFAULT CURRENT_TIMESTAMP,
    updated_at timestamp without time zone DEFAULT CURRENT_TIMESTAMP,
    pk_type character varying(50) DEFAULT 'PRIMARY'::character varying NOT NULL,
    pk_ordinal_position integer DEFAULT 1 NOT NULL,
    CONSTRAINT ck_mssql_primary_keys_pk_ordinal_position CHECK ((pk_ordinal_position > 0)),
    CONSTRAINT ck_mssql_primary_keys_pk_type CHECK (((pk_type)::text = ANY (ARRAY[('PRIMARY'::character varying)::text, ('UNIQUE'::character varying)::text, ('CLUSTERED'::character varying)::text, ('NONCLUSTERED'::character varying)::text, ('COMPOSITE'::character varying)::text])))
);


ALTER TABLE mcl.mssql_primary_keys OWNER TO postgres;

--
-- Name: TABLE mssql_primary_keys; Type: COMMENT; Schema: mcl; Owner: postgres
--

COMMENT ON TABLE mcl.mssql_primary_keys IS 'Исходные первичные ключи MS SQL Server';


--
-- Name: COLUMN mssql_primary_keys.id; Type: COMMENT; Schema: mcl; Owner: postgres
--

COMMENT ON COLUMN mcl.mssql_primary_keys.id IS 'Уникальный идентификатор первичного ключа';


--
-- Name: COLUMN mssql_primary_keys.table_id; Type: COMMENT; Schema: mcl; Owner: postgres
--

COMMENT ON COLUMN mcl.mssql_primary_keys.table_id IS 'Ссылка на таблицу (FK → mssql_tables)';


--
-- Name: COLUMN mssql_primary_keys.constraint_name; Type: COMMENT; Schema: mcl; Owner: postgres
--

COMMENT ON COLUMN mcl.mssql_primary_keys.constraint_name IS 'Имя ограничения первичного ключа';


--
-- Name: COLUMN mssql_primary_keys.is_clustered; Type: COMMENT; Schema: mcl; Owner: postgres
--

COMMENT ON COLUMN mcl.mssql_primary_keys.is_clustered IS 'Является ли ключ кластеризованным';


--
-- Name: COLUMN mssql_primary_keys.created_at; Type: COMMENT; Schema: mcl; Owner: postgres
--

COMMENT ON COLUMN mcl.mssql_primary_keys.created_at IS 'Дата создания записи';


--
-- Name: COLUMN mssql_primary_keys.updated_at; Type: COMMENT; Schema: mcl; Owner: postgres
--

COMMENT ON COLUMN mcl.mssql_primary_keys.updated_at IS 'Дата последнего обновления записи';


--
-- Name: COLUMN mssql_primary_keys.pk_type; Type: COMMENT; Schema: mcl; Owner: postgres
--

COMMENT ON COLUMN mcl.mssql_primary_keys.pk_type IS 'Тип первичного ключа: PRIMARY, UNIQUE, CLUSTERED, NONCLUSTERED';


--
-- Name: COLUMN mssql_primary_keys.pk_ordinal_position; Type: COMMENT; Schema: mcl; Owner: postgres
--

COMMENT ON COLUMN mcl.mssql_primary_keys.pk_ordinal_position IS 'Порядковый номер первичного ключа в таблице (начинается с 1)';


--
-- Name: mssql_primary_keys_id_seq; Type: SEQUENCE; Schema: mcl; Owner: postgres
--

CREATE SEQUENCE mcl.mssql_primary_keys_id_seq
    AS integer
    START WITH 1
    INCREMENT BY 1
    NO MINVALUE
    NO MAXVALUE
    CACHE 1;


ALTER SEQUENCE mcl.mssql_primary_keys_id_seq OWNER TO postgres;

--
-- Name: mssql_primary_keys_id_seq; Type: SEQUENCE OWNED BY; Schema: mcl; Owner: postgres
--

ALTER SEQUENCE mcl.mssql_primary_keys_id_seq OWNED BY mcl.mssql_primary_keys.id;


--
-- Name: mssql_stored_procedures; Type: TABLE; Schema: mcl; Owner: postgres
--

CREATE TABLE mcl.mssql_stored_procedures (
    procedure_definition text,
    parameter_count integer,
    is_encrypted boolean,
    postgres_function_name character varying(255),
    postgres_function_definition text,
    migration_duration interval
)
INHERITS (mcl.mssql_objects);


ALTER TABLE mcl.mssql_stored_procedures OWNER TO postgres;

--
-- Name: TABLE mssql_stored_procedures; Type: COMMENT; Schema: mcl; Owner: postgres
--

COMMENT ON TABLE mcl.mssql_stored_procedures IS 'Хранимые процедуры Microsoft SQL Server с наследованием от mssql_objects. Содержит информацию о хранимых процедурах MS SQL и связь с задачами миграции.';


--
-- Name: mssql_tables; Type: TABLE; Schema: mcl; Owner: postgres
--

CREATE TABLE mcl.mssql_tables (
    table_size bigint,
    row_count integer,
    primary_key_count integer,
    foreign_key_count integer,
    index_count integer,
    trigger_count integer,
    column_count integer,
    max_column_length integer,
    migration_duration interval,
    data_transfer_size bigint,
    table_catalog character varying(100)
)
INHERITS (mcl.mssql_objects);


ALTER TABLE mcl.mssql_tables OWNER TO postgres;

--
-- Name: TABLE mssql_tables; Type: COMMENT; Schema: mcl; Owner: postgres
--

COMMENT ON TABLE mcl.mssql_tables IS 'Таблицы Microsoft SQL Server с наследованием от mssql_objects. Содержит информацию о таблицах MS SQL и связь с задачами миграции.';


--
-- Name: problems_tb_slt_mp; Type: TABLE; Schema: mcl; Owner: postgres
--

CREATE TABLE mcl.problems_tb_slt_mp (
    id integer NOT NULL,
    table_id integer,
    solution_id integer,
    solution_status character varying(20) DEFAULT 'active'::character varying,
    problem_detected_date timestamp without time zone DEFAULT CURRENT_TIMESTAMP,
    problem_resolved_date timestamp without time zone,
    resolution_notes text,
    created_at timestamp without time zone DEFAULT CURRENT_TIMESTAMP,
    updated_at timestamp without time zone DEFAULT CURRENT_TIMESTAMP,
    CONSTRAINT mssql_tables_problems_mapping_solution_status_check CHECK (((solution_status)::text = ANY (ARRAY[('active'::character varying)::text, ('resolved'::character varying)::text])))
);


ALTER TABLE mcl.problems_tb_slt_mp OWNER TO postgres;

--
-- Name: TABLE problems_tb_slt_mp; Type: COMMENT; Schema: mcl; Owner: postgres
--

COMMENT ON TABLE mcl.problems_tb_slt_mp IS 'Промежуточная таблица связи между таблицами MS SQL и способами решения проблем. Обеспечивает связь многие-ко-многим с автоматическим контролем уникальности таблица-проблема через триггер.';


--
-- Name: mssql_tables_problems_mapping_id_seq; Type: SEQUENCE; Schema: mcl; Owner: postgres
--

CREATE SEQUENCE mcl.mssql_tables_problems_mapping_id_seq
    AS integer
    START WITH 1
    INCREMENT BY 1
    NO MINVALUE
    NO MAXVALUE
    CACHE 1;


ALTER SEQUENCE mcl.mssql_tables_problems_mapping_id_seq OWNER TO postgres;

--
-- Name: mssql_tables_problems_mapping_id_seq; Type: SEQUENCE OWNED BY; Schema: mcl; Owner: postgres
--

ALTER SEQUENCE mcl.mssql_tables_problems_mapping_id_seq OWNED BY mcl.problems_tb_slt_mp.id;


--
-- Name: mssql_triggers; Type: TABLE; Schema: mcl; Owner: postgres
--

CREATE TABLE mcl.mssql_triggers (
    id integer NOT NULL,
    table_id integer NOT NULL,
    trigger_name character varying(128) NOT NULL,
    trigger_type character varying(50) NOT NULL,
    event_type character varying(50) NOT NULL,
    is_disabled boolean DEFAULT false NOT NULL,
    is_not_for_replication boolean DEFAULT false NOT NULL,
    definition text NOT NULL,
    created_at timestamp without time zone DEFAULT CURRENT_TIMESTAMP,
    updated_at timestamp without time zone DEFAULT CURRENT_TIMESTAMP,
    CONSTRAINT ck_mssql_triggers_definition_length CHECK ((length(TRIM(BOTH FROM definition)) > 0)),
    CONSTRAINT ck_mssql_triggers_name_length CHECK ((length(TRIM(BOTH FROM trigger_name)) > 0)),
    CONSTRAINT ck_mssql_triggers_name_max_length CHECK ((length((trigger_name)::text) <= 128))
);


ALTER TABLE mcl.mssql_triggers OWNER TO postgres;

--
-- Name: mssql_triggers_id_seq; Type: SEQUENCE; Schema: mcl; Owner: postgres
--

CREATE SEQUENCE mcl.mssql_triggers_id_seq
    AS integer
    START WITH 1
    INCREMENT BY 1
    NO MINVALUE
    NO MAXVALUE
    CACHE 1;


ALTER SEQUENCE mcl.mssql_triggers_id_seq OWNER TO postgres;

--
-- Name: mssql_triggers_id_seq; Type: SEQUENCE OWNED BY; Schema: mcl; Owner: postgres
--

ALTER SEQUENCE mcl.mssql_triggers_id_seq OWNED BY mcl.mssql_triggers.id;


--
-- Name: mssql_unique_constraint_columns; Type: TABLE; Schema: mcl; Owner: postgres
--

CREATE TABLE mcl.mssql_unique_constraint_columns (
    id integer NOT NULL,
    unique_constraint_id integer NOT NULL,
    column_id integer NOT NULL,
    ordinal_position integer NOT NULL,
    is_descending boolean DEFAULT false,
    created_at timestamp without time zone DEFAULT CURRENT_TIMESTAMP,
    updated_at timestamp without time zone DEFAULT CURRENT_TIMESTAMP,
    CONSTRAINT ck_mssql_unique_constraint_columns_max_columns CHECK ((ordinal_position <= 16)),
    CONSTRAINT mssql_unique_constraint_columns_ordinal_position_check CHECK ((ordinal_position > 0))
);


ALTER TABLE mcl.mssql_unique_constraint_columns OWNER TO postgres;

--
-- Name: mssql_unique_constraint_columns_id_seq; Type: SEQUENCE; Schema: mcl; Owner: postgres
--

CREATE SEQUENCE mcl.mssql_unique_constraint_columns_id_seq
    AS integer
    START WITH 1
    INCREMENT BY 1
    NO MINVALUE
    NO MAXVALUE
    CACHE 1;


ALTER SEQUENCE mcl.mssql_unique_constraint_columns_id_seq OWNER TO postgres;

--
-- Name: mssql_unique_constraint_columns_id_seq; Type: SEQUENCE OWNED BY; Schema: mcl; Owner: postgres
--

ALTER SEQUENCE mcl.mssql_unique_constraint_columns_id_seq OWNED BY mcl.mssql_unique_constraint_columns.id;


--
-- Name: mssql_unique_constraints; Type: TABLE; Schema: mcl; Owner: postgres
--

CREATE TABLE mcl.mssql_unique_constraints (
    id integer NOT NULL,
    table_id integer NOT NULL,
    constraint_name character varying(255) NOT NULL,
    is_disabled boolean DEFAULT false,
    created_at timestamp without time zone DEFAULT CURRENT_TIMESTAMP,
    updated_at timestamp without time zone DEFAULT CURRENT_TIMESTAMP,
    CONSTRAINT ck_mssql_unique_constraints_name_not_empty CHECK ((length(TRIM(BOTH FROM constraint_name)) > 0))
);


ALTER TABLE mcl.mssql_unique_constraints OWNER TO postgres;

--
-- Name: mssql_unique_constraints_id_seq; Type: SEQUENCE; Schema: mcl; Owner: postgres
--

CREATE SEQUENCE mcl.mssql_unique_constraints_id_seq
    AS integer
    START WITH 1
    INCREMENT BY 1
    NO MINVALUE
    NO MAXVALUE
    CACHE 1;


ALTER SEQUENCE mcl.mssql_unique_constraints_id_seq OWNER TO postgres;

--
-- Name: mssql_unique_constraints_id_seq; Type: SEQUENCE OWNED BY; Schema: mcl; Owner: postgres
--

ALTER SEQUENCE mcl.mssql_unique_constraints_id_seq OWNED BY mcl.mssql_unique_constraints.id;


--
-- Name: mssql_views; Type: TABLE; Schema: mcl; Owner: postgres
--

CREATE TABLE mcl.mssql_views (
    view_definition text,
    is_updatable boolean,
    check_option character varying(20),
    is_encrypted boolean,
    dependency_count integer,
    referenced_tables text[],
    postgres_view_name character varying(255),
    postgres_schema_name character varying(100),
    postgres_view_definition text,
    migration_duration interval,
    definition_complexity character varying(20)
)
INHERITS (mcl.mssql_objects);


ALTER TABLE mcl.mssql_views OWNER TO postgres;

--
-- Name: TABLE mssql_views; Type: COMMENT; Schema: mcl; Owner: postgres
--

COMMENT ON TABLE mcl.mssql_views IS 'Представления Microsoft SQL Server с наследованием от mssql_objects. Содержит информацию о представлениях MS SQL и связь с задачами миграции.';


--
-- Name: postgres_base_types_id_seq; Type: SEQUENCE; Schema: mcl; Owner: postgres
--

CREATE SEQUENCE mcl.postgres_base_types_id_seq
    START WITH 1
    INCREMENT BY 1
    NO MINVALUE
    NO MAXVALUE
    CACHE 1;


ALTER SEQUENCE mcl.postgres_base_types_id_seq OWNER TO postgres;

--
-- Name: postgres_base_types; Type: TABLE; Schema: mcl; Owner: postgres
--

CREATE TABLE mcl.postgres_base_types (
    id integer DEFAULT nextval('mcl.postgres_base_types_id_seq'::regclass) NOT NULL,
    base_type_name character varying(100),
    type_category character varying(50),
    type_family character varying(50),
    is_user_defined boolean,
    description text,
    created_at timestamp without time zone DEFAULT CURRENT_TIMESTAMP,
    updated_at timestamp without time zone DEFAULT CURRENT_TIMESTAMP,
    oid integer,
    typname character varying(100),
    typlen integer,
    typbyval boolean,
    typtype character(1),
    typcategory character(1),
    typispreferred boolean,
    typisdefined boolean,
    typdelim character(1),
    typrelid integer,
    typelem integer,
    typarray integer,
    typinput character varying(100),
    typoutput character varying(100),
    typreceive character varying(100),
    typsend character varying(100),
    typmodin character varying(100),
    typmodout character varying(100),
    typanalyze character varying(100),
    typalign character(1),
    typstorage character(1),
    typnotnull boolean,
    typbasetype integer,
    typtypmod integer,
    typndims integer,
    typcollation integer,
    typdefaultbin text,
    typdefault text,
    typacl text[]
);


ALTER TABLE mcl.postgres_base_types OWNER TO postgres;

--
-- Name: TABLE postgres_base_types; Type: COMMENT; Schema: mcl; Owner: postgres
--

COMMENT ON TABLE mcl.postgres_base_types IS 'Базовые типы данных PostgreSQL с наследованием от postgres_data_types. Содержит базовые типы PostgreSQL и связь с базовыми типами MS SQL через source_data_type_id.';


--
-- Name: postgres_check_constraints; Type: TABLE; Schema: mcl; Owner: postgres
--

CREATE TABLE mcl.postgres_check_constraints (
    id integer NOT NULL,
    table_id integer NOT NULL,
    source_check_constraint_id integer NOT NULL,
    constraint_name character varying(255) NOT NULL,
    original_constraint_name character varying(255),
    definition text NOT NULL,
    migration_status character varying(50) DEFAULT 'pending'::character varying,
    migration_date timestamp without time zone,
    error_message text,
    created_at timestamp without time zone DEFAULT CURRENT_TIMESTAMP,
    updated_at timestamp without time zone DEFAULT CURRENT_TIMESTAMP,
    CONSTRAINT ck_postgres_check_constraints_name_format CHECK (((constraint_name)::text ~ '^[a-z][a-z0-9_]*$'::text)),
    CONSTRAINT ck_postgres_check_constraints_name_length CHECK ((length((constraint_name)::text) <= 63)),
    CONSTRAINT postgres_check_constraints_migration_status_check CHECK (((migration_status)::text = ANY (ARRAY[('pending'::character varying)::text, ('in_progress'::character varying)::text, ('completed'::character varying)::text, ('failed'::character varying)::text, ('skipped'::character varying)::text])))
);


ALTER TABLE mcl.postgres_check_constraints OWNER TO postgres;

--
-- Name: postgres_check_constraints_id_seq; Type: SEQUENCE; Schema: mcl; Owner: postgres
--

CREATE SEQUENCE mcl.postgres_check_constraints_id_seq
    AS integer
    START WITH 1
    INCREMENT BY 1
    NO MINVALUE
    NO MAXVALUE
    CACHE 1;


ALTER SEQUENCE mcl.postgres_check_constraints_id_seq OWNER TO postgres;

--
-- Name: postgres_check_constraints_id_seq; Type: SEQUENCE OWNED BY; Schema: mcl; Owner: postgres
--

ALTER SEQUENCE mcl.postgres_check_constraints_id_seq OWNED BY mcl.postgres_check_constraints.id;


--
-- Name: postgres_columns; Type: TABLE; Schema: mcl; Owner: postgres
--

CREATE TABLE mcl.postgres_columns (
    id integer NOT NULL,
    table_id integer,
    source_column_id integer,
    postgres_data_type_id integer,
    column_name character varying(255) NOT NULL,
    ordinal_position integer,
    default_value text,
    is_identity boolean,
    identity_seed integer,
    identity_increment integer,
    is_computed boolean,
    computed_definition text,
    type_mapping_quality character varying(20),
    data_type_migration_status character varying(50),
    data_type_migration_notes text,
    created_at timestamp without time zone DEFAULT CURRENT_TIMESTAMP,
    updated_at timestamp without time zone DEFAULT CURRENT_TIMESTAMP
);


ALTER TABLE mcl.postgres_columns OWNER TO postgres;

--
-- Name: TABLE postgres_columns; Type: COMMENT; Schema: mcl; Owner: postgres
--

COMMENT ON TABLE mcl.postgres_columns IS 'Колонки таблиц PostgreSQL. Связаны с таблицами PostgreSQL через table_id. НЕ связаны напрямую с задачами миграции согласно схеме.';


--
-- Name: postgres_columns_id_seq; Type: SEQUENCE; Schema: mcl; Owner: postgres
--

CREATE SEQUENCE mcl.postgres_columns_id_seq
    AS integer
    START WITH 1
    INCREMENT BY 1
    NO MINVALUE
    NO MAXVALUE
    CACHE 1;


ALTER SEQUENCE mcl.postgres_columns_id_seq OWNER TO postgres;

--
-- Name: postgres_columns_id_seq; Type: SEQUENCE OWNED BY; Schema: mcl; Owner: postgres
--

ALTER SEQUENCE mcl.postgres_columns_id_seq OWNED BY mcl.postgres_columns.id;


--
-- Name: postgres_default_constraints; Type: TABLE; Schema: mcl; Owner: postgres
--

CREATE TABLE mcl.postgres_default_constraints (
    id integer NOT NULL,
    table_id integer NOT NULL,
    column_id integer NOT NULL,
    source_default_constraint_id integer NOT NULL,
    constraint_name character varying(255) NOT NULL,
    original_constraint_name character varying(255),
    definition text NOT NULL,
    migration_status character varying(50) DEFAULT 'pending'::character varying,
    migration_date timestamp without time zone,
    error_message text,
    created_at timestamp without time zone DEFAULT CURRENT_TIMESTAMP,
    updated_at timestamp without time zone DEFAULT CURRENT_TIMESTAMP,
    CONSTRAINT ck_postgres_default_constraints_name_format CHECK (((constraint_name)::text ~ '^[a-z][a-z0-9_]*$'::text)),
    CONSTRAINT ck_postgres_default_constraints_name_length CHECK ((length((constraint_name)::text) <= 63)),
    CONSTRAINT postgres_default_constraints_migration_status_check CHECK (((migration_status)::text = ANY (ARRAY[('pending'::character varying)::text, ('in_progress'::character varying)::text, ('completed'::character varying)::text, ('failed'::character varying)::text, ('skipped'::character varying)::text])))
);


ALTER TABLE mcl.postgres_default_constraints OWNER TO postgres;

--
-- Name: postgres_default_constraints_id_seq; Type: SEQUENCE; Schema: mcl; Owner: postgres
--

CREATE SEQUENCE mcl.postgres_default_constraints_id_seq
    AS integer
    START WITH 1
    INCREMENT BY 1
    NO MINVALUE
    NO MAXVALUE
    CACHE 1;


ALTER SEQUENCE mcl.postgres_default_constraints_id_seq OWNER TO postgres;

--
-- Name: postgres_default_constraints_id_seq; Type: SEQUENCE OWNED BY; Schema: mcl; Owner: postgres
--

ALTER SEQUENCE mcl.postgres_default_constraints_id_seq OWNED BY mcl.postgres_default_constraints.id;


--
-- Name: postgres_derived_types_id_seq; Type: SEQUENCE; Schema: mcl; Owner: postgres
--

CREATE SEQUENCE mcl.postgres_derived_types_id_seq
    START WITH 1
    INCREMENT BY 1
    NO MINVALUE
    NO MAXVALUE
    CACHE 1;


ALTER SEQUENCE mcl.postgres_derived_types_id_seq OWNER TO postgres;

--
-- Name: postgres_derived_types; Type: TABLE; Schema: mcl; Owner: postgres
--

CREATE TABLE mcl.postgres_derived_types (
    id integer DEFAULT nextval('mcl.postgres_derived_types_id_seq'::regclass) NOT NULL,
    is_nullable boolean,
    created_at timestamp without time zone DEFAULT CURRENT_TIMESTAMP,
    updated_at timestamp without time zone DEFAULT CURRENT_TIMESTAMP,
    base_type_id integer,
    precision_value integer,
    scale_value integer,
    length_value integer,
    max_value character varying(10),
    parameter_value character varying(50),
    is_max_length boolean,
    is_variable_length boolean,
    typmod integer,
    typname_with_params character varying(200),
    array_dimensions integer,
    domain_name character varying(100),
    domain_schema character varying(100),
    check_constraints text[],
    default_constraints text[],
    migration_quality character varying(20),
    performance_rating character varying(20),
    validation_rules text,
    notes text,
    source_derived_type_id integer,
    collation_name character varying(100)
);


ALTER TABLE mcl.postgres_derived_types OWNER TO postgres;

--
-- Name: TABLE postgres_derived_types; Type: COMMENT; Schema: mcl; Owner: postgres
--

COMMENT ON TABLE mcl.postgres_derived_types IS 'Производные типы данных PostgreSQL с наследованием от postgres_data_types. Содержит производные типы PostgreSQL и связь с базовыми типами PostgreSQL через base_type_id.';


--
-- Name: postgres_foreign_key_columns; Type: TABLE; Schema: mcl; Owner: postgres
--

CREATE TABLE mcl.postgres_foreign_key_columns (
    id integer NOT NULL,
    foreign_key_id integer NOT NULL,
    column_id integer NOT NULL,
    referenced_column_id integer NOT NULL,
    source_foreign_key_column_id integer NOT NULL,
    ordinal_position integer NOT NULL,
    created_at timestamp without time zone DEFAULT CURRENT_TIMESTAMP,
    updated_at timestamp without time zone DEFAULT CURRENT_TIMESTAMP,
    CONSTRAINT ck_postgres_foreign_key_columns_max_columns CHECK ((ordinal_position <= 16)),
    CONSTRAINT ck_postgres_foreign_key_columns_no_self_reference CHECK ((column_id <> referenced_column_id)),
    CONSTRAINT postgres_foreign_key_columns_ordinal_position_check CHECK ((ordinal_position > 0))
);


ALTER TABLE mcl.postgres_foreign_key_columns OWNER TO postgres;

--
-- Name: postgres_foreign_key_columns_id_seq; Type: SEQUENCE; Schema: mcl; Owner: postgres
--

CREATE SEQUENCE mcl.postgres_foreign_key_columns_id_seq
    AS integer
    START WITH 1
    INCREMENT BY 1
    NO MINVALUE
    NO MAXVALUE
    CACHE 1;


ALTER SEQUENCE mcl.postgres_foreign_key_columns_id_seq OWNER TO postgres;

--
-- Name: postgres_foreign_key_columns_id_seq; Type: SEQUENCE OWNED BY; Schema: mcl; Owner: postgres
--

ALTER SEQUENCE mcl.postgres_foreign_key_columns_id_seq OWNED BY mcl.postgres_foreign_key_columns.id;


--
-- Name: postgres_foreign_keys; Type: TABLE; Schema: mcl; Owner: postgres
--

CREATE TABLE mcl.postgres_foreign_keys (
    id integer NOT NULL,
    table_id integer NOT NULL,
    referenced_table_id integer NOT NULL,
    source_foreign_key_id integer NOT NULL,
    constraint_name character varying(255) NOT NULL,
    original_constraint_name character varying(255),
    delete_action character varying(20) DEFAULT 'NO_ACTION'::character varying,
    update_action character varying(20) DEFAULT 'NO_ACTION'::character varying,
    migration_status character varying(50) DEFAULT 'pending'::character varying,
    migration_date timestamp without time zone,
    error_message text,
    created_at timestamp without time zone DEFAULT CURRENT_TIMESTAMP,
    updated_at timestamp without time zone DEFAULT CURRENT_TIMESTAMP,
    CONSTRAINT ck_postgres_foreign_keys_migration_consistency CHECK ((NOT (((migration_status)::text = 'completed'::text) AND (migration_date IS NULL)))),
    CONSTRAINT ck_postgres_foreign_keys_name_format CHECK (((constraint_name)::text ~ '^fk_[a-z][a-z0-9_]*$'::text)),
    CONSTRAINT ck_postgres_foreign_keys_name_length CHECK ((length((constraint_name)::text) <= 63)),
    CONSTRAINT ck_postgres_foreign_keys_name_not_empty CHECK ((length(TRIM(BOTH FROM constraint_name)) > 0)),
    CONSTRAINT ck_postgres_foreign_keys_no_self_reference CHECK ((table_id <> referenced_table_id)),
    CONSTRAINT postgres_foreign_keys_delete_action_check CHECK (((delete_action)::text = ANY (ARRAY[('NO_ACTION'::character varying)::text, ('CASCADE'::character varying)::text, ('SET_NULL'::character varying)::text, ('SET_DEFAULT'::character varying)::text]))),
    CONSTRAINT postgres_foreign_keys_migration_status_check CHECK (((migration_status)::text = ANY (ARRAY[('pending'::character varying)::text, ('in_progress'::character varying)::text, ('completed'::character varying)::text, ('failed'::character varying)::text, ('skipped'::character varying)::text]))),
    CONSTRAINT postgres_foreign_keys_update_action_check CHECK (((update_action)::text = ANY (ARRAY[('NO_ACTION'::character varying)::text, ('CASCADE'::character varying)::text, ('SET_NULL'::character varying)::text, ('SET_DEFAULT'::character varying)::text])))
);


ALTER TABLE mcl.postgres_foreign_keys OWNER TO postgres;

--
-- Name: postgres_foreign_keys_id_seq; Type: SEQUENCE; Schema: mcl; Owner: postgres
--

CREATE SEQUENCE mcl.postgres_foreign_keys_id_seq
    AS integer
    START WITH 1
    INCREMENT BY 1
    NO MINVALUE
    NO MAXVALUE
    CACHE 1;


ALTER SEQUENCE mcl.postgres_foreign_keys_id_seq OWNER TO postgres;

--
-- Name: postgres_foreign_keys_id_seq; Type: SEQUENCE OWNED BY; Schema: mcl; Owner: postgres
--

ALTER SEQUENCE mcl.postgres_foreign_keys_id_seq OWNED BY mcl.postgres_foreign_keys.id;


--
-- Name: postgres_objects; Type: TABLE; Schema: mcl; Owner: postgres
--

CREATE TABLE mcl.postgres_objects (
    id integer NOT NULL,
    task_id integer,
    object_name character varying(255) NOT NULL,
    object_type character varying(50) NOT NULL,
    schema_name character varying(100) NOT NULL,
    migration_status character varying(50) DEFAULT 'pending'::character varying,
    migration_date timestamp without time zone,
    error_message text,
    create_date timestamp without time zone,
    modify_date timestamp without time zone,
    object_id integer,
    created_at timestamp without time zone DEFAULT CURRENT_TIMESTAMP,
    updated_at timestamp without time zone DEFAULT CURRENT_TIMESTAMP
);


ALTER TABLE mcl.postgres_objects OWNER TO postgres;

--
-- Name: TABLE postgres_objects; Type: COMMENT; Schema: mcl; Owner: postgres
--

COMMENT ON TABLE mcl.postgres_objects IS 'Родительская таблица для всех объектов PostgreSQL. Содержит базовую информацию об объектах и связь с задачами миграции через task_id.';


--
-- Name: postgres_functions; Type: TABLE; Schema: mcl; Owner: postgres
--

CREATE TABLE mcl.postgres_functions (
    source_function_id integer,
    function_definition text,
    return_type character varying(100),
    parameter_count integer,
    is_deterministic boolean,
    function_type character varying(20),
    source_function_name character varying(255),
    source_function_definition text,
    migration_duration interval,
    definition_complexity character varying(20)
)
INHERITS (mcl.postgres_objects);


ALTER TABLE mcl.postgres_functions OWNER TO postgres;

--
-- Name: TABLE postgres_functions; Type: COMMENT; Schema: mcl; Owner: postgres
--

COMMENT ON TABLE mcl.postgres_functions IS 'Функции PostgreSQL с наследованием от postgres_objects. Содержит информацию о функциях PostgreSQL и связь с задачами миграции.';


--
-- Name: postgres_index_columns; Type: TABLE; Schema: mcl; Owner: postgres
--

CREATE TABLE mcl.postgres_index_columns (
    id integer NOT NULL,
    index_id integer NOT NULL,
    column_id integer NOT NULL,
    source_index_column_id integer NOT NULL,
    ordinal_position integer NOT NULL,
    is_descending boolean DEFAULT false,
    is_included_column boolean DEFAULT false,
    created_at timestamp without time zone DEFAULT CURRENT_TIMESTAMP,
    updated_at timestamp without time zone DEFAULT CURRENT_TIMESTAMP,
    CONSTRAINT ck_postgres_index_columns_max_columns CHECK ((ordinal_position <= 16)),
    CONSTRAINT postgres_index_columns_ordinal_position_check CHECK ((ordinal_position > 0))
);


ALTER TABLE mcl.postgres_index_columns OWNER TO postgres;

--
-- Name: postgres_index_columns_id_seq; Type: SEQUENCE; Schema: mcl; Owner: postgres
--

CREATE SEQUENCE mcl.postgres_index_columns_id_seq
    AS integer
    START WITH 1
    INCREMENT BY 1
    NO MINVALUE
    NO MAXVALUE
    CACHE 1;


ALTER SEQUENCE mcl.postgres_index_columns_id_seq OWNER TO postgres;

--
-- Name: postgres_index_columns_id_seq; Type: SEQUENCE OWNED BY; Schema: mcl; Owner: postgres
--

ALTER SEQUENCE mcl.postgres_index_columns_id_seq OWNED BY mcl.postgres_index_columns.id;


--
-- Name: postgres_indexes; Type: TABLE; Schema: mcl; Owner: postgres
--

CREATE TABLE mcl.postgres_indexes (
    id integer NOT NULL,
    table_id integer NOT NULL,
    source_index_id integer NOT NULL,
    index_name character varying(255) NOT NULL,
    original_index_name character varying(255),
    index_type character varying(20) DEFAULT 'btree'::character varying,
    is_unique boolean DEFAULT false,
    is_primary_key boolean DEFAULT false,
    migration_status character varying(50) DEFAULT 'pending'::character varying,
    migration_date timestamp without time zone,
    error_message text,
    fill_factor integer,
    is_concurrent boolean DEFAULT false,
    name_conflict_resolved boolean DEFAULT false,
    name_conflict_reason text,
    alternative_name character varying(255),
    created_at timestamp without time zone DEFAULT CURRENT_TIMESTAMP,
    updated_at timestamp without time zone DEFAULT CURRENT_TIMESTAMP,
    CONSTRAINT ck_postgres_indexes_name_format CHECK (((index_name)::text ~ '^[a-z][a-z0-9_]*$'::text)),
    CONSTRAINT ck_postgres_indexes_name_length CHECK ((length((index_name)::text) <= 63)),
    CONSTRAINT postgres_indexes_fill_factor_check CHECK (((fill_factor >= 10) AND (fill_factor <= 100))),
    CONSTRAINT postgres_indexes_index_type_check CHECK (((index_type)::text = ANY (ARRAY[('btree'::character varying)::text, ('hash'::character varying)::text, ('gist'::character varying)::text, ('spgist'::character varying)::text, ('gin'::character varying)::text, ('brin'::character varying)::text]))),
    CONSTRAINT postgres_indexes_migration_status_check CHECK (((migration_status)::text = ANY (ARRAY[('pending'::character varying)::text, ('in_progress'::character varying)::text, ('completed'::character varying)::text, ('failed'::character varying)::text, ('skipped'::character varying)::text])))
);


ALTER TABLE mcl.postgres_indexes OWNER TO postgres;

--
-- Name: postgres_indexes_id_seq; Type: SEQUENCE; Schema: mcl; Owner: postgres
--

CREATE SEQUENCE mcl.postgres_indexes_id_seq
    AS integer
    START WITH 1
    INCREMENT BY 1
    NO MINVALUE
    NO MAXVALUE
    CACHE 1;


ALTER SEQUENCE mcl.postgres_indexes_id_seq OWNER TO postgres;

--
-- Name: postgres_indexes_id_seq; Type: SEQUENCE OWNED BY; Schema: mcl; Owner: postgres
--

ALTER SEQUENCE mcl.postgres_indexes_id_seq OWNED BY mcl.postgres_indexes.id;


--
-- Name: postgres_objects_id_seq; Type: SEQUENCE; Schema: mcl; Owner: postgres
--

CREATE SEQUENCE mcl.postgres_objects_id_seq
    AS integer
    START WITH 1
    INCREMENT BY 1
    NO MINVALUE
    NO MAXVALUE
    CACHE 1;


ALTER SEQUENCE mcl.postgres_objects_id_seq OWNER TO postgres;

--
-- Name: postgres_objects_id_seq; Type: SEQUENCE OWNED BY; Schema: mcl; Owner: postgres
--

ALTER SEQUENCE mcl.postgres_objects_id_seq OWNED BY mcl.postgres_objects.id;


--
-- Name: postgres_primary_key_columns; Type: TABLE; Schema: mcl; Owner: postgres
--

CREATE TABLE mcl.postgres_primary_key_columns (
    id integer NOT NULL,
    primary_key_id integer NOT NULL,
    column_id integer NOT NULL,
    ordinal_position integer NOT NULL,
    created_at timestamp without time zone DEFAULT CURRENT_TIMESTAMP,
    updated_at timestamp without time zone DEFAULT CURRENT_TIMESTAMP,
    CONSTRAINT ck_postgres_primary_key_columns_ordinal_position CHECK ((ordinal_position > 0))
);


ALTER TABLE mcl.postgres_primary_key_columns OWNER TO postgres;

--
-- Name: TABLE postgres_primary_key_columns; Type: COMMENT; Schema: mcl; Owner: postgres
--

COMMENT ON TABLE mcl.postgres_primary_key_columns IS 'Связи целевых первичных ключей PostgreSQL с целевыми колонками';


--
-- Name: COLUMN postgres_primary_key_columns.id; Type: COMMENT; Schema: mcl; Owner: postgres
--

COMMENT ON COLUMN mcl.postgres_primary_key_columns.id IS 'Уникальный идентификатор связи';


--
-- Name: COLUMN postgres_primary_key_columns.primary_key_id; Type: COMMENT; Schema: mcl; Owner: postgres
--

COMMENT ON COLUMN mcl.postgres_primary_key_columns.primary_key_id IS 'Ссылка на целевой первичный ключ PostgreSQL (FK → postgres_primary_keys)';


--
-- Name: COLUMN postgres_primary_key_columns.column_id; Type: COMMENT; Schema: mcl; Owner: postgres
--

COMMENT ON COLUMN mcl.postgres_primary_key_columns.column_id IS 'Ссылка на целевую колонку PostgreSQL (FK → postgres_columns)';


--
-- Name: COLUMN postgres_primary_key_columns.ordinal_position; Type: COMMENT; Schema: mcl; Owner: postgres
--

COMMENT ON COLUMN mcl.postgres_primary_key_columns.ordinal_position IS 'Порядковый номер колонки в первичном ключе (начинается с 1)';


--
-- Name: COLUMN postgres_primary_key_columns.created_at; Type: COMMENT; Schema: mcl; Owner: postgres
--

COMMENT ON COLUMN mcl.postgres_primary_key_columns.created_at IS 'Дата создания записи';


--
-- Name: COLUMN postgres_primary_key_columns.updated_at; Type: COMMENT; Schema: mcl; Owner: postgres
--

COMMENT ON COLUMN mcl.postgres_primary_key_columns.updated_at IS 'Дата последнего обновления записи';


--
-- Name: postgres_primary_key_columns_id_seq; Type: SEQUENCE; Schema: mcl; Owner: postgres
--

CREATE SEQUENCE mcl.postgres_primary_key_columns_id_seq
    AS integer
    START WITH 1
    INCREMENT BY 1
    NO MINVALUE
    NO MAXVALUE
    CACHE 1;


ALTER SEQUENCE mcl.postgres_primary_key_columns_id_seq OWNER TO postgres;

--
-- Name: postgres_primary_key_columns_id_seq; Type: SEQUENCE OWNED BY; Schema: mcl; Owner: postgres
--

ALTER SEQUENCE mcl.postgres_primary_key_columns_id_seq OWNED BY mcl.postgres_primary_key_columns.id;


--
-- Name: postgres_primary_keys; Type: TABLE; Schema: mcl; Owner: postgres
--

CREATE TABLE mcl.postgres_primary_keys (
    id integer NOT NULL,
    table_id integer NOT NULL,
    source_primary_key_id integer NOT NULL,
    constraint_name character varying(255) NOT NULL,
    is_clustered boolean DEFAULT true,
    created_at timestamp without time zone DEFAULT CURRENT_TIMESTAMP,
    updated_at timestamp without time zone DEFAULT CURRENT_TIMESTAMP,
    original_constraint_name character varying(255)
);


ALTER TABLE mcl.postgres_primary_keys OWNER TO postgres;

--
-- Name: TABLE postgres_primary_keys; Type: COMMENT; Schema: mcl; Owner: postgres
--

COMMENT ON TABLE mcl.postgres_primary_keys IS 'Целевые первичные ключи PostgreSQL';


--
-- Name: COLUMN postgres_primary_keys.id; Type: COMMENT; Schema: mcl; Owner: postgres
--

COMMENT ON COLUMN mcl.postgres_primary_keys.id IS 'Уникальный идентификатор целевого первичного ключа';


--
-- Name: COLUMN postgres_primary_keys.table_id; Type: COMMENT; Schema: mcl; Owner: postgres
--

COMMENT ON COLUMN mcl.postgres_primary_keys.table_id IS 'Ссылка на целевую таблицу PostgreSQL (FK → postgres_tables)';


--
-- Name: COLUMN postgres_primary_keys.source_primary_key_id; Type: COMMENT; Schema: mcl; Owner: postgres
--

COMMENT ON COLUMN mcl.postgres_primary_keys.source_primary_key_id IS 'Ссылка на исходный первичный ключ MS SQL (FK → mssql_primary_keys)';


--
-- Name: COLUMN postgres_primary_keys.constraint_name; Type: COMMENT; Schema: mcl; Owner: postgres
--

COMMENT ON COLUMN mcl.postgres_primary_keys.constraint_name IS 'Имя ограничения первичного ключа в PostgreSQL';


--
-- Name: COLUMN postgres_primary_keys.is_clustered; Type: COMMENT; Schema: mcl; Owner: postgres
--

COMMENT ON COLUMN mcl.postgres_primary_keys.is_clustered IS 'Является ли ключ кластеризованным (PostgreSQL всегда true)';


--
-- Name: COLUMN postgres_primary_keys.created_at; Type: COMMENT; Schema: mcl; Owner: postgres
--

COMMENT ON COLUMN mcl.postgres_primary_keys.created_at IS 'Дата создания записи';


--
-- Name: COLUMN postgres_primary_keys.updated_at; Type: COMMENT; Schema: mcl; Owner: postgres
--

COMMENT ON COLUMN mcl.postgres_primary_keys.updated_at IS 'Дата последнего обновления записи';


--
-- Name: COLUMN postgres_primary_keys.original_constraint_name; Type: COMMENT; Schema: mcl; Owner: postgres
--

COMMENT ON COLUMN mcl.postgres_primary_keys.original_constraint_name IS 'Оригинальное имя первичного ключа из MS SQL Server для трассировки миграции';


--
-- Name: postgres_primary_keys_id_seq; Type: SEQUENCE; Schema: mcl; Owner: postgres
--

CREATE SEQUENCE mcl.postgres_primary_keys_id_seq
    AS integer
    START WITH 1
    INCREMENT BY 1
    NO MINVALUE
    NO MAXVALUE
    CACHE 1;


ALTER SEQUENCE mcl.postgres_primary_keys_id_seq OWNER TO postgres;

--
-- Name: postgres_primary_keys_id_seq; Type: SEQUENCE OWNED BY; Schema: mcl; Owner: postgres
--

ALTER SEQUENCE mcl.postgres_primary_keys_id_seq OWNED BY mcl.postgres_primary_keys.id;


--
-- Name: postgres_sequences; Type: TABLE; Schema: mcl; Owner: postgres
--

CREATE TABLE mcl.postgres_sequences (
    id integer NOT NULL,
    table_id integer NOT NULL,
    column_id integer NOT NULL,
    source_identity_column_id integer NOT NULL,
    sequence_name character varying(63) NOT NULL,
    original_sequence_name character varying(128) NOT NULL,
    start_value bigint DEFAULT 1 NOT NULL,
    increment_value bigint DEFAULT 1 NOT NULL,
    current_value bigint,
    migration_status character varying(20) DEFAULT 'pending'::character varying NOT NULL,
    migration_date timestamp without time zone,
    error_message text,
    created_at timestamp without time zone DEFAULT CURRENT_TIMESTAMP,
    updated_at timestamp without time zone DEFAULT CURRENT_TIMESTAMP,
    CONSTRAINT ck_postgres_sequences_current CHECK (((current_value IS NULL) OR (current_value >= start_value))),
    CONSTRAINT ck_postgres_sequences_increment CHECK ((increment_value >= 1)),
    CONSTRAINT ck_postgres_sequences_name_format CHECK (((sequence_name)::text ~ '^[a-z][a-z0-9_]*$'::text)),
    CONSTRAINT ck_postgres_sequences_name_length CHECK ((length((sequence_name)::text) <= 63)),
    CONSTRAINT ck_postgres_sequences_start CHECK ((start_value >= 1)),
    CONSTRAINT ck_postgres_sequences_status CHECK (((migration_status)::text = ANY (ARRAY[('pending'::character varying)::text, ('completed'::character varying)::text, ('failed'::character varying)::text, ('skipped'::character varying)::text])))
);


ALTER TABLE mcl.postgres_sequences OWNER TO postgres;

--
-- Name: postgres_sequences_id_seq; Type: SEQUENCE; Schema: mcl; Owner: postgres
--

CREATE SEQUENCE mcl.postgres_sequences_id_seq
    AS integer
    START WITH 1
    INCREMENT BY 1
    NO MINVALUE
    NO MAXVALUE
    CACHE 1;


ALTER SEQUENCE mcl.postgres_sequences_id_seq OWNER TO postgres;

--
-- Name: postgres_sequences_id_seq; Type: SEQUENCE OWNED BY; Schema: mcl; Owner: postgres
--

ALTER SEQUENCE mcl.postgres_sequences_id_seq OWNED BY mcl.postgres_sequences.id;


--
-- Name: postgres_stored_procedures; Type: TABLE; Schema: mcl; Owner: postgres
--

CREATE TABLE mcl.postgres_stored_procedures (
    source_procedure_id integer,
    procedure_definition text,
    parameter_count integer,
    source_procedure_name character varying(255),
    source_procedure_definition text,
    migration_duration interval,
    definition_complexity character varying(20)
)
INHERITS (mcl.postgres_objects);


ALTER TABLE mcl.postgres_stored_procedures OWNER TO postgres;

--
-- Name: TABLE postgres_stored_procedures; Type: COMMENT; Schema: mcl; Owner: postgres
--

COMMENT ON TABLE mcl.postgres_stored_procedures IS 'Хранимые процедуры PostgreSQL с наследованием от postgres_objects. Содержит информацию о хранимых процедурах PostgreSQL и связь с задачами миграции.';


--
-- Name: postgres_tables; Type: TABLE; Schema: mcl; Owner: postgres
--

CREATE TABLE mcl.postgres_tables (
    source_table_id integer,
    table_size bigint,
    row_count integer,
    has_primary_key boolean,
    has_foreign_keys boolean,
    has_indexes boolean,
    has_triggers boolean,
    column_count integer,
    max_column_length integer,
    migration_duration interval,
    data_transfer_size bigint,
    data_integrity_percentage numeric(5,2)
)
INHERITS (mcl.postgres_objects);


ALTER TABLE mcl.postgres_tables OWNER TO postgres;

--
-- Name: TABLE postgres_tables; Type: COMMENT; Schema: mcl; Owner: postgres
--

COMMENT ON TABLE mcl.postgres_tables IS 'Таблицы PostgreSQL с наследованием от postgres_objects. Содержит информацию о таблицах PostgreSQL и связь с задачами миграции.';


--
-- Name: postgres_triggers; Type: TABLE; Schema: mcl; Owner: postgres
--

CREATE TABLE mcl.postgres_triggers (
    id integer NOT NULL,
    table_id integer NOT NULL,
    source_trigger_id integer NOT NULL,
    trigger_name character varying(63) NOT NULL,
    original_trigger_name character varying(128) NOT NULL,
    trigger_type character varying(50) NOT NULL,
    event_type character varying(50) NOT NULL,
    function_name character varying(63) NOT NULL,
    migration_status character varying(20) DEFAULT 'pending'::character varying NOT NULL,
    migration_date timestamp without time zone,
    error_message text,
    created_at timestamp without time zone DEFAULT CURRENT_TIMESTAMP,
    updated_at timestamp without time zone DEFAULT CURRENT_TIMESTAMP,
    CONSTRAINT ck_postgres_triggers_name_format CHECK (((trigger_name)::text ~ '^[a-z][a-z0-9_]*$'::text)),
    CONSTRAINT ck_postgres_triggers_name_length CHECK ((length((trigger_name)::text) <= 63)),
    CONSTRAINT ck_postgres_triggers_status CHECK (((migration_status)::text = ANY (ARRAY[('pending'::character varying)::text, ('completed'::character varying)::text, ('failed'::character varying)::text, ('skipped'::character varying)::text])))
);


ALTER TABLE mcl.postgres_triggers OWNER TO postgres;

--
-- Name: postgres_triggers_id_seq; Type: SEQUENCE; Schema: mcl; Owner: postgres
--

CREATE SEQUENCE mcl.postgres_triggers_id_seq
    AS integer
    START WITH 1
    INCREMENT BY 1
    NO MINVALUE
    NO MAXVALUE
    CACHE 1;


ALTER SEQUENCE mcl.postgres_triggers_id_seq OWNER TO postgres;

--
-- Name: postgres_triggers_id_seq; Type: SEQUENCE OWNED BY; Schema: mcl; Owner: postgres
--

ALTER SEQUENCE mcl.postgres_triggers_id_seq OWNED BY mcl.postgres_triggers.id;


--
-- Name: postgres_unique_constraint_columns; Type: TABLE; Schema: mcl; Owner: postgres
--

CREATE TABLE mcl.postgres_unique_constraint_columns (
    id integer NOT NULL,
    unique_constraint_id integer NOT NULL,
    column_id integer NOT NULL,
    source_unique_constraint_column_id integer NOT NULL,
    ordinal_position integer NOT NULL,
    is_descending boolean DEFAULT false,
    created_at timestamp without time zone DEFAULT CURRENT_TIMESTAMP,
    updated_at timestamp without time zone DEFAULT CURRENT_TIMESTAMP,
    CONSTRAINT ck_postgres_unique_constraint_columns_max_columns CHECK ((ordinal_position <= 16)),
    CONSTRAINT postgres_unique_constraint_columns_ordinal_position_check CHECK ((ordinal_position > 0))
);


ALTER TABLE mcl.postgres_unique_constraint_columns OWNER TO postgres;

--
-- Name: postgres_unique_constraint_columns_id_seq; Type: SEQUENCE; Schema: mcl; Owner: postgres
--

CREATE SEQUENCE mcl.postgres_unique_constraint_columns_id_seq
    AS integer
    START WITH 1
    INCREMENT BY 1
    NO MINVALUE
    NO MAXVALUE
    CACHE 1;


ALTER SEQUENCE mcl.postgres_unique_constraint_columns_id_seq OWNER TO postgres;

--
-- Name: postgres_unique_constraint_columns_id_seq; Type: SEQUENCE OWNED BY; Schema: mcl; Owner: postgres
--

ALTER SEQUENCE mcl.postgres_unique_constraint_columns_id_seq OWNED BY mcl.postgres_unique_constraint_columns.id;


--
-- Name: postgres_unique_constraints; Type: TABLE; Schema: mcl; Owner: postgres
--

CREATE TABLE mcl.postgres_unique_constraints (
    id integer NOT NULL,
    table_id integer NOT NULL,
    source_unique_constraint_id integer NOT NULL,
    constraint_name character varying(255) NOT NULL,
    original_constraint_name character varying(255),
    migration_status character varying(50) DEFAULT 'pending'::character varying,
    migration_date timestamp without time zone,
    error_message text,
    created_at timestamp without time zone DEFAULT CURRENT_TIMESTAMP,
    updated_at timestamp without time zone DEFAULT CURRENT_TIMESTAMP,
    CONSTRAINT ck_postgres_unique_constraints_name_format CHECK (((constraint_name)::text ~ '^[a-z][a-z0-9_]*$'::text)),
    CONSTRAINT ck_postgres_unique_constraints_name_length CHECK ((length((constraint_name)::text) <= 63)),
    CONSTRAINT postgres_unique_constraints_migration_status_check CHECK (((migration_status)::text = ANY (ARRAY[('pending'::character varying)::text, ('in_progress'::character varying)::text, ('completed'::character varying)::text, ('failed'::character varying)::text, ('skipped'::character varying)::text])))
);


ALTER TABLE mcl.postgres_unique_constraints OWNER TO postgres;

--
-- Name: postgres_unique_constraints_id_seq; Type: SEQUENCE; Schema: mcl; Owner: postgres
--

CREATE SEQUENCE mcl.postgres_unique_constraints_id_seq
    AS integer
    START WITH 1
    INCREMENT BY 1
    NO MINVALUE
    NO MAXVALUE
    CACHE 1;


ALTER SEQUENCE mcl.postgres_unique_constraints_id_seq OWNER TO postgres;

--
-- Name: postgres_unique_constraints_id_seq; Type: SEQUENCE OWNED BY; Schema: mcl; Owner: postgres
--

ALTER SEQUENCE mcl.postgres_unique_constraints_id_seq OWNED BY mcl.postgres_unique_constraints.id;


--
-- Name: postgres_views; Type: TABLE; Schema: mcl; Owner: postgres
--

CREATE TABLE mcl.postgres_views (
    source_view_id integer,
    view_definition text,
    is_updatable boolean,
    check_option character varying(20),
    dependency_count integer,
    referenced_tables text[],
    source_view_name character varying(255),
    source_view_schema_name character varying(100),
    source_view_definition text,
    migration_duration interval,
    definition_complexity character varying(20),
    definition_length_category character varying(20)
)
INHERITS (mcl.postgres_objects);


ALTER TABLE mcl.postgres_views OWNER TO postgres;

--
-- Name: TABLE postgres_views; Type: COMMENT; Schema: mcl; Owner: postgres
--

COMMENT ON TABLE mcl.postgres_views IS 'Представления PostgreSQL с наследованием от postgres_objects. Содержит информацию о представлениях PostgreSQL и связь с задачами миграции.';


--
-- Name: problems_cm; Type: TABLE; Schema: mcl; Owner: postgres
--

CREATE TABLE mcl.problems_cm (
    problem_context text,
    migration_impact character varying(50)
)
INHERITS (mcl.problems);


ALTER TABLE mcl.problems_cm OWNER TO postgres;

--
-- Name: TABLE problems_cm; Type: COMMENT; Schema: mcl; Owner: postgres
--

COMMENT ON TABLE mcl.problems_cm IS 'Проблемы миграции, связанные с колонками. Наследуется от migration_problems. Содержит специфичную информацию о проблемах с колонками MS SQL.';


--
-- Name: problems_ct; Type: TABLE; Schema: mcl; Owner: postgres
--

CREATE TABLE mcl.problems_ct (
    problem_context text,
    migration_impact character varying(50)
)
INHERITS (mcl.problems);


ALTER TABLE mcl.problems_ct OWNER TO postgres;

--
-- Name: problems_ct_slt; Type: TABLE; Schema: mcl; Owner: postgres
--

CREATE TABLE mcl.problems_ct_slt (
    id integer DEFAULT nextval('mcl.column_type_problem_solutions_id_seq'::regclass) NOT NULL,
    solution_name character varying(255) NOT NULL,
    solution_description text NOT NULL,
    solution_category character varying(100),
    complexity_level character varying(20) DEFAULT 'medium'::character varying,
    est_impl_time character varying(50),
    created_at timestamp without time zone DEFAULT CURRENT_TIMESTAMP,
    updated_at timestamp without time zone DEFAULT CURRENT_TIMESTAMP,
    problem_id integer
);


ALTER TABLE mcl.problems_ct_slt OWNER TO postgres;

--
-- Name: COLUMN problems_ct_slt.est_impl_time; Type: COMMENT; Schema: mcl; Owner: postgres
--

COMMENT ON COLUMN mcl.problems_ct_slt.est_impl_time IS 'Оценка времени реализации решения проблемы (estimated implementation time)';


--
-- Name: problems_ct_slt_mp; Type: TABLE; Schema: mcl; Owner: postgres
--

CREATE TABLE mcl.problems_ct_slt_mp (
    id integer DEFAULT nextval('mcl.mssql_derived_types_problems_mapping_id_seq'::regclass) NOT NULL,
    derived_type_id integer,
    solution_id integer,
    solution_status character varying(20) DEFAULT 'active'::character varying,
    problem_detected_date timestamp without time zone DEFAULT CURRENT_TIMESTAMP,
    problem_resolved_date timestamp without time zone,
    resolution_notes text,
    created_at timestamp without time zone DEFAULT CURRENT_TIMESTAMP,
    updated_at timestamp without time zone DEFAULT CURRENT_TIMESTAMP,
    CONSTRAINT mssql_derived_types_problems_mapping_solution_status_check CHECK (((solution_status)::text = ANY (ARRAY[('active'::character varying)::text, ('resolved'::character varying)::text])))
);


ALTER TABLE mcl.problems_ct_slt_mp OWNER TO postgres;

--
-- Name: problems_tb; Type: TABLE; Schema: mcl; Owner: postgres
--

CREATE TABLE mcl.problems_tb (
    problem_context text,
    migration_impact character varying(50)
)
INHERITS (mcl.problems);


ALTER TABLE mcl.problems_tb OWNER TO postgres;

--
-- Name: TABLE problems_tb; Type: COMMENT; Schema: mcl; Owner: postgres
--

COMMENT ON TABLE mcl.problems_tb IS 'Проблемы миграции, связанные с таблицами. Наследуется от migration_problems. Содержит специфичную информацию о проблемах с таблицами MS SQL.';


--
-- Name: problems_tb_slt; Type: TABLE; Schema: mcl; Owner: postgres
--

CREATE TABLE mcl.problems_tb_slt (
    id integer NOT NULL,
    solution_name character varying(255) NOT NULL,
    solution_description text NOT NULL,
    solution_category character varying(100),
    complexity_level character varying(20) DEFAULT 'medium'::character varying,
    est_impl_time character varying(50),
    created_at timestamp without time zone DEFAULT CURRENT_TIMESTAMP,
    updated_at timestamp without time zone DEFAULT CURRENT_TIMESTAMP,
    problem_id integer
);


ALTER TABLE mcl.problems_tb_slt OWNER TO postgres;

--
-- Name: TABLE problems_tb_slt; Type: COMMENT; Schema: mcl; Owner: postgres
--

COMMENT ON TABLE mcl.problems_tb_slt IS 'Способы решения проблем с таблицами. Связана с table_migration_problems отношением один-ко-многим. Одна проблема может иметь несколько способов решения.';


--
-- Name: COLUMN problems_tb_slt.est_impl_time; Type: COMMENT; Schema: mcl; Owner: postgres
--

COMMENT ON COLUMN mcl.problems_tb_slt.est_impl_time IS 'Оценка времени реализации решения проблемы (estimated implementation time)';


--
-- Name: table_problem_solutions_id_seq; Type: SEQUENCE; Schema: mcl; Owner: postgres
--

CREATE SEQUENCE mcl.table_problem_solutions_id_seq
    AS integer
    START WITH 1
    INCREMENT BY 1
    NO MINVALUE
    NO MAXVALUE
    CACHE 1;


ALTER SEQUENCE mcl.table_problem_solutions_id_seq OWNER TO postgres;

--
-- Name: table_problem_solutions_id_seq; Type: SEQUENCE OWNED BY; Schema: mcl; Owner: postgres
--

ALTER SEQUENCE mcl.table_problem_solutions_id_seq OWNED BY mcl.problems_tb_slt.id;


--
-- Name: v_derived_type_problems; Type: VIEW; Schema: mcl; Owner: postgres
--

CREATE VIEW mcl.v_derived_type_problems AS
 SELECT mdt.id AS derived_type_id,
    mdt.base_type_id,
    mbt.base_type_name,
    mbt.type_category,
    mbt.type_family,
    mdt.precision_value,
    mdt.scale_value,
    mdt.length_value,
    mdt.is_nullable,
    mdt.max_value,
    mdt.task_id,
    pct.id AS problem_id,
    pct.problem_name,
    pct.problem_description,
    pct.problem_category,
    pct.severity_level,
    pct.problem_context,
    pct.migration_impact,
    pct.created_at AS problem_created_at,
    pct.updated_at AS problem_updated_at,
    pcts.id AS solution_id,
    pcts.solution_name,
    pcts.solution_description,
    pcts.solution_category,
    pcts.complexity_level,
    pcts.est_impl_time,
    pcts.created_at AS solution_created_at,
    pcts.updated_at AS solution_updated_at,
    pctmp.id AS mapping_id,
    pctmp.solution_status,
    pctmp.problem_detected_date,
    pctmp.problem_resolved_date,
    pctmp.resolution_notes,
    pctmp.created_at AS mapping_created_at,
    pctmp.updated_at AS mapping_updated_at,
        CASE
            WHEN (pctmp.problem_resolved_date IS NOT NULL) THEN 'resolved'::text
            WHEN ((pctmp.solution_status)::text = 'active'::text) THEN 'active'::text
            ELSE 'unknown'::text
        END AS overall_status,
        CASE
            WHEN (pctmp.problem_resolved_date IS NOT NULL) THEN (EXTRACT(epoch FROM (pctmp.problem_resolved_date - pctmp.problem_detected_date)) / (3600)::numeric)
            ELSE NULL::numeric
        END AS resolution_hours,
    pdt.id AS target_derived_type_id,
    pdt.base_type_id AS target_base_type_id,
    pbt.base_type_name AS target_base_type_name,
    pbt.type_category AS target_type_category,
    pbt.type_family AS target_type_family,
    pdt.precision_value AS target_precision_value,
    pdt.scale_value AS target_scale_value,
    pdt.length_value AS target_length_value,
    pdt.is_nullable AS target_is_nullable,
    pdt.max_value AS target_max_value,
    pdt.migration_quality AS target_migration_quality,
    pdt.performance_rating AS target_performance_rating,
    pdt.validation_rules AS target_validation_rules,
    pdt.notes AS target_notes,
    pdt.typname_with_params AS target_typname_with_params
   FROM ((((((mcl.mssql_derived_types mdt
     JOIN mcl.mssql_base_types mbt ON ((mdt.base_type_id = mbt.id)))
     LEFT JOIN mcl.problems_ct_slt_mp pctmp ON ((mdt.id = pctmp.derived_type_id)))
     LEFT JOIN mcl.problems_ct_slt pcts ON ((pctmp.solution_id = pcts.id)))
     LEFT JOIN mcl.problems_ct pct ON ((pcts.problem_id = pct.id)))
     LEFT JOIN mcl.postgres_derived_types pdt ON ((mdt.id = pdt.source_derived_type_id)))
     LEFT JOIN mcl.postgres_base_types pbt ON ((pdt.base_type_id = pbt.id)))
  WHERE (mdt.task_id = 2);


ALTER VIEW mcl.v_derived_type_problems OWNER TO postgres;

--
-- Name: v_derived_type_problems_active; Type: VIEW; Schema: mcl; Owner: postgres
--

CREATE VIEW mcl.v_derived_type_problems_active AS
 SELECT mdt.id AS derived_type_id,
    mbt.base_type_name,
    pct.problem_name,
    pcts.solution_name,
    pctmp.solution_status,
    pctmp.problem_detected_date
   FROM ((((mcl.mssql_derived_types mdt
     JOIN mcl.mssql_base_types mbt ON ((mdt.base_type_id = mbt.id)))
     JOIN mcl.problems_ct_slt_mp pctmp ON ((mdt.id = pctmp.derived_type_id)))
     JOIN mcl.problems_ct_slt pcts ON ((pctmp.solution_id = pcts.id)))
     JOIN mcl.problems_ct pct ON ((pcts.problem_id = pct.id)))
  WHERE (((pctmp.solution_status)::text = 'active'::text) AND (mdt.task_id = 2));


ALTER VIEW mcl.v_derived_type_problems_active OWNER TO postgres;

--
-- Name: v_problems_by_type; Type: VIEW; Schema: mcl; Owner: postgres
--

CREATE VIEW mcl.v_problems_by_type AS
 SELECT pct.problem_name,
    pct.problem_category,
    pct.severity_level,
    count(mdt.id) AS affected_types_count,
    string_agg((mbt.base_type_name)::text, ', '::text) AS affected_base_types,
    count(
        CASE
            WHEN ((pctmp.solution_status)::text = 'resolved'::text) THEN 1
            ELSE NULL::integer
        END) AS resolved_count,
    count(
        CASE
            WHEN ((pctmp.solution_status)::text = 'active'::text) THEN 1
            ELSE NULL::integer
        END) AS active_count,
    count(
        CASE
            WHEN (pctmp.solution_status IS NULL) THEN 1
            ELSE NULL::integer
        END) AS unresolved_count,
        CASE
            WHEN (count(
            CASE
                WHEN ((pctmp.solution_status)::text = 'resolved'::text) THEN 1
                ELSE NULL::integer
            END) = count(mdt.id)) THEN 'fully_resolved'::text
            WHEN (count(
            CASE
                WHEN ((pctmp.solution_status)::text = 'resolved'::text) THEN 1
                ELSE NULL::integer
            END) > 0) THEN 'partially_resolved'::text
            WHEN (count(
            CASE
                WHEN ((pctmp.solution_status)::text = 'active'::text) THEN 1
                ELSE NULL::integer
            END) > 0) THEN 'in_progress'::text
            ELSE 'not_started'::text
        END AS resolution_status,
    min(pctmp.problem_detected_date) AS first_detected_date,
    max(pctmp.problem_resolved_date) AS last_resolved_date,
    avg(
        CASE
            WHEN (pctmp.problem_resolved_date IS NOT NULL) THEN (EXTRACT(epoch FROM (pctmp.problem_resolved_date - pctmp.problem_detected_date)) / (3600)::numeric)
            ELSE NULL::numeric
        END) AS avg_resolution_hours,
    string_agg(DISTINCT (pcts.solution_name)::text, ', '::text) AS applied_solutions,
    string_agg(DISTINCT (pbt_target.base_type_name)::text, ', '::text) AS target_types
   FROM ((((((mcl.problems_ct pct
     JOIN mcl.problems_ct_slt pcts ON ((pct.id = pcts.problem_id)))
     LEFT JOIN mcl.problems_ct_slt_mp pctmp ON ((pcts.id = pctmp.solution_id)))
     LEFT JOIN mcl.mssql_derived_types mdt ON ((pctmp.derived_type_id = mdt.id)))
     LEFT JOIN mcl.mssql_base_types mbt ON ((mdt.base_type_id = mbt.id)))
     LEFT JOIN mcl.postgres_derived_types pdt ON ((mdt.id = pdt.source_derived_type_id)))
     LEFT JOIN mcl.postgres_base_types pbt_target ON ((pdt.base_type_id = pbt_target.id)))
  WHERE (mdt.task_id = 2)
  GROUP BY pct.id, pct.problem_name, pct.problem_category, pct.severity_level;


ALTER VIEW mcl.v_problems_by_type OWNER TO postgres;

--
-- Name: v_sequence_migration_status; Type: VIEW; Schema: mcl; Owner: postgres
--

CREATE VIEW mcl.v_sequence_migration_status AS
 SELECT mt.object_name AS source_table,
    mc.column_name AS source_column,
    mic.seed_value,
    mic.increment_value,
    mic.current_value,
    pt.object_name AS target_table,
    pc.column_name AS target_column,
    ps.sequence_name AS target_sequence,
    ps.migration_status,
    ps.migration_date,
    ps.error_message,
        CASE
            WHEN (ps.id IS NULL) THEN '❌ Не создан'::text
            WHEN ((ps.migration_status)::text = 'completed'::text) THEN '✅ Мигрирован'::text
            WHEN ((ps.migration_status)::text = 'failed'::text) THEN '❌ Ошибка'::text
            WHEN ((ps.migration_status)::text = 'pending'::text) THEN '⏳ Ожидает'::text
            ELSE '❓ Неизвестно'::text
        END AS status_icon
   FROM (((((mcl.mssql_identity_columns mic
     JOIN mcl.mssql_tables mt ON ((mic.table_id = mt.id)))
     JOIN mcl.mssql_columns mc ON ((mic.column_id = mc.id)))
     LEFT JOIN mcl.postgres_sequences ps ON ((mic.id = ps.source_identity_column_id)))
     LEFT JOIN mcl.postgres_tables pt ON ((ps.table_id = pt.id)))
     LEFT JOIN mcl.postgres_columns pc ON ((ps.column_id = pc.id)))
  ORDER BY mt.object_name, mc.column_name;


ALTER VIEW mcl.v_sequence_migration_status OWNER TO postgres;

--
-- Name: v_trigger_migration_status; Type: VIEW; Schema: mcl; Owner: postgres
--

CREATE VIEW mcl.v_trigger_migration_status AS
 SELECT mt.object_name AS source_table,
    mtr.trigger_name AS source_trigger,
    mtr.trigger_type,
    mtr.event_type,
    mtr.is_disabled,
    pt.object_name AS target_table,
    ptr.trigger_name AS target_trigger,
    ptr.migration_status,
    ptr.migration_date,
    ptr.error_message,
        CASE
            WHEN (ptr.id IS NULL) THEN '❌ Не создан'::text
            WHEN ((ptr.migration_status)::text = 'completed'::text) THEN '✅ Мигрирован'::text
            WHEN ((ptr.migration_status)::text = 'failed'::text) THEN '❌ Ошибка'::text
            WHEN ((ptr.migration_status)::text = 'pending'::text) THEN '⏳ Ожидает'::text
            ELSE '❓ Неизвестно'::text
        END AS status_icon
   FROM (((mcl.mssql_triggers mtr
     JOIN mcl.mssql_tables mt ON ((mtr.table_id = mt.id)))
     LEFT JOIN mcl.postgres_triggers ptr ON ((mtr.id = ptr.source_trigger_id)))
     LEFT JOIN mcl.postgres_tables pt ON ((ptr.table_id = pt.id)))
  ORDER BY mt.object_name, mtr.trigger_name;


ALTER VIEW mcl.v_trigger_migration_status OWNER TO postgres;

--
-- Name: migration_tasks id; Type: DEFAULT; Schema: mcl; Owner: postgres
--

ALTER TABLE ONLY mcl.migration_tasks ALTER COLUMN id SET DEFAULT nextval('mcl.migration_tasks_id_seq'::regclass);


--
-- Name: mssql_base_types id; Type: DEFAULT; Schema: mcl; Owner: postgres
--

ALTER TABLE ONLY mcl.mssql_base_types ALTER COLUMN id SET DEFAULT nextval('mcl.mssql_base_types_id_seq'::regclass);


--
-- Name: mssql_check_constraints id; Type: DEFAULT; Schema: mcl; Owner: postgres
--

ALTER TABLE ONLY mcl.mssql_check_constraints ALTER COLUMN id SET DEFAULT nextval('mcl.mssql_check_constraints_id_seq'::regclass);


--
-- Name: mssql_columns id; Type: DEFAULT; Schema: mcl; Owner: postgres
--

ALTER TABLE ONLY mcl.mssql_columns ALTER COLUMN id SET DEFAULT nextval('mcl.mssql_columns_id_seq'::regclass);


--
-- Name: mssql_default_constraints id; Type: DEFAULT; Schema: mcl; Owner: postgres
--

ALTER TABLE ONLY mcl.mssql_default_constraints ALTER COLUMN id SET DEFAULT nextval('mcl.mssql_default_constraints_id_seq'::regclass);


--
-- Name: mssql_derived_types id; Type: DEFAULT; Schema: mcl; Owner: postgres
--

ALTER TABLE ONLY mcl.mssql_derived_types ALTER COLUMN id SET DEFAULT nextval('mcl.mssql_derived_types_id_seq'::regclass);


--
-- Name: mssql_foreign_key_columns id; Type: DEFAULT; Schema: mcl; Owner: postgres
--

ALTER TABLE ONLY mcl.mssql_foreign_key_columns ALTER COLUMN id SET DEFAULT nextval('mcl.mssql_foreign_key_columns_id_seq'::regclass);


--
-- Name: mssql_foreign_keys id; Type: DEFAULT; Schema: mcl; Owner: postgres
--

ALTER TABLE ONLY mcl.mssql_foreign_keys ALTER COLUMN id SET DEFAULT nextval('mcl.mssql_foreign_keys_id_seq'::regclass);


--
-- Name: mssql_functions id; Type: DEFAULT; Schema: mcl; Owner: postgres
--

ALTER TABLE ONLY mcl.mssql_functions ALTER COLUMN id SET DEFAULT nextval('mcl.mssql_objects_id_seq'::regclass);


--
-- Name: mssql_functions migration_status; Type: DEFAULT; Schema: mcl; Owner: postgres
--

ALTER TABLE ONLY mcl.mssql_functions ALTER COLUMN migration_status SET DEFAULT 'pending'::character varying;


--
-- Name: mssql_functions created_at; Type: DEFAULT; Schema: mcl; Owner: postgres
--

ALTER TABLE ONLY mcl.mssql_functions ALTER COLUMN created_at SET DEFAULT CURRENT_TIMESTAMP;


--
-- Name: mssql_functions updated_at; Type: DEFAULT; Schema: mcl; Owner: postgres
--

ALTER TABLE ONLY mcl.mssql_functions ALTER COLUMN updated_at SET DEFAULT CURRENT_TIMESTAMP;


--
-- Name: mssql_identity_columns id; Type: DEFAULT; Schema: mcl; Owner: postgres
--

ALTER TABLE ONLY mcl.mssql_identity_columns ALTER COLUMN id SET DEFAULT nextval('mcl.mssql_identity_columns_id_seq'::regclass);


--
-- Name: mssql_index_columns id; Type: DEFAULT; Schema: mcl; Owner: postgres
--

ALTER TABLE ONLY mcl.mssql_index_columns ALTER COLUMN id SET DEFAULT nextval('mcl.mssql_index_columns_id_seq'::regclass);


--
-- Name: mssql_indexes id; Type: DEFAULT; Schema: mcl; Owner: postgres
--

ALTER TABLE ONLY mcl.mssql_indexes ALTER COLUMN id SET DEFAULT nextval('mcl.mssql_indexes_id_seq'::regclass);


--
-- Name: mssql_objects id; Type: DEFAULT; Schema: mcl; Owner: postgres
--

ALTER TABLE ONLY mcl.mssql_objects ALTER COLUMN id SET DEFAULT nextval('mcl.mssql_objects_id_seq'::regclass);


--
-- Name: mssql_primary_key_columns id; Type: DEFAULT; Schema: mcl; Owner: postgres
--

ALTER TABLE ONLY mcl.mssql_primary_key_columns ALTER COLUMN id SET DEFAULT nextval('mcl.mssql_primary_key_columns_id_seq'::regclass);


--
-- Name: mssql_primary_keys id; Type: DEFAULT; Schema: mcl; Owner: postgres
--

ALTER TABLE ONLY mcl.mssql_primary_keys ALTER COLUMN id SET DEFAULT nextval('mcl.mssql_primary_keys_id_seq'::regclass);


--
-- Name: mssql_stored_procedures id; Type: DEFAULT; Schema: mcl; Owner: postgres
--

ALTER TABLE ONLY mcl.mssql_stored_procedures ALTER COLUMN id SET DEFAULT nextval('mcl.mssql_objects_id_seq'::regclass);


--
-- Name: mssql_stored_procedures migration_status; Type: DEFAULT; Schema: mcl; Owner: postgres
--

ALTER TABLE ONLY mcl.mssql_stored_procedures ALTER COLUMN migration_status SET DEFAULT 'pending'::character varying;


--
-- Name: mssql_stored_procedures created_at; Type: DEFAULT; Schema: mcl; Owner: postgres
--

ALTER TABLE ONLY mcl.mssql_stored_procedures ALTER COLUMN created_at SET DEFAULT CURRENT_TIMESTAMP;


--
-- Name: mssql_stored_procedures updated_at; Type: DEFAULT; Schema: mcl; Owner: postgres
--

ALTER TABLE ONLY mcl.mssql_stored_procedures ALTER COLUMN updated_at SET DEFAULT CURRENT_TIMESTAMP;


--
-- Name: mssql_tables id; Type: DEFAULT; Schema: mcl; Owner: postgres
--

ALTER TABLE ONLY mcl.mssql_tables ALTER COLUMN id SET DEFAULT nextval('mcl.mssql_objects_id_seq'::regclass);


--
-- Name: mssql_tables migration_status; Type: DEFAULT; Schema: mcl; Owner: postgres
--

ALTER TABLE ONLY mcl.mssql_tables ALTER COLUMN migration_status SET DEFAULT 'pending'::character varying;


--
-- Name: mssql_tables created_at; Type: DEFAULT; Schema: mcl; Owner: postgres
--

ALTER TABLE ONLY mcl.mssql_tables ALTER COLUMN created_at SET DEFAULT CURRENT_TIMESTAMP;


--
-- Name: mssql_tables updated_at; Type: DEFAULT; Schema: mcl; Owner: postgres
--

ALTER TABLE ONLY mcl.mssql_tables ALTER COLUMN updated_at SET DEFAULT CURRENT_TIMESTAMP;


--
-- Name: mssql_triggers id; Type: DEFAULT; Schema: mcl; Owner: postgres
--

ALTER TABLE ONLY mcl.mssql_triggers ALTER COLUMN id SET DEFAULT nextval('mcl.mssql_triggers_id_seq'::regclass);


--
-- Name: mssql_unique_constraint_columns id; Type: DEFAULT; Schema: mcl; Owner: postgres
--

ALTER TABLE ONLY mcl.mssql_unique_constraint_columns ALTER COLUMN id SET DEFAULT nextval('mcl.mssql_unique_constraint_columns_id_seq'::regclass);


--
-- Name: mssql_unique_constraints id; Type: DEFAULT; Schema: mcl; Owner: postgres
--

ALTER TABLE ONLY mcl.mssql_unique_constraints ALTER COLUMN id SET DEFAULT nextval('mcl.mssql_unique_constraints_id_seq'::regclass);


--
-- Name: mssql_views id; Type: DEFAULT; Schema: mcl; Owner: postgres
--

ALTER TABLE ONLY mcl.mssql_views ALTER COLUMN id SET DEFAULT nextval('mcl.mssql_objects_id_seq'::regclass);


--
-- Name: mssql_views migration_status; Type: DEFAULT; Schema: mcl; Owner: postgres
--

ALTER TABLE ONLY mcl.mssql_views ALTER COLUMN migration_status SET DEFAULT 'pending'::character varying;


--
-- Name: mssql_views created_at; Type: DEFAULT; Schema: mcl; Owner: postgres
--

ALTER TABLE ONLY mcl.mssql_views ALTER COLUMN created_at SET DEFAULT CURRENT_TIMESTAMP;


--
-- Name: mssql_views updated_at; Type: DEFAULT; Schema: mcl; Owner: postgres
--

ALTER TABLE ONLY mcl.mssql_views ALTER COLUMN updated_at SET DEFAULT CURRENT_TIMESTAMP;


--
-- Name: postgres_check_constraints id; Type: DEFAULT; Schema: mcl; Owner: postgres
--

ALTER TABLE ONLY mcl.postgres_check_constraints ALTER COLUMN id SET DEFAULT nextval('mcl.postgres_check_constraints_id_seq'::regclass);


--
-- Name: postgres_columns id; Type: DEFAULT; Schema: mcl; Owner: postgres
--

ALTER TABLE ONLY mcl.postgres_columns ALTER COLUMN id SET DEFAULT nextval('mcl.postgres_columns_id_seq'::regclass);


--
-- Name: postgres_default_constraints id; Type: DEFAULT; Schema: mcl; Owner: postgres
--

ALTER TABLE ONLY mcl.postgres_default_constraints ALTER COLUMN id SET DEFAULT nextval('mcl.postgres_default_constraints_id_seq'::regclass);


--
-- Name: postgres_foreign_key_columns id; Type: DEFAULT; Schema: mcl; Owner: postgres
--

ALTER TABLE ONLY mcl.postgres_foreign_key_columns ALTER COLUMN id SET DEFAULT nextval('mcl.postgres_foreign_key_columns_id_seq'::regclass);


--
-- Name: postgres_foreign_keys id; Type: DEFAULT; Schema: mcl; Owner: postgres
--

ALTER TABLE ONLY mcl.postgres_foreign_keys ALTER COLUMN id SET DEFAULT nextval('mcl.postgres_foreign_keys_id_seq'::regclass);


--
-- Name: postgres_functions id; Type: DEFAULT; Schema: mcl; Owner: postgres
--

ALTER TABLE ONLY mcl.postgres_functions ALTER COLUMN id SET DEFAULT nextval('mcl.postgres_objects_id_seq'::regclass);


--
-- Name: postgres_functions migration_status; Type: DEFAULT; Schema: mcl; Owner: postgres
--

ALTER TABLE ONLY mcl.postgres_functions ALTER COLUMN migration_status SET DEFAULT 'pending'::character varying;


--
-- Name: postgres_functions created_at; Type: DEFAULT; Schema: mcl; Owner: postgres
--

ALTER TABLE ONLY mcl.postgres_functions ALTER COLUMN created_at SET DEFAULT CURRENT_TIMESTAMP;


--
-- Name: postgres_functions updated_at; Type: DEFAULT; Schema: mcl; Owner: postgres
--

ALTER TABLE ONLY mcl.postgres_functions ALTER COLUMN updated_at SET DEFAULT CURRENT_TIMESTAMP;


--
-- Name: postgres_index_columns id; Type: DEFAULT; Schema: mcl; Owner: postgres
--

ALTER TABLE ONLY mcl.postgres_index_columns ALTER COLUMN id SET DEFAULT nextval('mcl.postgres_index_columns_id_seq'::regclass);


--
-- Name: postgres_indexes id; Type: DEFAULT; Schema: mcl; Owner: postgres
--

ALTER TABLE ONLY mcl.postgres_indexes ALTER COLUMN id SET DEFAULT nextval('mcl.postgres_indexes_id_seq'::regclass);


--
-- Name: postgres_objects id; Type: DEFAULT; Schema: mcl; Owner: postgres
--

ALTER TABLE ONLY mcl.postgres_objects ALTER COLUMN id SET DEFAULT nextval('mcl.postgres_objects_id_seq'::regclass);


--
-- Name: postgres_primary_key_columns id; Type: DEFAULT; Schema: mcl; Owner: postgres
--

ALTER TABLE ONLY mcl.postgres_primary_key_columns ALTER COLUMN id SET DEFAULT nextval('mcl.postgres_primary_key_columns_id_seq'::regclass);


--
-- Name: postgres_primary_keys id; Type: DEFAULT; Schema: mcl; Owner: postgres
--

ALTER TABLE ONLY mcl.postgres_primary_keys ALTER COLUMN id SET DEFAULT nextval('mcl.postgres_primary_keys_id_seq'::regclass);


--
-- Name: postgres_sequences id; Type: DEFAULT; Schema: mcl; Owner: postgres
--

ALTER TABLE ONLY mcl.postgres_sequences ALTER COLUMN id SET DEFAULT nextval('mcl.postgres_sequences_id_seq'::regclass);


--
-- Name: postgres_stored_procedures id; Type: DEFAULT; Schema: mcl; Owner: postgres
--

ALTER TABLE ONLY mcl.postgres_stored_procedures ALTER COLUMN id SET DEFAULT nextval('mcl.postgres_objects_id_seq'::regclass);


--
-- Name: postgres_stored_procedures migration_status; Type: DEFAULT; Schema: mcl; Owner: postgres
--

ALTER TABLE ONLY mcl.postgres_stored_procedures ALTER COLUMN migration_status SET DEFAULT 'pending'::character varying;


--
-- Name: postgres_stored_procedures created_at; Type: DEFAULT; Schema: mcl; Owner: postgres
--

ALTER TABLE ONLY mcl.postgres_stored_procedures ALTER COLUMN created_at SET DEFAULT CURRENT_TIMESTAMP;


--
-- Name: postgres_stored_procedures updated_at; Type: DEFAULT; Schema: mcl; Owner: postgres
--

ALTER TABLE ONLY mcl.postgres_stored_procedures ALTER COLUMN updated_at SET DEFAULT CURRENT_TIMESTAMP;


--
-- Name: postgres_tables id; Type: DEFAULT; Schema: mcl; Owner: postgres
--

ALTER TABLE ONLY mcl.postgres_tables ALTER COLUMN id SET DEFAULT nextval('mcl.postgres_objects_id_seq'::regclass);


--
-- Name: postgres_tables migration_status; Type: DEFAULT; Schema: mcl; Owner: postgres
--

ALTER TABLE ONLY mcl.postgres_tables ALTER COLUMN migration_status SET DEFAULT 'pending'::character varying;


--
-- Name: postgres_tables created_at; Type: DEFAULT; Schema: mcl; Owner: postgres
--

ALTER TABLE ONLY mcl.postgres_tables ALTER COLUMN created_at SET DEFAULT CURRENT_TIMESTAMP;


--
-- Name: postgres_tables updated_at; Type: DEFAULT; Schema: mcl; Owner: postgres
--

ALTER TABLE ONLY mcl.postgres_tables ALTER COLUMN updated_at SET DEFAULT CURRENT_TIMESTAMP;


--
-- Name: postgres_triggers id; Type: DEFAULT; Schema: mcl; Owner: postgres
--

ALTER TABLE ONLY mcl.postgres_triggers ALTER COLUMN id SET DEFAULT nextval('mcl.postgres_triggers_id_seq'::regclass);


--
-- Name: postgres_unique_constraint_columns id; Type: DEFAULT; Schema: mcl; Owner: postgres
--

ALTER TABLE ONLY mcl.postgres_unique_constraint_columns ALTER COLUMN id SET DEFAULT nextval('mcl.postgres_unique_constraint_columns_id_seq'::regclass);


--
-- Name: postgres_unique_constraints id; Type: DEFAULT; Schema: mcl; Owner: postgres
--

ALTER TABLE ONLY mcl.postgres_unique_constraints ALTER COLUMN id SET DEFAULT nextval('mcl.postgres_unique_constraints_id_seq'::regclass);


--
-- Name: postgres_views id; Type: DEFAULT; Schema: mcl; Owner: postgres
--

ALTER TABLE ONLY mcl.postgres_views ALTER COLUMN id SET DEFAULT nextval('mcl.postgres_objects_id_seq'::regclass);


--
-- Name: postgres_views migration_status; Type: DEFAULT; Schema: mcl; Owner: postgres
--

ALTER TABLE ONLY mcl.postgres_views ALTER COLUMN migration_status SET DEFAULT 'pending'::character varying;


--
-- Name: postgres_views created_at; Type: DEFAULT; Schema: mcl; Owner: postgres
--

ALTER TABLE ONLY mcl.postgres_views ALTER COLUMN created_at SET DEFAULT CURRENT_TIMESTAMP;


--
-- Name: postgres_views updated_at; Type: DEFAULT; Schema: mcl; Owner: postgres
--

ALTER TABLE ONLY mcl.postgres_views ALTER COLUMN updated_at SET DEFAULT CURRENT_TIMESTAMP;


--
-- Name: problems id; Type: DEFAULT; Schema: mcl; Owner: postgres
--

ALTER TABLE ONLY mcl.problems ALTER COLUMN id SET DEFAULT nextval('mcl.migration_problems_id_seq'::regclass);


--
-- Name: problems_cm id; Type: DEFAULT; Schema: mcl; Owner: postgres
--

ALTER TABLE ONLY mcl.problems_cm ALTER COLUMN id SET DEFAULT nextval('mcl.migration_problems_id_seq'::regclass);


--
-- Name: problems_cm severity_level; Type: DEFAULT; Schema: mcl; Owner: postgres
--

ALTER TABLE ONLY mcl.problems_cm ALTER COLUMN severity_level SET DEFAULT 'medium'::character varying;


--
-- Name: problems_cm created_at; Type: DEFAULT; Schema: mcl; Owner: postgres
--

ALTER TABLE ONLY mcl.problems_cm ALTER COLUMN created_at SET DEFAULT CURRENT_TIMESTAMP;


--
-- Name: problems_cm updated_at; Type: DEFAULT; Schema: mcl; Owner: postgres
--

ALTER TABLE ONLY mcl.problems_cm ALTER COLUMN updated_at SET DEFAULT CURRENT_TIMESTAMP;


--
-- Name: problems_cm_slt id; Type: DEFAULT; Schema: mcl; Owner: postgres
--

ALTER TABLE ONLY mcl.problems_cm_slt ALTER COLUMN id SET DEFAULT nextval('mcl.column_problem_solutions_id_seq'::regclass);


--
-- Name: problems_cm_slt_mp id; Type: DEFAULT; Schema: mcl; Owner: postgres
--

ALTER TABLE ONLY mcl.problems_cm_slt_mp ALTER COLUMN id SET DEFAULT nextval('mcl.mssql_columns_problems_mapping_id_seq'::regclass);


--
-- Name: problems_ct id; Type: DEFAULT; Schema: mcl; Owner: postgres
--

ALTER TABLE ONLY mcl.problems_ct ALTER COLUMN id SET DEFAULT nextval('mcl.migration_problems_id_seq'::regclass);


--
-- Name: problems_ct severity_level; Type: DEFAULT; Schema: mcl; Owner: postgres
--

ALTER TABLE ONLY mcl.problems_ct ALTER COLUMN severity_level SET DEFAULT 'medium'::character varying;


--
-- Name: problems_ct created_at; Type: DEFAULT; Schema: mcl; Owner: postgres
--

ALTER TABLE ONLY mcl.problems_ct ALTER COLUMN created_at SET DEFAULT CURRENT_TIMESTAMP;


--
-- Name: problems_ct updated_at; Type: DEFAULT; Schema: mcl; Owner: postgres
--

ALTER TABLE ONLY mcl.problems_ct ALTER COLUMN updated_at SET DEFAULT CURRENT_TIMESTAMP;


--
-- Name: problems_tb id; Type: DEFAULT; Schema: mcl; Owner: postgres
--

ALTER TABLE ONLY mcl.problems_tb ALTER COLUMN id SET DEFAULT nextval('mcl.migration_problems_id_seq'::regclass);


--
-- Name: problems_tb severity_level; Type: DEFAULT; Schema: mcl; Owner: postgres
--

ALTER TABLE ONLY mcl.problems_tb ALTER COLUMN severity_level SET DEFAULT 'medium'::character varying;


--
-- Name: problems_tb created_at; Type: DEFAULT; Schema: mcl; Owner: postgres
--

ALTER TABLE ONLY mcl.problems_tb ALTER COLUMN created_at SET DEFAULT CURRENT_TIMESTAMP;


--
-- Name: problems_tb updated_at; Type: DEFAULT; Schema: mcl; Owner: postgres
--

ALTER TABLE ONLY mcl.problems_tb ALTER COLUMN updated_at SET DEFAULT CURRENT_TIMESTAMP;


--
-- Name: problems_tb_slt id; Type: DEFAULT; Schema: mcl; Owner: postgres
--

ALTER TABLE ONLY mcl.problems_tb_slt ALTER COLUMN id SET DEFAULT nextval('mcl.table_problem_solutions_id_seq'::regclass);


--
-- Name: problems_tb_slt_mp id; Type: DEFAULT; Schema: mcl; Owner: postgres
--

ALTER TABLE ONLY mcl.problems_tb_slt_mp ALTER COLUMN id SET DEFAULT nextval('mcl.mssql_tables_problems_mapping_id_seq'::regclass);


--
-- Data for Name: migration_tasks; Type: TABLE DATA; Schema: mcl; Owner: postgres
--

COPY mcl.migration_tasks (id, description, created_at, updated_at) FROM stdin;
1	Тестовая задача для проверки системы проблем колонок	2025-09-02 07:29:10.699398	2025-09-02 07:29:10.699398
2	Миграция базы данных Fish_Eye из MS SQL Server в PostgreSQL с использованием оптимизированной системы контроля миграции - версия 2.0	2025-09-03 07:41:54.028417	2025-09-03 07:41:54.028417
\.


--
-- Data for Name: mssql_base_types; Type: TABLE DATA; Schema: mcl; Owner: postgres
--

COPY mcl.mssql_base_types (id, base_type_name, type_category, type_family, is_user_defined, description, created_at, updated_at, postgres_equivalent_type, migration_complexity, notes) FROM stdin;
1	int	integer	integer	f	Базовый тип данных MS SQL Server: int	2025-09-04 10:47:18.853562	2025-09-04 10:47:18.853562	\N	\N	\N
2	nvarchar	string	string	f	Базовый тип данных MS SQL Server: nvarchar	2025-09-04 10:47:18.853562	2025-09-04 10:47:18.853562	\N	\N	\N
3	date	datetime	datetime	f	Базовый тип данных MS SQL Server: date	2025-09-04 10:47:18.853562	2025-09-04 10:47:18.853562	\N	\N	\N
4	char	string	string	f	Базовый тип данных MS SQL Server: char	2025-09-04 10:47:18.853562	2025-09-04 10:47:18.853562	\N	\N	\N
5	datetime	datetime	datetime	f	Базовый тип данных MS SQL Server: datetime	2025-09-04 10:47:18.853562	2025-09-04 10:47:18.853562	\N	\N	\N
6	money	decimal	decimal	f	Базовый тип данных MS SQL Server: money	2025-09-04 10:47:18.853562	2025-09-04 10:47:18.853562	\N	\N	\N
7	decimal	decimal	decimal	f	Базовый тип данных MS SQL Server: decimal	2025-09-04 10:47:18.853562	2025-09-04 10:47:18.853562	\N	\N	\N
8	float	float	float	f	Базовый тип данных MS SQL Server: float	2025-09-04 10:47:18.853562	2025-09-04 10:47:18.853562	\N	\N	\N
9	tinyint	integer	integer	f	Базовый тип данных MS SQL Server: tinyint	2025-09-04 10:47:18.853562	2025-09-04 10:47:18.853562	\N	\N	\N
10	uniqueidentifier	uuid	uuid	f	Базовый тип данных MS SQL Server: uniqueidentifier	2025-09-04 10:47:18.853562	2025-09-04 10:47:18.853562	\N	\N	\N
11	smallint	integer	integer	f	Базовый тип данных MS SQL Server: smallint	2025-09-04 10:47:18.853562	2025-09-04 10:47:18.853562	\N	\N	\N
12	varchar	string	string	f	Базовый тип данных MS SQL Server: varchar	2025-09-04 10:47:18.853562	2025-09-04 10:47:18.853562	\N	\N	\N
13	bigint	integer	integer	f	Базовый тип данных MS SQL Server: bigint	2025-09-04 10:47:18.853562	2025-09-04 10:47:18.853562	\N	\N	\N
\.


--
-- Data for Name: mssql_check_constraints; Type: TABLE DATA; Schema: mcl; Owner: postgres
--

COPY mcl.mssql_check_constraints (id, table_id, constraint_name, definition, is_disabled, is_not_trusted, created_at, updated_at) FROM stdin;
1	1570	CK_invDbt_idNum	([idNum]>(0))	f	f	2025-09-10 15:58:04.412287	2025-09-10 15:58:04.412287
2	1593	CK_ipgUtPlPnLmMn<>0	([iuplpmLim]<>(0))	f	f	2025-09-10 15:58:04.412287	2025-09-10 15:58:04.412287
3	1594	CK_ipgUtPlPnLmQu<>0	([iuplpqLim]<>(0))	f	f	2025-09-10 15:58:04.412287	2025-09-10 15:58:04.412287
4	1595	CK_ipgUtPlPnLmYe<>0	([iuplpyLim]<>(0))	f	f	2025-09-10 15:58:04.412287	2025-09-10 15:58:04.412287
5	1596	CK_JuUnDoc_jType	([jType]='prmr' OR [jType]='scnd' OR [jType]='chng' OR [jType]='unkn')	f	f	2025-09-10 15:58:04.412287	2025-09-10 15:58:04.412287
6	1597	CK_JuUnDocChng_jcDocType	([jcDocType]='chng')	f	f	2025-09-10 15:58:04.412287	2025-09-10 15:58:04.412287
7	1602	CK_JuUnDocPrmr_jpDocType	([jpDocType]='prmr')	f	f	2025-09-10 15:58:04.412287	2025-09-10 15:58:04.412287
8	1613	CK_og_rgTaxType	([ogRgTaxType]='og' OR [ogRgTaxType]='sd' OR [ogRgTaxType]='ie')	f	f	2025-09-10 15:58:04.412287	2025-09-10 15:58:04.412287
9	1626	CK_ra_change_summCt<>0	([rcscLim]<>(0))	f	f	2025-09-10 15:58:04.412287	2025-09-10 15:58:04.412287
10	1629	CK_ra_summCt<>0	([rscSumm]<>(0))	f	f	2025-09-10 15:58:04.412287	2025-09-10 15:58:04.412287
11	1633	CK_ralpRaAu	([ralpraStatus] like '[0-3]')	f	f	2025-09-10 15:58:16.405707	2025-09-10 15:58:16.405707
12	1634	CK_rgTaxBuirg_Type	([rtbType]='jp' OR [rtbType]='sd' OR [rtbType]='ie')	f	f	2025-09-10 15:58:16.405707	2025-09-10 15:58:16.405707
13	1636	CK_rgTaxIdNumJurPers_rtinjpBuirgType	([rtinjpBuirgType]='jp')	f	f	2025-09-10 15:58:16.405707	2025-09-10 15:58:16.405707
14	1640	CK_rgTaxMnStRegNum_TaxType	([rtmsrnTaxType]='og')	f	f	2025-09-10 15:58:16.405707	2025-09-10 15:58:16.405707
15	1641	CK_rgTaxMnStRegNumInd_BuirgType	([rtmsrniBuirgType]='ie')	f	f	2025-09-10 15:58:16.405707	2025-09-10 15:58:16.405707
16	1641	CK_rgTaxMnStRegNumInd_rtmsrniTaxType	([rtmsrniTaxType]='ie')	f	f	2025-09-10 15:58:16.405707	2025-09-10 15:58:16.405707
17	1641	CK_rgTaxMnStRegNumInd_Type	([rtmsrniType]='ипр' OR [rtmsrniType]='кфх')	f	f	2025-09-10 15:58:16.405707	2025-09-10 15:58:16.405707
18	1648	CK_rgTaxReorAcqui	([rAcquiredTrm]='2.5.0')	f	f	2025-09-10 15:58:16.405707	2025-09-10 15:58:16.405707
19	1649	CK_rgTaxReorDivis	(([rtrdDivisibleTrmMtd]='2.8.1' OR [rtrdDivisibleTrmMtd]='2.6.1' OR [rtrdDivisibleTrmMtd]='2.3.0') AND [rtrdDividedFrmMtd]='2.3')	f	f	2025-09-10 15:58:16.405707	2025-09-10 15:58:16.405707
20	1650	CK_ReorDivisAcqu	([rDivisibleTrm]='2.6.1' AND [rDividedAcquFrm]='2.6' AND [rDividedAcquTrm]='2.6.2')	f	f	2025-09-10 15:58:16.405707	2025-09-10 15:58:16.405707
21	1651	CK_ReorDivisMerg	([rDivisibleTrm]='2.8.1' AND [rDividedMergFrm]='2.8' AND [rDividedMergTrm]='2.8.2' AND [rMergedFrm]='2.2')	f	f	2025-09-10 15:58:30.475759	2025-09-10 15:58:30.475759
22	1652	CK_rgTaxReorMerge	([rMergerableTrm]='2.2.0')	f	f	2025-09-10 15:58:30.475759	2025-09-10 15:58:30.475759
23	1653	CK_rgTaxReorSepar	([rSeparatedFrmMtd]='2.4')	f	f	2025-09-10 15:58:30.475759	2025-09-10 15:58:30.475759
24	1654	CK_rgTaxReorSeparAcqu	([rSeparatedAcquFrm]='2.7' AND [rSeparatedAcquTrm]='2.7.0')	f	f	2025-09-10 15:58:30.475759	2025-09-10 15:58:30.475759
25	1655	CK_ReorSeparMerg	([rSeparatedMergFrm]='2.9' AND [rSeparatedMergTrm]='2.9.0' AND [rMergedFrm]='2.2')	f	f	2025-09-10 15:58:30.475759	2025-09-10 15:58:30.475759
26	1656	CK_rgTaxReorTrans	([rtrtTransformableTrmMtd]='2.1.0' AND [rtrtTransformedFrmMtd]='2.1')	f	f	2025-09-10 15:58:30.475759	2025-09-10 15:58:30.475759
27	1657	CK_rgTaxSubDivs	([rsdType]='подр' OR [rsdType]='пред' OR [rsdType]='филл')	f	f	2025-09-10 15:58:30.475759	2025-09-10 15:58:30.475759
28	1657	CK_rgTaxSubDivs_rsdTaxType	([rsdTaxType]='sd')	f	f	2025-09-10 15:58:30.475759	2025-09-10 15:58:30.475759
29	1658	CK_rgTaxSubDivsBuirg_rTaxType	([rTaxType]='sd')	f	f	2025-09-10 15:58:30.475759	2025-09-10 15:58:30.475759
30	1668	CK_stNetPn_TypeCheck	([ags].[fnStNetPnTypeCheck]([stnpStRel],[stpnStNet])=(1))	f	f	2025-09-10 15:58:30.475759	2025-09-10 15:58:30.475759
31	1669	CK_stRel_TypeCheck	([ags].[fnStTypeCheck]([strParent],[strChild])=(1))	f	f	2025-09-10 15:58:30.475759	2025-09-10 15:58:30.475759
\.


--
-- Data for Name: mssql_columns; Type: TABLE DATA; Schema: mcl; Owner: postgres
--

COPY mcl.mssql_columns (id, table_id, data_type_id, column_name, ordinal_position, default_value, is_identity, identity_seed, identity_increment, is_computed, computed_definition, is_persisted, created_at, updated_at, column_description) FROM stdin;
3	1	\N	UserID	1	\N	\N	\N	\N	\N	\N	\N	2025-09-02 07:29:43.497829	2025-09-02 07:29:43.497829	\N
4	1581	40	ipgsKey	1	\N	t	1	1	f		f	2025-09-04 14:37:56.372677	2025-09-04 14:37:56.372677	
5	1508	40	account_key	1	\N	t	1	1	f		f	2025-09-04 14:37:56.372677	2025-09-04 14:37:56.372677	
368	1566	56	branch	4	\N	f	0	0	f		f	2025-09-04 14:37:56.372677	2025-09-04 14:37:56.372677	
369	1566	41	ogKey	5	\N	f	0	0	f		f	2025-09-04 14:37:56.372677	2025-09-04 14:37:56.372677	
6	1508	40	account_num	2	\N	f	0	0	f		f	2025-09-04 14:37:56.372677	2025-09-04 14:37:56.372677	
7	1508	55	account_name	3	\N	f	0	0	f		f	2025-09-04 14:37:56.372677	2025-09-04 14:37:56.372677	
8	1509	40	cn_key	1	\N	t	1	1	f		f	2025-09-04 14:37:56.372677	2025-09-04 14:37:56.372677	
9	1509	56	cn_number	2	\N	f	0	0	t	([ags].[fnCnNum]([cn_key]))	f	2025-09-04 14:37:56.372677	2025-09-04 14:37:56.372677	
10	1509	22	cn_date	3	\N	f	0	0	f		f	2025-09-04 14:37:56.372677	2025-09-04 14:37:56.372677	
11	1509	45	cn_note	4	\N	f	0	0	f		f	2025-09-04 14:37:56.372677	2025-09-04 14:37:56.372677	
12	1509	41	cnMark	5	\N	f	0	0	f		f	2025-09-04 14:37:56.372677	2025-09-04 14:37:56.372677	
13	1509	24	cnTimeOfEntry	6	\N	f	0	0	f		f	2025-09-04 14:37:56.372677	2025-09-04 14:37:56.372677	
14	1509	56	cnName	7	\N	f	0	0	t	([ags].[fnCnName]([cn_key]))	f	2025-09-04 14:37:56.372677	2025-09-04 14:37:56.372677	
15	1510	40	cn_inv_key	1	\N	t	1	1	f		f	2025-09-04 14:37:56.372677	2025-09-04 14:37:56.372677	
16	1510	40	cn_s_kontr	2	\N	f	0	0	f		f	2025-09-04 14:37:56.372677	2025-09-04 14:37:56.372677	
17	1510	56	cn_inv_num	3	\N	f	0	0	f		f	2025-09-04 14:37:56.372677	2025-09-04 14:37:56.372677	
18	1510	22	cn_inv_date	4	\N	f	0	0	f		f	2025-09-04 14:37:56.372677	2025-09-04 14:37:56.372677	
19	1510	45	cn_note	5	\N	f	0	0	f		f	2025-09-04 14:37:56.372677	2025-09-04 14:37:56.372677	
20	1510	41	mark	6	\N	f	0	0	f		f	2025-09-04 14:37:56.372677	2025-09-04 14:37:56.372677	
21	1510	40	accnt	7	\N	f	0	0	f		f	2025-09-04 14:37:56.372677	2025-09-04 14:37:56.372677	
22	1549	21	igrDate	3	\N	f	0	0	f		f	2025-09-04 14:37:56.372677	2025-09-04 14:37:56.372677	
23	1574	21	ipgStr	6	\N	f	0	0	f		f	2025-09-04 14:37:56.372677	2025-09-04 14:37:56.372677	
24	1593	40	iuplpmKey	1	\N	t	1	1	f		f	2025-09-04 14:37:56.372677	2025-09-04 14:37:56.372677	
25	1510	41	cn_key	8	\N	f	0	0	f		f	2025-09-04 14:37:56.372677	2025-09-04 14:37:56.372677	
26	1510	41	cn_s_agent	9	\N	f	0	0	f		f	2025-09-04 14:37:56.372677	2025-09-04 14:37:56.372677	
27	1511	40	cn_inv_dbt_key	1	\N	t	1	1	f		f	2025-09-04 14:37:56.372677	2025-09-04 14:37:56.372677	
28	1511	22	cn_inv_date_start	2	\N	f	0	0	f		f	2025-09-04 14:37:56.372677	2025-09-04 14:37:56.372677	
29	1511	22	cn_inv_date_maturity	3	\N	f	0	0	f		f	2025-09-04 14:37:56.372677	2025-09-04 14:37:56.372677	
30	1511	56	debt_type	4	\N	f	0	0	f		f	2025-09-04 14:37:56.372677	2025-09-04 14:37:56.372677	
31	1511	42	dbt_ttl	5	\N	f	0	0	f		f	2025-09-04 14:37:56.372677	2025-09-04 14:37:56.372677	
32	1511	42	dbt_overd	6	\N	f	0	0	f		f	2025-09-04 14:37:56.372677	2025-09-04 14:37:56.372677	
33	1511	56	doc_base	7	\N	f	0	0	f		f	2025-09-04 14:37:56.372677	2025-09-04 14:37:56.372677	
34	1511	56	link	8	\N	f	0	0	f		f	2025-09-04 14:37:56.372677	2025-09-04 14:37:56.372677	
35	1511	40	cn_inv_dbt_upl	9	\N	f	0	0	f		f	2025-09-04 14:37:56.372677	2025-09-04 14:37:56.372677	Ключ выгрузки.
36	1511	40	number	10	\N	f	0	0	f		f	2025-09-04 14:37:56.372677	2025-09-04 14:37:56.372677	
37	1511	41	mark	11	\N	f	0	0	f		f	2025-09-04 14:37:56.372677	2025-09-04 14:37:56.372677	
38	1511	40	cidCnInvAccntCtpt	12	\N	f	0	0	f		f	2025-09-04 14:37:56.372677	2025-09-04 14:37:56.372677	Ключ собственно задолженности. Добавлен 07.12.2021
39	1511	24	cidTimeOfEntry	13	\N	f	0	0	f		f	2025-09-04 14:37:56.372677	2025-09-04 14:37:56.372677	19.01.2022 Дата и время внесения
40	1512	40	upl_key	1	\N	t	1	1	f		f	2025-09-04 14:37:56.372677	2025-09-04 14:37:56.372677	
41	1512	57	uplNmCs	2	\N	f	0	0	t	((CONVERT([nvarchar](10),[upl_date],(23))+' ')+[upl_name])	f	2025-09-04 14:37:56.372677	2025-09-04 14:37:56.372677	
42	1512	21	upl_date	3	\N	f	0	0	f		f	2025-09-04 14:37:56.372677	2025-09-04 14:37:56.372677	
43	1512	55	upl_name	4	\N	f	0	0	f		f	2025-09-04 14:37:56.372677	2025-09-04 14:37:56.372677	
44	1512	21	uplStatusOnDate	5	\N	f	0	0	f		f	2025-09-04 14:37:56.372677	2025-09-04 14:37:56.372677	
45	1513	40	key	1	\N	t	1	1	f		f	2025-09-04 14:37:56.372677	2025-09-04 14:37:56.372677	
46	1513	40	cn_inv_pm_upl	2	\N	f	0	0	f		f	2025-09-04 14:37:56.372677	2025-09-04 14:37:56.372677	
47	1513	40	cn_inv_dbt_upl	3	\N	f	0	0	f		f	2025-09-04 14:37:56.372677	2025-09-04 14:37:56.372677	
48	1514	40	cn_inv_doc_key	1	\N	t	1	1	f		f	2025-09-04 14:37:56.372677	2025-09-04 14:37:56.372677	
49	1514	25	cn_inv_doc_kod	2	\N	f	0	0	f		f	2025-09-04 14:37:56.372677	2025-09-04 14:37:56.372677	
50	1514	22	cn_inv_doc_date	3	\N	f	0	0	f		f	2025-09-04 14:37:56.372677	2025-09-04 14:37:56.372677	
51	1514	22	cn_inv_doc_date_entry	4	\N	f	0	0	f		f	2025-09-04 14:37:56.372677	2025-09-04 14:37:56.372677	
52	1514	43	cn_inv_doc_sum	5	\N	f	0	0	f		f	2025-09-04 14:37:56.372677	2025-09-04 14:37:56.372677	
53	1514	56	cn_inv_doc_link	6	\N	f	0	0	f		f	2025-09-04 14:37:56.372677	2025-09-04 14:37:56.372677	
54	1514	41	mark	7	\N	f	0	0	f		f	2025-09-04 14:37:56.372677	2025-09-04 14:37:56.372677	
55	1515	40	cn_inv_pm_key	1	\N	t	1	1	f		f	2025-09-04 14:37:56.372677	2025-09-04 14:37:56.372677	
56	1515	41	cn_inv_key	2	\N	f	0	0	f		f	2025-09-04 14:37:56.372677	2025-09-04 14:37:56.372677	Сейчас, на 18.05.2021, полем для связи со счётом-фактурой является поле cipCnInvAccnt (учитывающее номер счёта главной книги). Настоящее поле сохраняется на всякий случай
89	1516	56	cn_inv_pm_name	3	\N	f	0	0	f		f	2025-09-04 14:37:56.372677	2025-09-04 14:37:56.372677	
90	1517	40	cnpdKey	1	\N	t	1	1	f		f	2025-09-04 14:37:56.372677	2025-09-04 14:37:56.372677	ключ первичного документа
91	1517	40	cnpdTpOrd	2	\N	f	0	0	f		f	2025-09-04 14:37:56.372677	2025-09-04 14:37:56.372677	Вид заказа на поставку
92	1517	56	cnpdNum	3	\N	f	0	0	f		f	2025-09-04 14:37:56.372677	2025-09-04 14:37:56.372677	номер первичного документа
57	1515	41	cn_s_agent	3	\N	f	0	0	f		f	2025-09-04 14:37:56.372677	2025-09-04 14:37:56.372677	Это поле для хранения Агента из выгрузки платежей.\r\n21-1202 сделал его не обязательным. Допускающим Null. Это по тому что с догрузкой данных по дополнительным счетам пришлось бы делать много не существующих заказчиков по договорам.
58	1515	40	cn_inv_doc	4	\N	f	0	0	f		f	2025-09-04 14:37:56.372677	2025-09-04 14:37:56.372677	
59	1515	56	constract_code	5	\N	f	0	0	f		f	2025-09-04 14:37:56.372677	2025-09-04 14:37:56.372677	
60	1515	22	cn_inv_pm_due	6	\N	f	0	0	f		f	2025-09-04 14:37:56.372677	2025-09-04 14:37:56.372677	Срок оплаты
61	1515	42	dbt_blns	7	\N	f	0	0	f		f	2025-09-04 14:37:56.372677	2025-09-04 14:37:56.372677	СальдоКонечноеДт
62	1515	42	dbt_blns_overd	8	\N	f	0	0	f		f	2025-09-04 14:37:56.372677	2025-09-04 14:37:56.372677	СальдоКонДтПросроченное
63	1515	42	dbt_blns_not_overd	9	\N	f	0	0	f		f	2025-09-04 14:37:56.372677	2025-09-04 14:37:56.372677	СальдоКонДтНепросроченн
64	1515	42	cdt_blns	10	\N	f	0	0	f		f	2025-09-04 14:37:56.372677	2025-09-04 14:37:56.372677	СальдоКонечноеПоКт
65	1515	42	cdt_blns_overd	11	\N	f	0	0	f		f	2025-09-04 14:37:56.372677	2025-09-04 14:37:56.372677	СальдоКонКтПросроченное
66	1515	42	cdt_blns_not_overd	12	\N	f	0	0	f		f	2025-09-04 14:37:56.372677	2025-09-04 14:37:56.372677	СальдоКонКтНепросроченн
67	1517	24	cnpdTimeofEntry	9	(getdate())	f	0	0	f		f	2025-09-04 14:37:56.372677	2025-09-04 14:37:56.372677	
68	1515	42	blns	13	\N	f	0	0	f		f	2025-09-04 14:37:56.372677	2025-09-04 14:37:56.372677	СальдоКонечное
69	1515	22	alignment_date	14	\N	f	0	0	f		f	2025-09-04 14:37:56.372677	2025-09-04 14:37:56.372677	Д/выравн.
70	1515	22	base_date	15	\N	f	0	0	f		f	2025-09-04 14:37:56.372677	2025-09-04 14:37:56.372677	БазДата
71	1515	45	storno_reason	16	\N	f	0	0	f		f	2025-09-04 14:37:56.372677	2025-09-04 14:37:56.372677	ПричСторн
72	1515	25	storno_doc	17	\N	f	0	0	f		f	2025-09-04 14:37:56.372677	2025-09-04 14:37:56.372677	ДокСторно
73	1515	40	cn_inv_pm_upl	18	\N	f	0	0	f		f	2025-09-04 14:37:56.372677	2025-09-04 14:37:56.372677	
74	1515	40	number	19	\N	f	0	0	f		f	2025-09-04 14:37:56.372677	2025-09-04 14:37:56.372677	
75	1515	41	mark	20	\N	f	0	0	f		f	2025-09-04 14:37:56.372677	2025-09-04 14:37:56.372677	
76	1515	41	cnipCstAgPn	21	\N	f	0	0	f		f	2025-09-04 14:37:56.372677	2025-09-04 14:37:56.372677	
77	1515	22	cn_inv_doc_date	22	\N	f	0	0	f		f	2025-09-04 14:37:56.372677	2025-09-04 14:37:56.372677	Д/документ
78	1515	22	cn_inv_doc_date_entry	23	\N	f	0	0	f		f	2025-09-04 14:37:56.372677	2025-09-04 14:37:56.372677	Д/проводки
79	1515	43	cn_inv_doc_sum	24	\N	f	0	0	f		f	2025-09-04 14:37:56.372677	2025-09-04 14:37:56.372677	СуммаДокумента
80	1515	56	cn_inv_doc_link	25	\N	f	0	0	f		f	2025-09-04 14:37:56.372677	2025-09-04 14:37:56.372677	Ссылка
81	1515	41	cnInvKey	26	\N	f	0	0	f		f	2025-09-04 14:37:56.372677	2025-09-04 14:37:56.372677	Сейчас, на 18.05.2021, полем для связи со счётом-фактурой является поле cipCnInvAccnt (учитывающее номер счёта главной книги). Настоящее поле сохраняется на всякий случай
82	1515	41	cipCnInvAccnt	27	\N	f	0	0	f		f	2025-09-04 14:37:56.372677	2025-09-04 14:37:56.372677	На 18.05.2012 это поле для связи со счётом-фактурой. cn_inv_key и cnInvKey сохраняются пока на всякий случай.
83	1515	24	cipTimeOfEntry	28	\N	f	0	0	f		f	2025-09-04 14:37:56.372677	2025-09-04 14:37:56.372677	
84	1515	41	cidCnInvAccntCtpt	29	\N	f	0	0	f		f	2025-09-04 14:37:56.372677	2025-09-04 14:37:56.372677	Ключ собственно задолженности. Добавлен 07.12.2021
85	1515	41	csoCn_s_org_smpl	30	\N	f	0	0	f		f	2025-09-04 14:37:56.372677	2025-09-04 14:37:56.372677	ключ организации-простой стороны договора. Добавлен 21-1208. Это агент
86	1515	40	ciaCnInvAccntSmpl	31	\N	f	0	0	f		f	2025-09-04 14:37:56.372677	2025-09-04 14:37:56.372677	
87	1516	40	cn_inv_pm_key	1	\N	t	1	1	f		f	2025-09-04 14:37:56.372677	2025-09-04 14:37:56.372677	
88	1516	21	cn_inv_pm_date	2	\N	f	0	0	f		f	2025-09-04 14:37:56.372677	2025-09-04 14:37:56.372677	
93	1517	56	cnpdNumNull	4	\N	f	0	0	t	(case when [cnpdNum] IS NULL then 'NullИлиПусто' else [cnpdNum] end)	f	2025-09-04 14:37:56.372677	2025-09-04 14:37:56.372677	
94	1517	22	cnpdDate	5	\N	f	0	0	f		f	2025-09-04 14:37:56.372677	2025-09-04 14:37:56.372677	дата первичного документа
95	1517	22	cnpdDateNull	6	\N	f	0	0	t	(case when [cnpdDate] IS NULL then CONVERT([date],'01.01.1900',(0)) else [cnpdDate] end)	f	2025-09-04 14:37:56.372677	2025-09-04 14:37:56.372677	
96	1520	40	cn_key	2	\N	f	0	0	f		f	2025-09-04 14:37:56.372677	2025-09-04 14:37:56.372677	
97	1520	40	cn_s_type	3	\N	f	0	0	f		f	2025-09-04 14:37:56.372677	2025-09-04 14:37:56.372677	
98	1521	40	cn_s_org_key	1	\N	t	1	1	f		f	2025-09-04 14:37:56.372677	2025-09-04 14:37:56.372677	
99	1521	22	date_beg	2	\N	f	0	0	f		f	2025-09-04 14:37:56.372677	2025-09-04 14:37:56.372677	
100	1521	22	date_end	3	\N	f	0	0	f		f	2025-09-04 14:37:56.372677	2025-09-04 14:37:56.372677	
101	1521	56	csoAsbuID	4	\N	f	0	0	f		f	2025-09-04 14:37:56.372677	2025-09-04 14:37:56.372677	Идентификатор договора для организации (стороны) в АСБУ
149	1522	40	csosOrgId	3	\N	f	0	0	f		f	2025-09-04 14:37:56.372677	2025-09-04 14:37:56.372677	
150	1522	24	csosTimeOfEntry	4	\N	f	0	0	f		f	2025-09-04 14:37:56.372677	2025-09-04 14:37:56.372677	
151	1523	40	cn_s_t_key	1	\N	t	1	1	f		f	2025-09-04 14:37:56.372677	2025-09-04 14:37:56.372677	
152	1523	56	cn_s_t_name	2	\N	f	0	0	f		f	2025-09-04 14:37:56.372677	2025-09-04 14:37:56.372677	
153	1524	40	ciKey	1	\N	t	1	1	f		f	2025-09-04 14:37:56.372677	2025-09-04 14:37:56.372677	Ключ счёта-фактуры
102	1517	40	cnpdCnInvAccntSmpl	7	\N	f	0	0	f		f	2025-09-04 14:37:56.372677	2025-09-04 14:37:56.372677	Связь с таблицей "Общие задолженности по организации-простой стороне договора". 17.03.2022 стало ясно, что в связи с тем, что в *Выгрузке по хранению и стройконтролю* есть только договор, но нет его даты, первичный документ может быть связан только с этой таблицей.
103	1517	64	cnpdNote	8	\N	f	0	0	f		f	2025-09-04 14:37:56.372677	2025-09-04 14:37:56.372677	
104	1518	40	pdpKey	1	\N	t	1	1	f		f	2025-09-04 14:37:56.372677	2025-09-04 14:37:56.372677	
105	1518	40	pdpPrDoc	2	\N	f	0	0	f		f	2025-09-04 14:37:56.372677	2025-09-04 14:37:56.372677	
106	1518	40	pdpCstAgPn	3	\N	f	0	0	f		f	2025-09-04 14:37:56.372677	2025-09-04 14:37:56.372677	
107	1518	56	StatusOfDICtext	4	\N	f	0	0	f		f	2025-09-04 14:37:56.372677	2025-09-04 14:37:56.372677	
108	1518	56	satstusOfOUKVtext	5	\N	f	0	0	f		f	2025-09-04 14:37:56.372677	2025-09-04 14:37:56.372677	
109	1518	43	summ	6	\N	f	0	0	f		f	2025-09-04 14:37:56.372677	2025-09-04 14:37:56.372677	
110	1518	43	cost	7	\N	f	0	0	f		f	2025-09-04 14:37:56.372677	2025-09-04 14:37:56.372677	
111	1518	43	SumTax	8	\N	f	0	0	f		f	2025-09-04 14:37:56.372677	2025-09-04 14:37:56.372677	
112	1518	43	costVAT	9	\N	f	0	0	f		f	2025-09-04 14:37:56.372677	2025-09-04 14:37:56.372677	
113	1518	56	SPPelement	10	\N	f	0	0	f		f	2025-09-04 14:37:56.372677	2025-09-04 14:37:56.372677	
114	1518	52	docOfAccountNum	11	\N	f	0	0	f		f	2025-09-04 14:37:56.372677	2025-09-04 14:37:56.372677	№ документа счета
115	1518	52	docOfAccountNumNull	12	\N	f	0	0	t	(case when [docOfAccountNum] IS NULL OR [docOfAccountNum]='' then 'NullИлиПусто' else [docOfAccountNum] end)	f	2025-09-04 14:37:56.372677	2025-09-04 14:37:56.372677	№ документа счета, с учётом Null
116	1518	22	AccountDate	13	\N	f	0	0	f		f	2025-09-04 14:37:56.372677	2025-09-04 14:37:56.372677	
117	1518	21	positingDate	14	\N	f	0	0	f		f	2025-09-04 14:37:56.372677	2025-09-04 14:37:56.372677	
118	1518	56	accountingDoc	15	\N	f	0	0	f		f	2025-09-04 14:37:56.372677	2025-09-04 14:37:56.372677	Бухг. документ
119	1518	56	accountingDocNull	16	\N	f	0	0	t	(case when [accountingDoc] IS NULL OR [accountingDoc]='' then 'NullИлиПусто' else [accountingDoc] end)	f	2025-09-04 14:37:56.372677	2025-09-04 14:37:56.372677	Бухг. документ, с учётом Null
120	1518	41	agent	17	\N	f	0	0	f		f	2025-09-04 14:37:56.372677	2025-09-04 14:37:56.372677	
121	1518	56	TextOfAgent	18	\N	f	0	0	f		f	2025-09-04 14:37:56.372677	2025-09-04 14:37:56.372677	
122	1518	56	prjctDefinition	19	\N	f	0	0	f		f	2025-09-04 14:37:56.372677	2025-09-04 14:37:56.372677	Определение проекта
123	1518	56	prjctDefinitionSort	20	\N	f	0	0	f		f	2025-09-04 14:37:56.372677	2025-09-04 14:37:56.372677	Краткое описание проекта
124	1518	41	prjctHierarchyLevel	21	\N	f	0	0	f		f	2025-09-04 14:37:56.372677	2025-09-04 14:37:56.372677	Уровень в иерархии проекта
125	1518	56	ParentSppElementNum	22	\N	f	0	0	f		f	2025-09-04 14:37:56.372677	2025-09-04 14:37:56.372677	Номер вышестоящего СПП-Элемента
126	1518	56	object	23	\N	f	0	0	f		f	2025-09-04 14:37:56.372677	2025-09-04 14:37:56.372677	Объект
127	1518	56	objectNull	24	\N	f	0	0	t	(case when [object] IS NULL OR [object]='' then 'NullИлиПусто' else [object] end)	f	2025-09-04 14:37:56.372677	2025-09-04 14:37:56.372677	Объект, с учётом Null
128	1518	56	cstDSW	25	\N	f	0	0	f		f	2025-09-04 14:37:56.372677	2025-09-04 14:37:56.372677	Стройка/ПИР
129	1518	56	raNum	26	\N	f	0	0	f		f	2025-09-04 14:37:56.372677	2025-09-04 14:37:56.372677	Номер отчета Агента
130	1518	22	raDate	27	\N	f	0	0	f		f	2025-09-04 14:37:56.372677	2025-09-04 14:37:56.372677	
131	1518	56	CorrectionNum	28	\N	f	0	0	f		f	2025-09-04 14:37:56.372677	2025-09-04 14:37:56.372677	Номер  исправления
132	1518	22	CorrectionDate	29	\N	f	0	0	f		f	2025-09-04 14:37:56.372677	2025-09-04 14:37:56.372677	
133	1518	56	accountingDocName	30	\N	f	0	0	f		f	2025-09-04 14:37:56.372677	2025-09-04 14:37:56.372677	Название бух док-та
134	1518	56	purchasingGroup	31	\N	f	0	0	f		f	2025-09-04 14:37:56.372677	2025-09-04 14:37:56.372677	Группа закупок
135	1518	56	purchasingGroupName	32	\N	f	0	0	f		f	2025-09-04 14:37:56.372677	2025-09-04 14:37:56.372677	Название ГрЗакупок
136	1518	56	pdpNote	33	\N	f	0	0	f		f	2025-09-04 14:37:56.372677	2025-09-04 14:37:56.372677	
137	1518	24	pdpTimeOfEntry	34	\N	f	0	0	f		f	2025-09-04 14:37:56.372677	2025-09-04 14:37:56.372677	
138	1519	40	pdtoKey	1	\N	t	1	1	f		f	2025-09-04 14:37:56.372677	2025-09-04 14:37:56.372677	
139	1519	46	pdtoType	2	\N	f	0	0	f		f	2025-09-04 14:37:56.372677	2025-09-04 14:37:56.372677	
140	1519	51	pdtoCode	3	\N	f	0	0	f		f	2025-09-04 14:37:56.372677	2025-09-04 14:37:56.372677	
141	1519	55	pdtoText	4	\N	f	0	0	f		f	2025-09-04 14:37:56.372677	2025-09-04 14:37:56.372677	
142	1520	40	cn_s_key	1	\N	t	1	1	f		f	2025-09-04 14:37:56.372677	2025-09-04 14:37:56.372677	
143	1521	22	csoCnDate	5	\N	f	0	0	f		f	2025-09-04 14:37:56.372677	2025-09-04 14:37:56.372677	Дата договора для отдельной организации (стороны). Соответствует полю "Дата догов" справочника договоров АСБУ
144	1521	40	csoCn_s_org_smpl	6	\N	f	0	0	f		f	2025-09-04 14:37:56.372677	2025-09-04 14:37:56.372677	ключ организации-простой стороны договора
145	1521	22	csoCnDateNull	7	\N	f	0	0	t	(case when [csoCnDate] IS NULL then CONVERT([date],'01.01.1900',0) else [csoCnDate] end)	f	2025-09-04 14:37:56.372677	2025-09-04 14:37:56.372677	
146	1521	24	csoTimeOfEntry	8	\N	f	0	0	f		f	2025-09-04 14:37:56.372677	2025-09-04 14:37:56.372677	
147	1522	40	csosKey	1	\N	t	1	1	f		f	2025-09-04 14:37:56.372677	2025-09-04 14:37:56.372677	
148	1522	40	csosCn_s	2	\N	f	0	0	f		f	2025-09-04 14:37:56.372677	2025-09-04 14:37:56.372677	
154	1524	40	ciCn	2	\N	f	0	0	f		f	2025-09-04 14:37:56.372677	2025-09-04 14:37:56.372677	Внешний ключ договора
155	1524	45	ciNote	3	\N	f	0	0	f		f	2025-09-04 14:37:56.372677	2025-09-04 14:37:56.372677	
156	1524	41	ciMark	4	\N	f	0	0	f		f	2025-09-04 14:37:56.372677	2025-09-04 14:37:56.372677	
157	1524	40	ciInv	5	\N	f	0	0	f		f	2025-09-04 14:37:56.372677	2025-09-04 14:37:56.372677	Ссылка на основную таблицу счёта-фактуры. 04.01.2022.
158	1524	24	ciTimeOfEntry	6	\N	f	0	0	f		f	2025-09-04 14:37:56.372677	2025-09-04 14:37:56.372677	
159	1525	40	ciaKey	1	\N	t	1	1	f		f	2025-09-04 14:37:56.372677	2025-09-04 14:37:56.372677	
160	1525	40	ciaCn_s_org	2	\N	f	0	0	f		f	2025-09-04 14:37:56.372677	2025-09-04 14:37:56.372677	Организация - сторона договора, являющаяся контрагентом по данной задолженности
161	1525	56	ciaName	3	\N	f	0	0	f		f	2025-09-04 14:37:56.372677	2025-09-04 14:37:56.372677	
162	1525	64	ciaNote	4	\N	f	0	0	f		f	2025-09-04 14:37:56.372677	2025-09-04 14:37:56.372677	
163	1525	40	ciaCnInvAccntSmpl	5	\N	f	0	0	f		f	2025-09-04 14:37:56.372677	2025-09-04 14:37:56.372677	Простая задолженность к которой относится данная полная задолженность
164	1525	23	ciaTimeOfEntry	6	(getdate())	f	0	0	f		f	2025-09-04 14:37:56.372677	2025-09-04 14:37:56.372677	
165	1525	56	ciaNameNull	7	\N	f	0	0	t	(case when [ciaName] IS NULL then 'NullИлиПусто' else case when [ciaName]='' then 'NullИлиПусто' else [ciaName] end end)	f	2025-09-04 14:37:56.372677	2025-09-04 14:37:56.372677	
166	1526	40	ciasKey	1	\N	t	1	1	f		f	2025-09-04 14:37:56.372677	2025-09-04 14:37:56.372677	
167	1526	40	ciasCnInv	2	\N	f	0	0	f		f	2025-09-04 14:37:56.372677	2025-09-04 14:37:56.372677	
168	1526	40	ciasAccnt	3	\N	f	0	0	f		f	2025-09-04 14:37:56.372677	2025-09-04 14:37:56.372677	
169	1526	40	ciasCn_s_org_smpl	4	\N	f	0	0	f		f	2025-09-04 14:37:56.372677	2025-09-04 14:37:56.372677	ключ организации-простой стороны договора
170	1526	64	ciasNote	5	\N	f	0	0	f		f	2025-09-04 14:37:56.372677	2025-09-04 14:37:56.372677	
171	1526	23	ciasTimeOfEntry	6	(getdate())	f	0	0	f		f	2025-09-04 14:37:56.372677	2025-09-04 14:37:56.372677	
172	1527	40	cnicKey	1	\N	t	1	1	f		f	2025-09-04 14:37:56.372677	2025-09-04 14:37:56.372677	
173	1527	40	cnicType	2	\N	f	0	0	f		f	2025-09-04 14:37:56.372677	2025-09-04 14:37:56.372677	
174	1527	40	cnicGroup	3	\N	f	0	0	f		f	2025-09-04 14:37:56.372677	2025-09-04 14:37:56.372677	
175	1527	41	cnicInv	4	\N	f	0	0	f		f	2025-09-04 14:37:56.372677	2025-09-04 14:37:56.372677	
176	1527	44	cnicText	5	\N	f	0	0	f		f	2025-09-04 14:37:56.372677	2025-09-04 14:37:56.372677	
177	1527	40	cnicInvAccnt	6	\N	f	0	0	f		f	2025-09-04 14:37:56.372677	2025-09-04 14:37:56.372677	ключ задолженности. 20.12.2021
178	1528	40	cicaKey	1	\N	t	1	1	f		f	2025-09-04 14:37:56.372677	2025-09-04 14:37:56.372677	
179	1528	40	cicaCmmGr	2	\N	f	0	0	f		f	2025-09-04 14:37:56.372677	2025-09-04 14:37:56.372677	
180	1528	40	cicaType	3	\N	f	0	0	f		f	2025-09-04 14:37:56.372677	2025-09-04 14:37:56.372677	
181	1528	40	cicaOgAg	4	\N	f	0	0	f		f	2025-09-04 14:37:56.372677	2025-09-04 14:37:56.372677	
182	1528	40	cicaInvAccnt	5	\N	f	0	0	f		f	2025-09-04 14:37:56.372677	2025-09-04 14:37:56.372677	ключ задолженности. 20.12.2021
183	1529	40	cicanKey	1	\N	t	1	1	f		f	2025-09-04 14:37:56.372677	2025-09-04 14:37:56.372677	
184	1529	55	cicanName	2	\N	f	0	0	f		f	2025-09-04 14:37:56.372677	2025-09-04 14:37:56.372677	
185	1530	40	ciccKey	1	\N	t	1	1	f		f	2025-09-04 14:37:56.372677	2025-09-04 14:37:56.372677	
186	1530	40	ciccCmmGr	2	\N	f	0	0	f		f	2025-09-04 14:37:56.372677	2025-09-04 14:37:56.372677	
187	1530	40	ciccType	3	\N	f	0	0	f		f	2025-09-04 14:37:56.372677	2025-09-04 14:37:56.372677	
188	1530	40	ciccCstAgPn	4	\N	f	0	0	f		f	2025-09-04 14:37:56.372677	2025-09-04 14:37:56.372677	
189	1530	40	ciccInvAccnt	5	\N	f	0	0	f		f	2025-09-04 14:37:56.372677	2025-09-04 14:37:56.372677	ключ задолженности. 20.12.2021
190	1531	40	ciccnKey	1	\N	t	1	1	f		f	2025-09-04 14:37:56.372677	2025-09-04 14:37:56.372677	
191	1531	55	ciccnName	2	\N	f	0	0	f		f	2025-09-04 14:37:56.372677	2025-09-04 14:37:56.372677	
192	1532	40	cnicdKey	1	\N	t	1	1	f		f	2025-09-04 14:37:56.372677	2025-09-04 14:37:56.372677	
193	1532	40	cnicdName	2	\N	f	0	0	f		f	2025-09-04 14:37:56.372677	2025-09-04 14:37:56.372677	
194	1532	40	cnicdCmmGr	3	\N	f	0	0	f		f	2025-09-04 14:37:56.372677	2025-09-04 14:37:56.372677	
195	1532	41	cnicdInv	4	\N	f	0	0	f		f	2025-09-04 14:37:56.372677	2025-09-04 14:37:56.372677	
196	1532	21	cnicdDate	5	\N	f	0	0	f		f	2025-09-04 14:37:56.372677	2025-09-04 14:37:56.372677	
197	1532	40	cnicdInvAccnt	6	\N	f	0	0	f		f	2025-09-04 14:37:56.372677	2025-09-04 14:37:56.372677	ключ задолженности. 20.12.2021
198	1533	40	cnicdnKey	1	\N	t	1	1	f		f	2025-09-04 14:37:56.372677	2025-09-04 14:37:56.372677	
199	1533	55	cnicdnName	2	\N	f	0	0	f		f	2025-09-04 14:37:56.372677	2025-09-04 14:37:56.372677	
200	1534	40	cnicfKey	1	\N	t	1	1	f		f	2025-09-04 14:37:56.372677	2025-09-04 14:37:56.372677	
201	1534	40	cnicfName	2	\N	f	0	0	f		f	2025-09-04 14:37:56.372677	2025-09-04 14:37:56.372677	
202	1534	40	cnicfCmmGr	3	\N	f	0	0	f		f	2025-09-04 14:37:56.372677	2025-09-04 14:37:56.372677	
203	1534	41	cnicfInv	4	\N	f	0	0	f		f	2025-09-04 14:37:56.372677	2025-09-04 14:37:56.372677	
204	1534	42	cnicfValue	5	\N	f	0	0	f		f	2025-09-04 14:37:56.372677	2025-09-04 14:37:56.372677	
205	1534	40	cnicfInvAccnt	6	\N	f	0	0	f		f	2025-09-04 14:37:56.372677	2025-09-04 14:37:56.372677	ключ задолженности. 20.12.2021
206	1535	40	cnicfnKey	1	\N	t	1	1	f		f	2025-09-04 14:37:56.372677	2025-09-04 14:37:56.372677	
207	1535	55	cnicfnName	2	\N	f	0	0	f		f	2025-09-04 14:37:56.372677	2025-09-04 14:37:56.372677	
208	1536	40	cnicgKey	1	\N	t	1	1	f		f	2025-09-04 14:37:56.372677	2025-09-04 14:37:56.372677	
209	1536	57	cnicgNmCs	2	\N	f	0	0	t	((CONVERT([nvarchar](10),[cnicgDate],(23))+' ')+[cnicgName])	f	2025-09-04 14:37:56.372677	2025-09-04 14:37:56.372677	
210	1536	21	cnicgDate	3	\N	f	0	0	f		f	2025-09-04 14:37:56.372677	2025-09-04 14:37:56.372677	
211	1536	55	cnicgName	4	\N	f	0	0	f		f	2025-09-04 14:37:56.372677	2025-09-04 14:37:56.372677	
212	1537	40	cnictKey	1	\N	t	1	1	f		f	2025-09-04 14:37:56.372677	2025-09-04 14:37:56.372677	
213	1537	55	cnictName	2	\N	f	0	0	f		f	2025-09-04 14:37:56.372677	2025-09-04 14:37:56.372677	
214	1538	40	cnigKey	1	\N	t	1	1	f		f	2025-09-04 14:37:56.372677	2025-09-04 14:37:56.372677	
215	1538	41	cnigInv	2	\N	f	0	0	f		f	2025-09-04 14:37:56.372677	2025-09-04 14:37:56.372677	
216	1538	40	cnigCmmGr	3	\N	f	0	0	f		f	2025-09-04 14:37:56.372677	2025-09-04 14:37:56.372677	
217	1538	40	cnigGrName	4	\N	f	0	0	f		f	2025-09-04 14:37:56.372677	2025-09-04 14:37:56.372677	
218	1538	40	cnigInvAccnt	5	\N	f	0	0	f		f	2025-09-04 14:37:56.372677	2025-09-04 14:37:56.372677	ключ задолженности. 20.12.2021
219	1539	40	cnignKey	1	\N	t	1	1	f		f	2025-09-04 14:37:56.372677	2025-09-04 14:37:56.372677	
220	1539	55	cnignName	2	\N	f	0	0	f		f	2025-09-04 14:37:56.372677	2025-09-04 14:37:56.372677	
221	1540	40	cioKey	1	\N	t	1	1	f		f	2025-09-04 14:37:56.372677	2025-09-04 14:37:56.372677	
222	1540	41	cioOldKey	2	\N	f	0	0	f		f	2025-09-04 14:37:56.372677	2025-09-04 14:37:56.372677	
223	1540	41	cioNewKey	3	\N	f	0	0	f		f	2025-09-04 14:37:56.372677	2025-09-04 14:37:56.372677	
224	1541	40	cnnKey	1	\N	t	1	1	f		f	2025-09-04 14:37:56.372677	2025-09-04 14:37:56.372677	
225	1541	56	cnnNum	2	\N	f	0	0	f		f	2025-09-04 14:37:56.372677	2025-09-04 14:37:56.372677	
226	1541	40	cnnCn	3	\N	f	0	0	f		f	2025-09-04 14:37:56.372677	2025-09-04 14:37:56.372677	
227	1541	40	cnnType	4	\N	f	0	0	f		f	2025-09-04 14:37:56.372677	2025-09-04 14:37:56.372677	
228	1541	45	cnnNote	5	\N	f	0	0	f		f	2025-09-04 14:37:56.372677	2025-09-04 14:37:56.372677	
229	1541	23	cnnTimeOfEntry	6	\N	f	0	0	f		f	2025-09-04 14:37:56.372677	2025-09-04 14:37:56.372677	
230	1541	56	cnnNumNull	7	\N	f	0	0	t	(case when [cnnNum] IS NULL then 'NullИлиПусто' else case when [cnnNum]='' then 'NullИлиПусто' else rtrim(ltrim([cnnNum])) end end)	f	2025-09-04 14:37:56.372677	2025-09-04 14:37:56.372677	При отсутствии значения (Null) в поле номера договора, либо при значении, равном пустой строке (''), приводим номер договора к виду 'NullИлиПусто'
231	1542	40	cnntKey	1	\N	t	1	1	f		f	2025-09-04 14:37:56.372677	2025-09-04 14:37:56.372677	
232	1542	51	cnntName	2	\N	f	0	0	f		f	2025-09-04 14:37:56.372677	2025-09-04 14:37:56.372677	
233	1543	40	cstKey	1	\N	t	1	1	f		f	2025-09-04 14:37:56.372677	2025-09-04 14:37:56.372677	идентификатор стройки
234	1543	44	cstName	2	\N	f	0	0	f		f	2025-09-04 14:37:56.372677	2025-09-04 14:37:56.372677	
235	1543	56	cstBusSgm	3	\N	f	0	0	f		f	2025-09-04 14:37:56.372677	2025-09-04 14:37:56.372677	
236	1543	68	cstOidOld	4	\N	f	0	0	f		f	2025-09-04 14:37:56.372677	2025-09-04 14:37:56.372677	
237	1543	41	cstMark	5	\N	f	0	0	f		f	2025-09-04 14:37:56.372677	2025-09-04 14:37:56.372677	
238	1544	40	cstaKey	1	\N	t	1	1	f		f	2025-09-04 14:37:56.372677	2025-09-04 14:37:56.372677	
239	1544	40	cstaAg	2	\N	f	0	0	f		f	2025-09-04 14:37:56.372677	2025-09-04 14:37:56.372677	Организация - агент
240	1544	40	cstaCst	3	\N	f	0	0	f		f	2025-09-04 14:37:56.372677	2025-09-04 14:37:56.372677	Основная стройка
241	1544	68	cstaOidOld	4	\N	f	0	0	f		f	2025-09-04 14:37:56.372677	2025-09-04 14:37:56.372677	старый идентификатор из "Рыбьего глаза"
242	1544	41	cstaInvestor	5	((7))	f	0	0	f		f	2025-09-04 14:37:56.372677	2025-09-04 14:37:56.372677	Организация - инвестор
243	1545	40	cstapKey	1	\N	t	1	1	f		f	2025-09-04 14:37:56.372677	2025-09-04 14:37:56.372677	
244	1545	40	cstapCsta	2	\N	f	0	0	f		f	2025-09-04 14:37:56.372677	2025-09-04 14:37:56.372677	
245	1545	55	cstapIpgPnN	3	\N	f	0	0	f		f	2025-09-04 14:37:56.372677	2025-09-04 14:37:56.372677	Код объекта *Стройка-Агент-Код*
246	1545	68	cstapOidOld	4	\N	f	0	0	f		f	2025-09-04 14:37:56.372677	2025-09-04 14:37:56.372677	
247	1545	45	cstapCstName	5	\N	f	0	0	t	([ags].[fnCstAgPnCstName]([cstapKey]))	f	2025-09-04 14:37:56.372677	2025-09-04 14:37:56.372677	Получаем строчное наименование стройки по ключу объекта "стройка-агент-код"
248	1553	41	2023-02-02_ciaKey	4	\N	f	0	0	f		f	2025-09-04 14:37:56.372677	2025-09-04 14:37:56.372677	
249	1553	41	2023-07-20_CstAgPnKey	5	\N	f	0	0	f		f	2025-09-04 14:37:56.372677	2025-09-04 14:37:56.372677	
250	1553	41	2023-07-20_ciaKey	6	\N	f	0	0	f		f	2025-09-04 14:37:56.372677	2025-09-04 14:37:56.372677	
251	1573	40	inInv	4	\N	f	0	0	f		f	2025-09-04 14:37:56.372677	2025-09-04 14:37:56.372677	
252	1545	56	cstapCstName255	6	\N	f	0	0	t	([ags].[fnCstAgPnCstName255]([cstapKey]))	f	2025-09-04 14:37:56.372677	2025-09-04 14:37:56.372677	Получаем строчное наименование стройки по ключу объекта "стройка-агент-код" длиною не более 255 символов
253	1545	56	cstapOgName	7	\N	f	0	0	t	([ags].[fnCstAgPnOgName]([cstapKey]))	f	2025-09-04 14:37:56.372677	2025-09-04 14:37:56.372677	Получаем строчное наименование организации по ключу объекта "стройка-агент-код"
254	1546	40	cstapbKey	1	\N	t	1	1	f		f	2025-09-04 14:37:56.372677	2025-09-04 14:37:56.372677	
255	1546	40	cstapbCstAgPn	2	\N	f	0	0	f		f	2025-09-04 14:37:56.372677	2025-09-04 14:37:56.372677	
256	1546	40	cstapbBranch	3	\N	f	0	0	f		f	2025-09-04 14:37:56.372677	2025-09-04 14:37:56.372677	
257	1546	22	cstapbStart	4	\N	f	0	0	f		f	2025-09-04 14:37:56.372677	2025-09-04 14:37:56.372677	
258	1546	22	cstapbEnd	5	\N	f	0	0	f		f	2025-09-04 14:37:56.372677	2025-09-04 14:37:56.372677	
259	1547	40	amKey	1	\N	t	1	1	f		f	2025-09-04 14:37:56.372677	2025-09-04 14:37:56.372677	
260	1547	40	amCstAgPn	2	\N	f	0	0	f		f	2025-09-04 14:37:56.372677	2025-09-04 14:37:56.372677	
261	1547	21	amPositing	3	\N	f	0	0	f		f	2025-09-04 14:37:56.372677	2025-09-04 14:37:56.372677	
262	1547	42	amSum	4	\N	f	0	0	f		f	2025-09-04 14:37:56.372677	2025-09-04 14:37:56.372677	
263	1547	52	amType	5	\N	f	0	0	f		f	2025-09-04 14:37:56.372677	2025-09-04 14:37:56.372677	
264	1547	41	amBranch	6	\N	f	0	0	f		f	2025-09-04 14:37:56.372677	2025-09-04 14:37:56.372677	Филиал агента
265	1548	56	projectDefinition	1	\N	f	0	0	f		f	2025-09-04 14:37:56.372677	2025-09-04 14:37:56.372677	
266	1548	56	SppElement	2	\N	f	0	0	f		f	2025-09-04 14:37:56.372677	2025-09-04 14:37:56.372677	
267	1548	56	Designation	3	\N	f	0	0	f		f	2025-09-04 14:37:56.372677	2025-09-04 14:37:56.372677	
268	1548	56	ProjectCodeNew	4	\N	f	0	0	f		f	2025-09-04 14:37:56.372677	2025-09-04 14:37:56.372677	
269	1548	56	SppElementCodeNew	5	\N	f	0	0	f		f	2025-09-04 14:37:56.372677	2025-09-04 14:37:56.372677	
270	1548	41	Csta	6	\N	f	0	0	f		f	2025-09-04 14:37:56.372677	2025-09-04 14:37:56.372677	
271	1549	40	igrKey	1	\N	t	1	1	f		f	2025-09-04 14:37:56.372677	2025-09-04 14:37:56.372677	
272	1549	55	igrNm	2	\N	f	0	0	f		f	2025-09-04 14:37:56.372677	2025-09-04 14:37:56.372677	
273	1550	41	iKey	1	\N	f	0	0	f		f	2025-09-04 14:37:56.372677	2025-09-04 14:37:56.372677	
274	1550	43	2023-02-02_Overd	2	\N	f	0	0	f		f	2025-09-04 14:37:56.372677	2025-09-04 14:37:56.372677	
275	1550	41	2023-02-02_CstAgPnKey	3	\N	f	0	0	f		f	2025-09-04 14:37:56.372677	2025-09-04 14:37:56.372677	
276	1550	41	2023-02-02_ciaKey	4	\N	f	0	0	f		f	2025-09-04 14:37:56.372677	2025-09-04 14:37:56.372677	
277	1550	41	2023-04-19_CstAgPnKey	5	\N	f	0	0	f		f	2025-09-04 14:37:56.372677	2025-09-04 14:37:56.372677	
278	1550	41	2023-04-19_ciaKey	6	\N	f	0	0	f		f	2025-09-04 14:37:56.372677	2025-09-04 14:37:56.372677	
279	1550	56	cur	7	\N	f	0	0	f		f	2025-09-04 14:37:56.372677	2025-09-04 14:37:56.372677	
280	1550	45	mery	8	\N	f	0	0	f		f	2025-09-04 14:37:56.372677	2025-09-04 14:37:56.372677	
281	1550	56	cstAgPn	9	\N	f	0	0	f		f	2025-09-04 14:37:56.372677	2025-09-04 14:37:56.372677	
282	1551	41	iKey	1	\N	f	0	0	f		f	2025-09-04 14:37:56.372677	2025-09-04 14:37:56.372677	
283	1551	43	2023-02-02_Overd	2	\N	f	0	0	f		f	2025-09-04 14:37:56.372677	2025-09-04 14:37:56.372677	
284	1551	41	2023-02-02_CstAgPnKey	3	\N	f	0	0	f		f	2025-09-04 14:37:56.372677	2025-09-04 14:37:56.372677	
285	1551	41	2023-02-02_ciaKey	4	\N	f	0	0	f		f	2025-09-04 14:37:56.372677	2025-09-04 14:37:56.372677	
286	1551	41	2023-04-19_CstAgPnKey	5	\N	f	0	0	f		f	2025-09-04 14:37:56.372677	2025-09-04 14:37:56.372677	
287	1551	41	2023-04-19_ciaKey	6	\N	f	0	0	f		f	2025-09-04 14:37:56.372677	2025-09-04 14:37:56.372677	
288	1551	56	cur	7	\N	f	0	0	f		f	2025-09-04 14:37:56.372677	2025-09-04 14:37:56.372677	
289	1551	45	mery	8	\N	f	0	0	f		f	2025-09-04 14:37:56.372677	2025-09-04 14:37:56.372677	
290	1551	56	cstAgPn	9	\N	f	0	0	f		f	2025-09-04 14:37:56.372677	2025-09-04 14:37:56.372677	
291	1552	41	iKey	1	\N	f	0	0	f		f	2025-09-04 14:37:56.372677	2025-09-04 14:37:56.372677	
292	1552	43	2023-02-02_Overd	2	\N	f	0	0	f		f	2025-09-04 14:37:56.372677	2025-09-04 14:37:56.372677	
293	1552	41	2023-02-02_CstAgPnKey	3	\N	f	0	0	f		f	2025-09-04 14:37:56.372677	2025-09-04 14:37:56.372677	
294	1552	41	2023-02-02_ciaKey	4	\N	f	0	0	f		f	2025-09-04 14:37:56.372677	2025-09-04 14:37:56.372677	
295	1552	41	2023-07-20_CstAgPnKey	5	\N	f	0	0	f		f	2025-09-04 14:37:56.372677	2025-09-04 14:37:56.372677	
296	1552	41	2023-07-20_ciaKey	6	\N	f	0	0	f		f	2025-09-04 14:37:56.372677	2025-09-04 14:37:56.372677	
297	1552	56	cur	7	\N	f	0	0	f		f	2025-09-04 14:37:56.372677	2025-09-04 14:37:56.372677	
298	1552	45	mery	8	\N	f	0	0	f		f	2025-09-04 14:37:56.372677	2025-09-04 14:37:56.372677	
299	1552	56	cstAgPn	9	\N	f	0	0	f		f	2025-09-04 14:37:56.372677	2025-09-04 14:37:56.372677	
300	1553	41	iKey	1	\N	f	0	0	f		f	2025-09-04 14:37:56.372677	2025-09-04 14:37:56.372677	
301	1553	43	2023-02-02_Overd	2	\N	f	0	0	f		f	2025-09-04 14:37:56.372677	2025-09-04 14:37:56.372677	
302	1553	41	2023-02-02_CstAgPnKey	3	\N	f	0	0	f		f	2025-09-04 14:37:56.372677	2025-09-04 14:37:56.372677	
303	1553	56	cur	7	\N	f	0	0	f		f	2025-09-04 14:37:56.372677	2025-09-04 14:37:56.372677	
304	1553	45	mery	8	\N	f	0	0	f		f	2025-09-04 14:37:56.372677	2025-09-04 14:37:56.372677	
305	1553	56	cstAgPn	9	\N	f	0	0	f		f	2025-09-04 14:37:56.372677	2025-09-04 14:37:56.372677	
306	1554	40	cia_22_IV	1	\N	f	0	0	f		f	2025-09-04 14:37:56.372677	2025-09-04 14:37:56.372677	
307	1554	41	cia_23_III	2	\N	f	0	0	f		f	2025-09-04 14:37:56.372677	2025-09-04 14:37:56.372677	
308	1554	55	curator	3	\N	f	0	0	f		f	2025-09-04 14:37:56.372677	2025-09-04 14:37:56.372677	
309	1554	44	mery	4	\N	f	0	0	f		f	2025-09-04 14:37:56.372677	2025-09-04 14:37:56.372677	
310	1554	55	cst	5	\N	f	0	0	f		f	2025-09-04 14:37:56.372677	2025-09-04 14:37:56.372677	
311	1555	41	ciaKey	1	\N	f	0	0	f		f	2025-09-04 14:37:56.372677	2025-09-04 14:37:56.372677	
312	1555	56	cur	2	\N	f	0	0	f		f	2025-09-04 14:37:56.372677	2025-09-04 14:37:56.372677	
313	1555	45	mery	3	\N	f	0	0	f		f	2025-09-04 14:37:56.372677	2025-09-04 14:37:56.372677	
314	1555	56	cstAgPn	4	\N	f	0	0	f		f	2025-09-04 14:37:56.372677	2025-09-04 14:37:56.372677	
315	1556	39	2023-02-02_ciaKey	1	\N	f	0	0	f		f	2025-09-04 14:37:56.372677	2025-09-04 14:37:56.372677	
316	1556	39	2024-01-30_ciaKey	2	\N	f	0	0	f		f	2025-09-04 14:37:56.372677	2025-09-04 14:37:56.372677	
317	1556	56	curator	3	\N	f	0	0	f		f	2025-09-04 14:37:56.372677	2025-09-04 14:37:56.372677	
318	1556	45	comment	4	\N	f	0	0	f		f	2025-09-04 14:37:56.372677	2025-09-04 14:37:56.372677	
319	1556	56	cst	5	\N	f	0	0	f		f	2025-09-04 14:37:56.372677	2025-09-04 14:37:56.372677	
320	1557	56	invNumEnumN	1	\N	f	0	0	f		f	2025-09-04 14:37:56.372677	2025-09-04 14:37:56.372677	
321	1557	56	ciaNameNulln	2	\N	f	0	0	f		f	2025-09-04 14:37:56.372677	2025-09-04 14:37:56.372677	
322	1557	41	2023-02-02_ciaKey	3	\N	f	0	0	f		f	2025-09-04 14:37:56.372677	2025-09-04 14:37:56.372677	
323	1557	41	2024-01-30_ciaKey	4	\N	f	0	0	f		f	2025-09-04 14:37:56.372677	2025-09-04 14:37:56.372677	
324	1557	56	curator	5	\N	f	0	0	f		f	2025-09-04 14:37:56.372677	2025-09-04 14:37:56.372677	
325	1557	45	comment	6	\N	f	0	0	f		f	2025-09-04 14:37:56.372677	2025-09-04 14:37:56.372677	
326	1557	56	cst	7	\N	f	0	0	f		f	2025-09-04 14:37:56.372677	2025-09-04 14:37:56.372677	
327	1558	41	2024-01-30_ciaKey	1	\N	f	0	0	f		f	2025-09-04 14:37:56.372677	2025-09-04 14:37:56.372677	
328	1558	41	2025-01-24_ciaKey	2	\N	f	0	0	f		f	2025-09-04 14:37:56.372677	2025-09-04 14:37:56.372677	
329	1558	56	cur_new	3	\N	f	0	0	f		f	2025-09-04 14:37:56.372677	2025-09-04 14:37:56.372677	
330	1558	45	comm_new	4	\N	f	0	0	f		f	2025-09-04 14:37:56.372677	2025-09-04 14:37:56.372677	
331	1558	56	cst_new	5	\N	f	0	0	f		f	2025-09-04 14:37:56.372677	2025-09-04 14:37:56.372677	
332	1559	76	2025-01-24_ciaKey	1	\N	f	0	0	f		f	2025-09-04 14:37:56.372677	2025-09-04 14:37:56.372677	
333	1559	76	2025-04-21_ciaKey	2	\N	f	0	0	f		f	2025-09-04 14:37:56.372677	2025-09-04 14:37:56.372677	
334	1559	56	cur_new	3	\N	f	0	0	f		f	2025-09-04 14:37:56.372677	2025-09-04 14:37:56.372677	
335	1559	45	mery_new	4	\N	f	0	0	f		f	2025-09-04 14:37:56.372677	2025-09-04 14:37:56.372677	
336	1559	56	cstCode_new	5	\N	f	0	0	f		f	2025-09-04 14:37:56.372677	2025-09-04 14:37:56.372677	
337	1560	41	2025-01-24_ciaKey	1	\N	f	0	0	f		f	2025-09-04 14:37:56.372677	2025-09-04 14:37:56.372677	
338	1560	41	2025-04-21_ciaKey	2	\N	f	0	0	f		f	2025-09-04 14:37:56.372677	2025-09-04 14:37:56.372677	
339	1560	56	cur_new	3	\N	f	0	0	f		f	2025-09-04 14:37:56.372677	2025-09-04 14:37:56.372677	
340	1560	45	mery_new	4	\N	f	0	0	f		f	2025-09-04 14:37:56.372677	2025-09-04 14:37:56.372677	
341	1560	56	cstAgPn_new	5	\N	f	0	0	f		f	2025-09-04 14:37:56.372677	2025-09-04 14:37:56.372677	
342	1561	41	2025-01-24_ciaKey	1	\N	f	0	0	f		f	2025-09-04 14:37:56.372677	2025-09-04 14:37:56.372677	
343	1561	41	2025-07-18_ciaKey	2	\N	f	0	0	f		f	2025-09-04 14:37:56.372677	2025-09-04 14:37:56.372677	
344	1561	56	cur_new	3	\N	f	0	0	f		f	2025-09-04 14:37:56.372677	2025-09-04 14:37:56.372677	
345	1561	45	mery_new	4	\N	f	0	0	f		f	2025-09-04 14:37:56.372677	2025-09-04 14:37:56.372677	
346	1561	56	cstAgPn_new	5	\N	f	0	0	f		f	2025-09-04 14:37:56.372677	2025-09-04 14:37:56.372677	
347	1562	56	cstAgPn	1	\N	f	0	0	f		f	2025-09-04 14:37:56.372677	2025-09-04 14:37:56.372677	
348	1562	56	agBranch	2	\N	f	0	0	f		f	2025-09-04 14:37:56.372677	2025-09-04 14:37:56.372677	
349	1562	43	summ	3	\N	f	0	0	f		f	2025-09-04 14:37:56.372677	2025-09-04 14:37:56.372677	
350	1562	56	smType	4	\N	f	0	0	f		f	2025-09-04 14:37:56.372677	2025-09-04 14:37:56.372677	
351	1562	24	datePositing	5	\N	f	0	0	f		f	2025-09-04 14:37:56.372677	2025-09-04 14:37:56.372677	
352	1562	41	orgBranch	6	\N	f	0	0	f		f	2025-09-04 14:37:56.372677	2025-09-04 14:37:56.372677	
353	1563	56	cstAgPn	1	\N	f	0	0	f		f	2025-09-04 14:37:56.372677	2025-09-04 14:37:56.372677	
354	1563	56	cstName	2	\N	f	0	0	f		f	2025-09-04 14:37:56.372677	2025-09-04 14:37:56.372677	
355	1564	40	iKey	1	\N	t	1	1	f		f	2025-09-04 14:37:56.372677	2025-09-04 14:37:56.372677	
356	1564	22	iDate	2	\N	f	0	0	f		f	2025-09-04 14:37:56.372677	2025-09-04 14:37:56.372677	
357	1564	45	iNote	3	\N	f	0	0	f		f	2025-09-04 14:37:56.372677	2025-09-04 14:37:56.372677	
358	1564	23	iTimeOfEntry	4	(getdate())	f	0	0	f		f	2025-09-04 14:37:56.372677	2025-09-04 14:37:56.372677	
359	1564	22	iDateNull	5	\N	f	0	0	t	(case when [iDate] IS NULL then CONVERT([date],'01.01.1900',(0)) else [iDate] end)	f	2025-09-04 14:37:56.372677	2025-09-04 14:37:56.372677	
360	1564	56	iName	6	\N	f	0	0	t	([ags].[fnInvName]([iKey]))	f	2025-09-04 14:37:56.372677	2025-09-04 14:37:56.372677	
361	1564	56	iNum	7	\N	f	0	0	t	([ags].[fnInvNum]([iKey]))	f	2025-09-04 14:37:56.372677	2025-09-04 14:37:56.372677	
362	1565	56	cstAgPn	1	\N	f	0	0	f		f	2025-09-04 14:37:56.372677	2025-09-04 14:37:56.372677	
363	1565	56	invBranch	2	\N	f	0	0	f		f	2025-09-04 14:37:56.372677	2025-09-04 14:37:56.372677	
364	1565	39	ogKey	3	\N	f	0	0	f		f	2025-09-04 14:37:56.372677	2025-09-04 14:37:56.372677	
365	1566	56	cstAgPn	1	\N	f	0	0	f		f	2025-09-04 14:37:56.372677	2025-09-04 14:37:56.372677	
366	1566	56	cstName	2	\N	f	0	0	f		f	2025-09-04 14:37:56.372677	2025-09-04 14:37:56.372677	
367	1566	39	cstLim	3	\N	f	0	0	f		f	2025-09-04 14:37:56.372677	2025-09-04 14:37:56.372677	
370	1567	56	cst	1	\N	f	0	0	f		f	2025-09-04 14:37:56.372677	2025-09-04 14:37:56.372677	
371	1567	56	branch	2	\N	f	0	0	f		f	2025-09-04 14:37:56.372677	2025-09-04 14:37:56.372677	
372	1568	56	og	1	\N	f	0	0	f		f	2025-09-04 14:37:56.372677	2025-09-04 14:37:56.372677	
373	1568	56	sheme	2	\N	f	0	0	f		f	2025-09-04 14:37:56.372677	2025-09-04 14:37:56.372677	
374	1568	56	cons	3	\N	f	0	0	f		f	2025-09-04 14:37:56.372677	2025-09-04 14:37:56.372677	
375	1568	56	const_old	4	\N	f	0	0	f		f	2025-09-04 14:37:56.372677	2025-09-04 14:37:56.372677	
376	1569	56	og	1	\N	f	0	0	f		f	2025-09-04 14:37:56.372677	2025-09-04 14:37:56.372677	
377	1569	56	cons	2	\N	f	0	0	f		f	2025-09-04 14:37:56.372677	2025-09-04 14:37:56.372677	
378	1569	56	const_old	3	\N	f	0	0	f		f	2025-09-04 14:37:56.372677	2025-09-04 14:37:56.372677	
379	1569	39	cstapKey	4	\N	f	0	0	f		f	2025-09-04 14:37:56.372677	2025-09-04 14:37:56.372677	
380	1569	39	ogKey	5	\N	f	0	0	f		f	2025-09-04 14:37:56.372677	2025-09-04 14:37:56.372677	
381	1569	39	cnt	6	\N	f	0	0	f		f	2025-09-04 14:37:56.372677	2025-09-04 14:37:56.372677	
382	1569	39	cstapbBranch	7	\N	f	0	0	f		f	2025-09-04 14:37:56.372677	2025-09-04 14:37:56.372677	
383	1569	56	rslt	8	\N	f	0	0	f		f	2025-09-04 14:37:56.372677	2025-09-04 14:37:56.372677	
384	1570	40	idInv	1	\N	f	0	0	f		f	2025-09-04 14:37:56.372677	2025-09-04 14:37:56.372677	счёт-фактура
385	1570	67	idNum	2	((1))	f	0	0	f		f	2025-09-04 14:37:56.372677	2025-09-04 14:37:56.372677	номер задолженности в пределах счёта-фактуры
386	1570	56	idNote	3	\N	f	0	0	f		f	2025-09-04 14:37:56.372677	2025-09-04 14:37:56.372677	краткое описание задолженности
387	1570	23	idTimeOfEntry	4	(getdate())	f	0	0	f		f	2025-09-04 14:37:56.372677	2025-09-04 14:37:56.372677	
388	1571	40	idciaInvDbtInv	1	\N	f	0	0	f		f	2025-09-04 14:37:56.372677	2025-09-04 14:37:56.372677	
389	1571	67	idciaInvDbtNum	2	\N	f	0	0	f		f	2025-09-04 14:37:56.372677	2025-09-04 14:37:56.372677	
390	1571	40	idciaCia	3	\N	f	0	0	f		f	2025-09-04 14:37:56.372677	2025-09-04 14:37:56.372677	
391	1572	40	idvDbtInv	1	\N	f	0	0	f		f	2025-09-04 14:37:56.372677	2025-09-04 14:37:56.372677	идентификатор счёта-фактуры, часть внешнего ключа из таблицы задолженностей счёта-фактуры
392	1572	40	idvDbtInvNum	2	\N	f	0	0	f		f	2025-09-04 14:37:56.372677	2025-09-04 14:37:56.372677	номер счёта-фактуры, с которым в данной выгрузке фигурировала задолженность
393	1572	67	idvDbtNum	3	\N	f	0	0	f		f	2025-09-04 14:37:56.372677	2025-09-04 14:37:56.372677	номер задолженности, часть внешнего ключа из таблицы задолженностей счёта-фактуры
394	1572	40	idvUpl	4	\N	f	0	0	f		f	2025-09-04 14:37:56.372677	2025-09-04 14:37:56.372677	выгрузка задолженностей
395	1591	27	iuplpM10	17	\N	f	0	0	f		f	2025-09-04 14:37:56.372677	2025-09-04 14:37:56.372677	
396	1572	41	idvAccnt	5	\N	f	0	0	f		f	2025-09-04 14:37:56.372677	2025-09-04 14:37:56.372677	Счет Главной книги
397	1572	41	idvCnPartyOrg	6	\N	f	0	0	f		f	2025-09-04 14:37:56.372677	2025-09-04 14:37:56.372677	наверное, это лишнее
398	1572	41	idvOrgName	7	\N	f	0	0	f		f	2025-09-04 14:37:56.372677	2025-09-04 14:37:56.372677	контрагент, наименование
399	1572	41	idvOrgNum	8	\N	f	0	0	f		f	2025-09-04 14:37:56.372677	2025-09-04 14:37:56.372677	контрагент, номер БУиРГ (№ контрагента)
400	1572	70	idvOrgTin	9	\N	f	0	0	f		f	2025-09-04 14:37:56.372677	2025-09-04 14:37:56.372677	контрагент, ИНН
401	1573	40	inKey	1	\N	t	1	1	f		f	2025-09-04 14:37:56.372677	2025-09-04 14:37:56.372677	
402	1573	56	inNum	2	\N	f	0	0	f		f	2025-09-04 14:37:56.372677	2025-09-04 14:37:56.372677	
403	1573	56	inNote	3	\N	f	0	0	f		f	2025-09-04 14:37:56.372677	2025-09-04 14:37:56.372677	
404	1573	23	inTimeOfEntry	5	(getdate())	f	0	0	f		f	2025-09-04 14:37:56.372677	2025-09-04 14:37:56.372677	
405	1573	56	inNumNull	6	\N	f	0	0	t	(case when [inNum] IS NULL then 'NullИлиПусто' else case when [inNum]='' then 'NullИлиПусто' else rtrim(ltrim([inNum])) end end)	f	2025-09-04 14:37:56.372677	2025-09-04 14:37:56.372677	При отсутствии значения (Null) в поле номера счёта-фактуры, либо при значении, равном пустой строке (''), приводим номер договора к виду 'NullИлиПусто'
406	1574	40	ipgKey	1	\N	t	1	1	f		f	2025-09-04 14:37:56.372677	2025-09-04 14:37:56.372677	
407	1574	40	ipgOg	2	\N	f	0	0	f		f	2025-09-04 14:37:56.372677	2025-09-04 14:37:56.372677	
408	1574	54	ipgNm	3	\N	f	0	0	f		f	2025-09-04 14:37:56.372677	2025-09-04 14:37:56.372677	
409	1574	40	ipgYy	4	\N	f	0	0	f		f	2025-09-04 14:37:56.372677	2025-09-04 14:37:56.372677	
410	1574	65	ipgNum	5	\N	f	0	0	f		f	2025-09-04 14:37:56.372677	2025-09-04 14:37:56.372677	
411	1574	22	ipgEnd	7	\N	f	0	0	f		f	2025-09-04 14:37:56.372677	2025-09-04 14:37:56.372677	
412	1574	41	ipgRepl	8	\N	f	0	0	f		f	2025-09-04 14:37:56.372677	2025-09-04 14:37:56.372677	
413	1574	40	ipgStRlSh	9	\N	f	0	0	f		f	2025-09-04 14:37:56.372677	2025-09-04 14:37:56.372677	схема структуры инвестиционной программы
414	1574	41	ipgYyYear	10	\N	f	0	0	t	([ags].[fnYyyyYear]([ipgYy]))	f	2025-09-04 14:37:56.372677	2025-09-04 14:37:56.372677	
415	1575	40	ipgcKey	1	\N	t	1	1	f		f	2025-09-04 14:37:56.372677	2025-09-04 14:37:56.372677	
416	1575	55	ipgcName	2	\N	f	0	0	f		f	2025-09-04 14:37:56.372677	2025-09-04 14:37:56.372677	Наименование цепочки инвестиционных программ
417	1575	41	ipgcStNetIpg	3	\N	f	0	0	t	([ags].[fnIpgChainStNet]([ipgcKey]))	f	2025-09-04 14:37:56.372677	2025-09-04 14:37:56.372677	Структура пунктов инвестпрограмм. Берется по самой поздней инвестпрограмме в цепи
418	1575	41	ipgcIpgLate	4	\N	f	0	0	t	([ags].[fnIpgChainIpgLate]([ipgcKey]))	f	2025-09-04 14:37:56.372677	2025-09-04 14:37:56.372677	ключ самой поздней *Инвестпрограммы* для *Цепи инвестпрограмм*
419	1575	41	ipgcYyyy	5	\N	f	0	0	t	([ags].[fnIpgChainYyyy]([ipgcKey]))	f	2025-09-04 14:37:56.372677	2025-09-04 14:37:56.372677	год по самой поздней *Инвестпрограммы* для *Цепи инвестпрограмм*
420	1576	40	ipgcrKey	1	\N	t	1	1	f		f	2025-09-04 14:37:56.372677	2025-09-04 14:37:56.372677	
421	1576	40	ipgcrChain	2	\N	f	0	0	f		f	2025-09-04 14:37:56.372677	2025-09-04 14:37:56.372677	
422	1576	40	ipgcrIpg	3	\N	f	0	0	f		f	2025-09-04 14:37:56.372677	2025-09-04 14:37:56.372677	
423	1576	41	ipgcrUtPlGr	4	\N	f	0	0	f		f	2025-09-04 14:37:56.372677	2025-09-04 14:37:56.372677	
424	1577	40	iciKey	1	\N	t	1	1	f		f	2025-09-04 14:37:56.372677	2025-09-04 14:37:56.372677	
425	1577	55	iciName	2	\N	f	0	0	f		f	2025-09-04 14:37:56.372677	2025-09-04 14:37:56.372677	
426	1578	40	icinKey	1	\N	t	1	1	f		f	2025-09-04 14:37:56.372677	2025-09-04 14:37:56.372677	
427	1578	55	icinNm	2	\N	f	0	0	f		f	2025-09-04 14:37:56.372677	2025-09-04 14:37:56.372677	
428	1578	40	icinCostIts	3	\N	f	0	0	f		f	2025-09-04 14:37:56.372677	2025-09-04 14:37:56.372677	
429	1579	40	ipgpKey	1	\N	t	1	1	f		f	2025-09-04 14:37:56.372677	2025-09-04 14:37:56.372677	
430	1579	40	ipgpIpg	2	\N	f	0	0	f		f	2025-09-04 14:37:56.372677	2025-09-04 14:37:56.372677	
431	1579	41	ipgpNum	3	\N	f	0	0	f		f	2025-09-04 14:37:56.372677	2025-09-04 14:37:56.372677	
432	1579	40	ipgpCstAgPn	4	\N	f	0	0	f		f	2025-09-04 14:37:56.372677	2025-09-04 14:37:56.372677	
433	1579	27	ipgpSmTtl	5	\N	f	0	0	f		f	2025-09-04 14:37:56.372677	2025-09-04 14:37:56.372677	
434	1579	27	ipgpSmWrk	6	\N	f	0	0	f		f	2025-09-04 14:37:56.372677	2025-09-04 14:37:56.372677	
435	1579	27	ipgpSmEqu	7	\N	f	0	0	f		f	2025-09-04 14:37:56.372677	2025-09-04 14:37:56.372677	
436	1579	27	ipgpSmOth	8	\N	f	0	0	f		f	2025-09-04 14:37:56.372677	2025-09-04 14:37:56.372677	
437	1579	27	ipgpSmAgFee	9	\N	f	0	0	f		f	2025-09-04 14:37:56.372677	2025-09-04 14:37:56.372677	
438	1579	27	ipgpCostAdjust	10	\N	f	0	0	f		f	2025-09-04 14:37:56.372677	2025-09-04 14:37:56.372677	Заявленная корректировка стоимости (Claimed cost adjustment)
439	1591	27	iuplpM11	18	\N	f	0	0	f		f	2025-09-04 14:37:56.372677	2025-09-04 14:37:56.372677	
440	1579	27	ipgpSmReserv	11	\N	f	0	0	f		f	2025-09-04 14:37:56.372677	2025-09-04 14:37:56.372677	Кроме того заблокированный резерв*
441	1579	56	ipgpTskCms	12	\N	f	0	0	f		f	2025-09-04 14:37:56.372677	2025-09-04 14:37:56.372677	
442	1579	40	ipgpSh	13	\N	f	0	0	f		f	2025-09-04 14:37:56.372677	2025-09-04 14:37:56.372677	
443	1580	40	ipgplKey	1	\N	t	1	1	f		f	2025-09-04 14:37:56.372677	2025-09-04 14:37:56.372677	
444	1580	40	ipgplPn	2	\N	f	0	0	f		f	2025-09-04 14:37:56.372677	2025-09-04 14:37:56.372677	Пункт инвестиционной программы
445	1580	40	ipgplStCost	3	\N	f	0	0	f		f	2025-09-04 14:37:56.372677	2025-09-04 14:37:56.372677	Пункт структуры затрат (стоимости)
446	1580	26	ipgplLim	4	\N	f	0	0	f		f	2025-09-04 14:37:56.372677	2025-09-04 14:37:56.372677	Лимит по *Пункту структуры затрат* для *Пункт инвестиционной программы*
447	1581	49	ipgsNm	2	\N	f	0	0	f		f	2025-09-04 14:37:56.372677	2025-09-04 14:37:56.372677	
448	1582	40	ipgStKey	1	\N	t	1	1	f		f	2025-09-04 14:37:56.372677	2025-09-04 14:37:56.372677	
449	1582	55	ipgStName	2	\N	f	0	0	f		f	2025-09-04 14:37:56.372677	2025-09-04 14:37:56.372677	
505	1591	36	iuplpM10Accum	30	\N	f	0	0	t	(((((((((isnull([iuplpM01],(0))+isnull([iuplpM02],(0)))+isnull([iuplpM03],(0)))+isnull([iuplpM04],(0)))+isnull([iuplpM05],(0)))+isnull([iuplpM06],(0)))+isnull([iuplpM07],(0)))+isnull([iuplpM08],(0)))+isnull([iuplpM09],(0)))+isnull([iuplpM10],(0)))	f	2025-09-04 14:37:56.372677	2025-09-04 14:37:56.372677	
559	1596	60	jNote	4	\N	f	0	0	f		f	2025-09-04 14:37:56.372677	2025-09-04 14:37:56.372677	
560	1596	6	jType	5	\N	f	0	0	f		f	2025-09-04 14:37:56.372677	2025-09-04 14:37:56.372677	
504	1591	35	iuplpM09Accum	29	\N	f	0	0	t	((((((((isnull([iuplpM01],(0))+isnull([iuplpM02],(0)))+isnull([iuplpM03],(0)))+isnull([iuplpM04],(0)))+isnull([iuplpM05],(0)))+isnull([iuplpM06],(0)))+isnull([iuplpM07],(0)))+isnull([iuplpM08],(0)))+isnull([iuplpM09],(0)))	f	2025-09-04 14:37:56.372677	2025-09-04 14:37:56.372677	
557	1596	55	jNum	2	\N	f	0	0	f		f	2025-09-04 14:37:56.372677	2025-09-04 14:37:56.372677	
558	1596	22	jDate	3	\N	f	0	0	f		f	2025-09-04 14:37:56.372677	2025-09-04 14:37:56.372677	
561	1596	41	jKeyOld	6	\N	f	0	0	f		f	2025-09-04 14:37:56.372677	2025-09-04 14:37:56.372677	
450	1582	41	ipgsLm	3	\N	f	0	0	f		f	2025-09-04 14:37:56.372677	2025-09-04 14:37:56.372677	07.02.2022 Показывает, нужно ли добавлять к стройкам пункта структуры инвестпрограмм какие либо группы строек с освоением за рамками выделенных в инвестпрограмме лимитов
451	1583	40	ipgsplKey	1	\N	t	1	1	f		f	2025-09-04 14:37:56.372677	2025-09-04 14:37:56.372677	
452	1583	51	ipgsplName	2	\N	f	0	0	f		f	2025-09-04 14:37:56.372677	2025-09-04 14:37:56.372677	
453	1584	40	ipgspKey	1	\N	t	1	1	f		f	2025-09-04 14:37:56.372677	2025-09-04 14:37:56.372677	
454	1584	40	ipgspSt	2	\N	f	0	0	f		f	2025-09-04 14:37:56.372677	2025-09-04 14:37:56.372677	
455	1584	40	ipgspPn	3	\N	f	0	0	f		f	2025-09-04 14:37:56.372677	2025-09-04 14:37:56.372677	
456	1585	40	ipgsrKey	1	\N	t	1	1	f		f	2025-09-04 14:37:56.372677	2025-09-04 14:37:56.372677	
457	1585	40	ipgsrParent	2	\N	f	0	0	f		f	2025-09-04 14:37:56.372677	2025-09-04 14:37:56.372677	
458	1585	40	ipgsrChaild	3	\N	f	0	0	f		f	2025-09-04 14:37:56.372677	2025-09-04 14:37:56.372677	
459	1586	40	ipgstrshKey	1	\N	t	1	1	f		f	2025-09-04 14:37:56.372677	2025-09-04 14:37:56.372677	
460	1586	55	ipgstrshName	2	\N	f	0	0	f		f	2025-09-04 14:37:56.372677	2025-09-04 14:37:56.372677	
461	1586	40	ipgstrshRoot	3	\N	f	0	0	f		f	2025-09-04 14:37:56.372677	2025-09-04 14:37:56.372677	Корневой пункт структуры
462	1587	40	ipgstrshpKey	1	\N	t	1	1	f		f	2025-09-04 14:37:56.372677	2025-09-04 14:37:56.372677	
463	1587	40	ipgstrshpSh	2	\N	f	0	0	f		f	2025-09-04 14:37:56.372677	2025-09-04 14:37:56.372677	
464	1587	40	ipgstrshpStRl	3	\N	f	0	0	f		f	2025-09-04 14:37:56.372677	2025-09-04 14:37:56.372677	
465	1587	40	ipgstrshpNum	4	\N	f	0	0	f		f	2025-09-04 14:37:56.372677	2025-09-04 14:37:56.372677	
466	1588	40	iuplKey	1	\N	t	1	1	f		f	2025-09-04 14:37:56.372677	2025-09-04 14:37:56.372677	
467	1588	55	iuplNm	2	\N	f	0	0	f		f	2025-09-04 14:37:56.372677	2025-09-04 14:37:56.372677	
468	1588	21	iuplDate	3	\N	f	0	0	f		f	2025-09-04 14:37:56.372677	2025-09-04 14:37:56.372677	
469	1588	40	iuplAg	4	\N	f	0	0	f		f	2025-09-04 14:37:56.372677	2025-09-04 14:37:56.372677	
470	1588	40	iuplIpg	5	\N	f	0	0	f		f	2025-09-04 14:37:56.372677	2025-09-04 14:37:56.372677	
471	1589	40	iuplgKey	1	\N	t	1	1	f		f	2025-09-04 14:37:56.372677	2025-09-04 14:37:56.372677	
472	1589	40	iuplgIpg	2	\N	f	0	0	f		f	2025-09-04 14:37:56.372677	2025-09-04 14:37:56.372677	
473	1589	55	iuplgNm	3	\N	f	0	0	f		f	2025-09-04 14:37:56.372677	2025-09-04 14:37:56.372677	
474	1590	40	iuplgpKey	1	\N	t	1	1	f		f	2025-09-04 14:37:56.372677	2025-09-04 14:37:56.372677	
475	1590	40	iuplgpGr	2	\N	f	0	0	f		f	2025-09-04 14:37:56.372677	2025-09-04 14:37:56.372677	
476	1590	40	iuplgpPl	3	\N	f	0	0	f		f	2025-09-04 14:37:56.372677	2025-09-04 14:37:56.372677	
477	1591	40	iuplpKey	1	\N	t	1	1	f		f	2025-09-04 14:37:56.372677	2025-09-04 14:37:56.372677	
478	1591	40	iuplpPl	2	\N	f	0	0	f		f	2025-09-04 14:37:56.372677	2025-09-04 14:37:56.372677	уточнённый план
479	1591	27	iuplpLim	3	\N	f	0	0	f		f	2025-09-04 14:37:56.372677	2025-09-04 14:37:56.372677	
480	1591	27	iuplpQ1	4	\N	f	0	0	f		f	2025-09-04 14:37:56.372677	2025-09-04 14:37:56.372677	
481	1591	27	iuplpM01	5	\N	f	0	0	f		f	2025-09-04 14:37:56.372677	2025-09-04 14:37:56.372677	
482	1591	27	iuplpM02	6	\N	f	0	0	f		f	2025-09-04 14:37:56.372677	2025-09-04 14:37:56.372677	
483	1591	27	iuplpM03	7	\N	f	0	0	f		f	2025-09-04 14:37:56.372677	2025-09-04 14:37:56.372677	
484	1591	27	iuplpQ2	8	\N	f	0	0	f		f	2025-09-04 14:37:56.372677	2025-09-04 14:37:56.372677	
485	1591	27	iuplpM04	9	\N	f	0	0	f		f	2025-09-04 14:37:56.372677	2025-09-04 14:37:56.372677	
486	1591	27	iuplpM05	10	\N	f	0	0	f		f	2025-09-04 14:37:56.372677	2025-09-04 14:37:56.372677	
487	1591	27	iuplpM06	11	\N	f	0	0	f		f	2025-09-04 14:37:56.372677	2025-09-04 14:37:56.372677	
488	1591	27	iuplpQ3	12	\N	f	0	0	f		f	2025-09-04 14:37:56.372677	2025-09-04 14:37:56.372677	
489	1591	27	iuplpM07	13	\N	f	0	0	f		f	2025-09-04 14:37:56.372677	2025-09-04 14:37:56.372677	
490	1591	27	iuplpM08	14	\N	f	0	0	f		f	2025-09-04 14:37:56.372677	2025-09-04 14:37:56.372677	
491	1591	27	iuplpM09	15	\N	f	0	0	f		f	2025-09-04 14:37:56.372677	2025-09-04 14:37:56.372677	
492	1591	27	iuplpQ4	16	\N	f	0	0	f		f	2025-09-04 14:37:56.372677	2025-09-04 14:37:56.372677	
493	1591	27	iuplpM12	19	\N	f	0	0	f		f	2025-09-04 14:37:56.372677	2025-09-04 14:37:56.372677	
494	1591	41	iuplpSubAg	20	\N	f	0	0	f		f	2025-09-04 14:37:56.372677	2025-09-04 14:37:56.372677	внутренняя структурная единица агента
495	1591	40	iuplpIpgPn	21	\N	f	0	0	f		f	2025-09-04 14:37:56.372677	2025-09-04 14:37:56.372677	пункт инвестпрограммы
496	1591	28	iuplpM02Accum	22	\N	f	0	0	t	(isnull([iuplpM01],(0))+isnull([iuplpM02],(0)))	f	2025-09-04 14:37:56.372677	2025-09-04 14:37:56.372677	
497	1591	29	iuplpM03Accum	23	\N	f	0	0	t	((isnull([iuplpM01],(0))+isnull([iuplpM02],(0)))+isnull([iuplpM03],(0)))	f	2025-09-04 14:37:56.372677	2025-09-04 14:37:56.372677	
498	1591	30	iuplpM04Accum	24	\N	f	0	0	t	(((isnull([iuplpM01],(0))+isnull([iuplpM02],(0)))+isnull([iuplpM03],(0)))+isnull([iuplpM04],(0)))	f	2025-09-04 14:37:56.372677	2025-09-04 14:37:56.372677	
499	1591	31	iuplpM05Accum	25	\N	f	0	0	t	((((isnull([iuplpM01],(0))+isnull([iuplpM02],(0)))+isnull([iuplpM03],(0)))+isnull([iuplpM04],(0)))+isnull([iuplpM05],(0)))	f	2025-09-04 14:37:56.372677	2025-09-04 14:37:56.372677	
500	1602	40	jpDocKey	1	\N	f	0	0	f		f	2025-09-04 14:37:56.372677	2025-09-04 14:37:56.372677	
501	1591	32	iuplpM06Accum	26	\N	f	0	0	t	(((((isnull([iuplpM01],(0))+isnull([iuplpM02],(0)))+isnull([iuplpM03],(0)))+isnull([iuplpM04],(0)))+isnull([iuplpM05],(0)))+isnull([iuplpM06],(0)))	f	2025-09-04 14:37:56.372677	2025-09-04 14:37:56.372677	
502	1591	33	iuplpM07Accum	27	\N	f	0	0	t	((((((isnull([iuplpM01],(0))+isnull([iuplpM02],(0)))+isnull([iuplpM03],(0)))+isnull([iuplpM04],(0)))+isnull([iuplpM05],(0)))+isnull([iuplpM06],(0)))+isnull([iuplpM07],(0)))	f	2025-09-04 14:37:56.372677	2025-09-04 14:37:56.372677	
503	1591	34	iuplpM08Accum	28	\N	f	0	0	t	(((((((isnull([iuplpM01],(0))+isnull([iuplpM02],(0)))+isnull([iuplpM03],(0)))+isnull([iuplpM04],(0)))+isnull([iuplpM05],(0)))+isnull([iuplpM06],(0)))+isnull([iuplpM07],(0)))+isnull([iuplpM08],(0)))	f	2025-09-04 14:37:56.372677	2025-09-04 14:37:56.372677	
506	1591	37	iuplpM11Accum	31	\N	f	0	0	t	((((((((((isnull([iuplpM01],(0))+isnull([iuplpM02],(0)))+isnull([iuplpM03],(0)))+isnull([iuplpM04],(0)))+isnull([iuplpM05],(0)))+isnull([iuplpM06],(0)))+isnull([iuplpM07],(0)))+isnull([iuplpM08],(0)))+isnull([iuplpM09],(0)))+isnull([iuplpM10],(0)))+isnull([iuplpM11],(0)))	f	2025-09-04 14:37:56.372677	2025-09-04 14:37:56.372677	
507	1591	38	iuplpM12Accum	32	\N	f	0	0	t	(((((((((((isnull([iuplpM01],(0))+isnull([iuplpM02],(0)))+isnull([iuplpM03],(0)))+isnull([iuplpM04],(0)))+isnull([iuplpM05],(0)))+isnull([iuplpM06],(0)))+isnull([iuplpM07],(0)))+isnull([iuplpM08],(0)))+isnull([iuplpM09],(0)))+isnull([iuplpM10],(0)))+isnull([iuplpM11],(0)))+isnull([iuplpM12],(0)))	f	2025-09-04 14:37:56.372677	2025-09-04 14:37:56.372677	
508	1592	40	iuplpcKey	1	\N	t	1	1	f		f	2025-09-04 14:37:56.372677	2025-09-04 14:37:56.372677	
509	1592	40	iuplpcPlPn	2	\N	f	0	0	f		f	2025-09-04 14:37:56.372677	2025-09-04 14:37:56.372677	
510	1592	27	iuplpcLim	3	\N	f	0	0	f		f	2025-09-04 14:37:56.372677	2025-09-04 14:37:56.372677	
511	1592	27	iuplpcQ1	4	\N	f	0	0	f		f	2025-09-04 14:37:56.372677	2025-09-04 14:37:56.372677	
512	1592	27	iuplpcM01	5	\N	f	0	0	f		f	2025-09-04 14:37:56.372677	2025-09-04 14:37:56.372677	
513	1592	27	iuplpcM02	6	\N	f	0	0	f		f	2025-09-04 14:37:56.372677	2025-09-04 14:37:56.372677	
514	1592	27	iuplpcM03	7	\N	f	0	0	f		f	2025-09-04 14:37:56.372677	2025-09-04 14:37:56.372677	
515	1592	27	iuplpcQ2	8	\N	f	0	0	f		f	2025-09-04 14:37:56.372677	2025-09-04 14:37:56.372677	
516	1592	27	iuplpcM04	9	\N	f	0	0	f		f	2025-09-04 14:37:56.372677	2025-09-04 14:37:56.372677	
517	1592	27	iuplpcM05	10	\N	f	0	0	f		f	2025-09-04 14:37:56.372677	2025-09-04 14:37:56.372677	
518	1592	27	iuplpcM06	11	\N	f	0	0	f		f	2025-09-04 14:37:56.372677	2025-09-04 14:37:56.372677	
519	1592	27	iuplpcQ3	12	\N	f	0	0	f		f	2025-09-04 14:37:56.372677	2025-09-04 14:37:56.372677	
520	1592	27	iuplpcM07	13	\N	f	0	0	f		f	2025-09-04 14:37:56.372677	2025-09-04 14:37:56.372677	
521	1592	27	iuplpcM08	14	\N	f	0	0	f		f	2025-09-04 14:37:56.372677	2025-09-04 14:37:56.372677	
522	1592	27	iuplpcM09	15	\N	f	0	0	f		f	2025-09-04 14:37:56.372677	2025-09-04 14:37:56.372677	
523	1592	27	iuplpcQ4	16	\N	f	0	0	f		f	2025-09-04 14:37:56.372677	2025-09-04 14:37:56.372677	
524	1592	27	iuplpcM10	17	\N	f	0	0	f		f	2025-09-04 14:37:56.372677	2025-09-04 14:37:56.372677	
525	1592	27	iuplpcM11	18	\N	f	0	0	f		f	2025-09-04 14:37:56.372677	2025-09-04 14:37:56.372677	
526	1592	27	iuplpcM12	19	\N	f	0	0	f		f	2025-09-04 14:37:56.372677	2025-09-04 14:37:56.372677	
527	1592	40	iuplpcCostIts	20	\N	f	0	0	f		f	2025-09-04 14:37:56.372677	2025-09-04 14:37:56.372677	
528	1592	28	iuplpcM02Accum	21	\N	f	0	0	t	(isnull([iuplpcM01],(0))+isnull([iuplpcM02],(0)))	f	2025-09-04 14:37:56.372677	2025-09-04 14:37:56.372677	
529	1592	29	iuplpcM03Accum	22	\N	f	0	0	t	((isnull([iuplpcM01],(0))+isnull([iuplpcM02],(0)))+isnull([iuplpcM03],(0)))	f	2025-09-04 14:37:56.372677	2025-09-04 14:37:56.372677	
530	1592	30	iuplpcM04Accum	23	\N	f	0	0	t	(((isnull([iuplpcM01],(0))+isnull([iuplpcM02],(0)))+isnull([iuplpcM03],(0)))+isnull([iuplpcM04],(0)))	f	2025-09-04 14:37:56.372677	2025-09-04 14:37:56.372677	
531	1592	31	iuplpcM05Accum	24	\N	f	0	0	t	((((isnull([iuplpcM01],(0))+isnull([iuplpcM02],(0)))+isnull([iuplpcM03],(0)))+isnull([iuplpcM04],(0)))+isnull([iuplpcM05],(0)))	f	2025-09-04 14:37:56.372677	2025-09-04 14:37:56.372677	
532	1592	32	iuplpcM06Accum	25	\N	f	0	0	t	(((((isnull([iuplpcM01],(0))+isnull([iuplpcM02],(0)))+isnull([iuplpcM03],(0)))+isnull([iuplpcM04],(0)))+isnull([iuplpcM05],(0)))+isnull([iuplpcM06],(0)))	f	2025-09-04 14:37:56.372677	2025-09-04 14:37:56.372677	
533	1601	64	dURL	11	\N	f	0	0	f		f	2025-09-04 14:37:56.372677	2025-09-04 14:37:56.372677	
534	1613	39	ogOGRN	8	\N	f	0	0	f		f	2025-09-04 14:37:56.372677	2025-09-04 14:37:56.372677	
535	1592	33	iuplpcM07Accum	26	\N	f	0	0	t	((((((isnull([iuplpcM01],(0))+isnull([iuplpcM02],(0)))+isnull([iuplpcM03],(0)))+isnull([iuplpcM04],(0)))+isnull([iuplpcM05],(0)))+isnull([iuplpcM06],(0)))+isnull([iuplpcM07],(0)))	f	2025-09-04 14:37:56.372677	2025-09-04 14:37:56.372677	
536	1592	34	iuplpcM08Accum	27	\N	f	0	0	t	(((((((isnull([iuplpcM01],(0))+isnull([iuplpcM02],(0)))+isnull([iuplpcM03],(0)))+isnull([iuplpcM04],(0)))+isnull([iuplpcM05],(0)))+isnull([iuplpcM06],(0)))+isnull([iuplpcM07],(0)))+isnull([iuplpcM08],(0)))	f	2025-09-04 14:37:56.372677	2025-09-04 14:37:56.372677	
537	1592	35	iuplpcM09Accum	28	\N	f	0	0	t	((((((((isnull([iuplpcM01],(0))+isnull([iuplpcM02],(0)))+isnull([iuplpcM03],(0)))+isnull([iuplpcM04],(0)))+isnull([iuplpcM05],(0)))+isnull([iuplpcM06],(0)))+isnull([iuplpcM07],(0)))+isnull([iuplpcM08],(0)))+isnull([iuplpcM09],(0)))	f	2025-09-04 14:37:56.372677	2025-09-04 14:37:56.372677	
538	1592	36	iuplpcM10Accum	29	\N	f	0	0	t	(((((((((isnull([iuplpcM01],(0))+isnull([iuplpcM02],(0)))+isnull([iuplpcM03],(0)))+isnull([iuplpcM04],(0)))+isnull([iuplpcM05],(0)))+isnull([iuplpcM06],(0)))+isnull([iuplpcM07],(0)))+isnull([iuplpcM08],(0)))+isnull([iuplpcM09],(0)))+isnull([iuplpcM10],(0)))	f	2025-09-04 14:37:56.372677	2025-09-04 14:37:56.372677	
539	1592	37	iuplpcM11Accum	30	\N	f	0	0	t	((((((((((isnull([iuplpcM01],(0))+isnull([iuplpcM02],(0)))+isnull([iuplpcM03],(0)))+isnull([iuplpcM04],(0)))+isnull([iuplpcM05],(0)))+isnull([iuplpcM06],(0)))+isnull([iuplpcM07],(0)))+isnull([iuplpcM08],(0)))+isnull([iuplpcM09],(0)))+isnull([iuplpcM10],(0)))+isnull([iuplpcM11],(0)))	f	2025-09-04 14:37:56.372677	2025-09-04 14:37:56.372677	
540	1602	6	jpDocType	2	('prmr')	f	0	0	f		f	2025-09-04 14:37:56.372677	2025-09-04 14:37:56.372677	
541	1602	40	jpDocPrmrType	3	\N	f	0	0	f		f	2025-09-04 14:37:56.372677	2025-09-04 14:37:56.372677	
542	1592	38	iuplpcM12Accum	31	\N	f	0	0	t	(((((((((((isnull([iuplpcM01],(0))+isnull([iuplpcM02],(0)))+isnull([iuplpcM03],(0)))+isnull([iuplpcM04],(0)))+isnull([iuplpcM05],(0)))+isnull([iuplpcM06],(0)))+isnull([iuplpcM07],(0)))+isnull([iuplpcM08],(0)))+isnull([iuplpcM09],(0)))+isnull([iuplpcM10],(0)))+isnull([iuplpcM11],(0)))+isnull([iuplpcM12],(0)))	f	2025-09-04 14:37:56.372677	2025-09-04 14:37:56.372677	
543	1593	40	iuplpmPlPn	2	\N	f	0	0	f		f	2025-09-04 14:37:56.372677	2025-09-04 14:37:56.372677	
544	1593	40	iuplpmStCost	3	\N	f	0	0	f		f	2025-09-04 14:37:56.372677	2025-09-04 14:37:56.372677	
545	1593	40	iuplpmMn	4	\N	f	0	0	f		f	2025-09-04 14:37:56.372677	2025-09-04 14:37:56.372677	
546	1593	26	iuplpmLim	5	\N	f	0	0	f		f	2025-09-04 14:37:56.372677	2025-09-04 14:37:56.372677	
547	1594	40	iuplpqKey	1	\N	t	1	1	f		f	2025-09-04 14:37:56.372677	2025-09-04 14:37:56.372677	
548	1594	40	iuplpqPlPn	2	\N	f	0	0	f		f	2025-09-04 14:37:56.372677	2025-09-04 14:37:56.372677	
549	1594	40	iuplpqStCost	3	\N	f	0	0	f		f	2025-09-04 14:37:56.372677	2025-09-04 14:37:56.372677	
550	1594	40	iuplpqQu	4	\N	f	0	0	f		f	2025-09-04 14:37:56.372677	2025-09-04 14:37:56.372677	
551	1594	26	iuplpqLim	5	\N	f	0	0	f		f	2025-09-04 14:37:56.372677	2025-09-04 14:37:56.372677	
552	1595	40	iuplpyKey	1	\N	t	1	1	f		f	2025-09-04 14:37:56.372677	2025-09-04 14:37:56.372677	
553	1595	40	iuplpyPlPn	2	\N	f	0	0	f		f	2025-09-04 14:37:56.372677	2025-09-04 14:37:56.372677	
554	1595	40	iuplpyStCost	3	\N	f	0	0	f		f	2025-09-04 14:37:56.372677	2025-09-04 14:37:56.372677	
555	1595	26	iuplpyLim	4	\N	f	0	0	f		f	2025-09-04 14:37:56.372677	2025-09-04 14:37:56.372677	
556	1596	40	jKey	1	\N	t	1	1	f		f	2025-09-04 14:37:56.372677	2025-09-04 14:37:56.372677	
562	1596	23	jDateAdd	7	(getdate())	f	0	0	f		f	2025-09-04 14:37:56.372677	2025-09-04 14:37:56.372677	
563	1597	40	jcDocKey	1	\N	f	0	0	f		f	2025-09-04 14:37:56.372677	2025-09-04 14:37:56.372677	
564	1597	6	jcDocType	2	('chng')	f	0	0	f		f	2025-09-04 14:37:56.372677	2025-09-04 14:37:56.372677	
565	1597	40	jcDocChngType	3	\N	f	0	0	f		f	2025-09-04 14:37:56.372677	2025-09-04 14:37:56.372677	
566	1598	40	jcgKey	1	\N	t	1	1	f		f	2025-09-04 14:37:56.372677	2025-09-04 14:37:56.372677	
567	1598	55	jcgName	2	\N	f	0	0	f		f	2025-09-04 14:37:56.372677	2025-09-04 14:37:56.372677	
568	1599	40	jcgrKey	1	\N	t	1	1	f		f	2025-09-04 14:37:56.372677	2025-09-04 14:37:56.372677	
569	1599	40	jcgrGr	2	\N	f	0	0	f		f	2025-09-04 14:37:56.372677	2025-09-04 14:37:56.372677	
570	1599	40	jcgrChng	3	\N	f	0	0	f		f	2025-09-04 14:37:56.372677	2025-09-04 14:37:56.372677	
571	1600	40	jctKey	1	\N	t	1	1	f		f	2025-09-04 14:37:56.372677	2025-09-04 14:37:56.372677	
572	1600	55	jctName	2	\N	f	0	0	f		f	2025-09-04 14:37:56.372677	2025-09-04 14:37:56.372677	
573	1601	56	dRegistry	1	\N	f	0	0	f		f	2025-09-04 14:37:56.372677	2025-09-04 14:37:56.372677	
574	1601	64	dNumReg	2	\N	f	0	0	f		f	2025-09-04 14:37:56.372677	2025-09-04 14:37:56.372677	
575	1601	64	dNum	3	\N	f	0	0	f		f	2025-09-04 14:37:56.372677	2025-09-04 14:37:56.372677	
576	1601	64	dAgreementsParties	4	\N	f	0	0	f		f	2025-09-04 14:37:56.372677	2025-09-04 14:37:56.372677	
577	1601	45	dName	5	\N	f	0	0	f		f	2025-09-04 14:37:56.372677	2025-09-04 14:37:56.372677	
578	1601	64	dDocSheets	6	\N	f	0	0	f		f	2025-09-04 14:37:56.372677	2025-09-04 14:37:56.372677	
579	1601	64	dAdditMaterialSheets	7	\N	f	0	0	f		f	2025-09-04 14:37:56.372677	2025-09-04 14:37:56.372677	
580	1601	64	dNote	8	\N	f	0	0	f		f	2025-09-04 14:37:56.372677	2025-09-04 14:37:56.372677	
581	1601	64	dNoteErr	9	\N	f	0	0	f		f	2025-09-04 14:37:56.372677	2025-09-04 14:37:56.372677	
582	1601	66	dCnTerminated	10	\N	f	0	0	f		f	2025-09-04 14:37:56.372677	2025-09-04 14:37:56.372677	
583	1601	64	dURLlink	12	\N	f	0	0	f		f	2025-09-04 14:37:56.372677	2025-09-04 14:37:56.372677	
584	1601	40	nKey	13	\N	t	1	1	f		f	2025-09-04 14:37:56.372677	2025-09-04 14:37:56.372677	
585	1601	41	nRegistryNum	14	\N	f	0	0	f		f	2025-09-04 14:37:56.372677	2025-09-04 14:37:56.372677	
586	1601	56	nRegistryNote	15	\N	f	0	0	f		f	2025-09-04 14:37:56.372677	2025-09-04 14:37:56.372677	
587	1601	56	nNumRegNum	16	\N	f	0	0	f		f	2025-09-04 14:37:56.372677	2025-09-04 14:37:56.372677	
588	1601	22	nNumRegDate	17	\N	f	0	0	f		f	2025-09-04 14:37:56.372677	2025-09-04 14:37:56.372677	
589	1601	56	nNumRegNote	18	\N	f	0	0	f		f	2025-09-04 14:37:56.372677	2025-09-04 14:37:56.372677	
590	1601	56	nNumDocType	19	\N	f	0	0	f		f	2025-09-04 14:37:56.372677	2025-09-04 14:37:56.372677	
591	1601	56	nNumDocNum	20	\N	f	0	0	f		f	2025-09-04 14:37:56.372677	2025-09-04 14:37:56.372677	
592	1601	22	nNumDocDate	21	\N	f	0	0	f		f	2025-09-04 14:37:56.372677	2025-09-04 14:37:56.372677	
593	1601	60	nNumDocNote	22	\N	f	0	0	f		f	2025-09-04 14:37:56.372677	2025-09-04 14:37:56.372677	
594	1601	56	nNumDocTypeSuper	23	\N	f	0	0	f		f	2025-09-04 14:37:56.372677	2025-09-04 14:37:56.372677	
595	1601	56	nPrmDocNum	24	\N	f	0	0	f		f	2025-09-04 14:37:56.372677	2025-09-04 14:37:56.372677	
596	1601	22	nPrmDocDate	25	\N	f	0	0	f		f	2025-09-04 14:37:56.372677	2025-09-04 14:37:56.372677	
597	1601	56	nPrmDocType	26	\N	f	0	0	f		f	2025-09-04 14:37:56.372677	2025-09-04 14:37:56.372677	
598	1601	41	nPrmDocKey	27	\N	f	0	0	f		f	2025-09-04 14:37:56.372677	2025-09-04 14:37:56.372677	
599	1603	40	jpgKey	1	\N	t	1	1	f		f	2025-09-04 14:37:56.372677	2025-09-04 14:37:56.372677	
600	1603	55	jpgName	2	\N	f	0	0	f		f	2025-09-04 14:37:56.372677	2025-09-04 14:37:56.372677	
601	1604	40	jpgrKey	1	\N	t	1	1	f		f	2025-09-04 14:37:56.372677	2025-09-04 14:37:56.372677	
602	1604	40	jpgrGr	2	\N	f	0	0	f		f	2025-09-04 14:37:56.372677	2025-09-04 14:37:56.372677	
603	1604	40	jpgrPrmr	3	\N	f	0	0	f		f	2025-09-04 14:37:56.372677	2025-09-04 14:37:56.372677	
604	1605	40	jptKey	1	\N	t	1	1	f		f	2025-09-04 14:37:56.372677	2025-09-04 14:37:56.372677	
605	1605	55	jptName	2	\N	f	0	0	f		f	2025-09-04 14:37:56.372677	2025-09-04 14:37:56.372677	
606	1606	40	jrKey	1	\N	t	1	1	f		f	2025-09-04 14:37:56.372677	2025-09-04 14:37:56.372677	
607	1606	40	jrDoc	2	\N	f	0	0	f		f	2025-09-04 14:37:56.372677	2025-09-04 14:37:56.372677	
608	1606	40	jrRegistryNum	3	\N	f	0	0	f		f	2025-09-04 14:37:56.372677	2025-09-04 14:37:56.372677	
609	1606	56	jrRegistryNote	4	\N	f	0	0	f		f	2025-09-04 14:37:56.372677	2025-09-04 14:37:56.372677	
610	1606	56	jrNumReg	5	\N	f	0	0	f		f	2025-09-04 14:37:56.372677	2025-09-04 14:37:56.372677	
611	1606	22	jrNumRegDate	6	\N	f	0	0	f		f	2025-09-04 14:37:56.372677	2025-09-04 14:37:56.372677	
612	1606	56	jrNumRegNote	7	\N	f	0	0	f		f	2025-09-04 14:37:56.372677	2025-09-04 14:37:56.372677	
613	1606	41	jrKeyOld	8	\N	f	0	0	f		f	2025-09-04 14:37:56.372677	2025-09-04 14:37:56.372677	
614	1607	40	jrlKey	1	\N	t	1	1	f		f	2025-09-04 14:37:56.372677	2025-09-04 14:37:56.372677	
615	1607	40	jrlReg	2	\N	f	0	0	f		f	2025-09-04 14:37:56.372677	2025-09-04 14:37:56.372677	
616	1607	55	jrlHyperlink	3	\N	f	0	0	f		f	2025-09-04 14:37:56.372677	2025-09-04 14:37:56.372677	
617	1608	40	jrcKey	1	\N	t	1	1	f		f	2025-09-04 14:37:56.372677	2025-09-04 14:37:56.372677	
618	1608	40	jrcDoc	2	\N	f	0	0	f		f	2025-09-04 14:37:56.372677	2025-09-04 14:37:56.372677	
619	1608	40	jrcChng	3	\N	f	0	0	f		f	2025-09-04 14:37:56.372677	2025-09-04 14:37:56.372677	
620	1608	23	jrcDateAdd	4	(getdate())	f	0	0	f		f	2025-09-04 14:37:56.372677	2025-09-04 14:37:56.372677	
621	1609	40	jsKey	1	\N	t	1	1	f		f	2025-09-04 14:37:56.372677	2025-09-04 14:37:56.372677	
622	1609	40	jsDoc	2	\N	f	0	0	f		f	2025-09-04 14:37:56.372677	2025-09-04 14:37:56.372677	
623	1609	40	jsType	3	\N	f	0	0	f		f	2025-09-04 14:37:56.372677	2025-09-04 14:37:56.372677	
624	1609	40	jsOrg	4	\N	f	0	0	f		f	2025-09-04 14:37:56.372677	2025-09-04 14:37:56.372677	
625	1610	40	jsoKey	1	\N	t	1	1	f		f	2025-09-04 14:37:56.372677	2025-09-04 14:37:56.372677	
626	1610	55	jsoName	2	\N	f	0	0	f		f	2025-09-04 14:37:56.372677	2025-09-04 14:37:56.372677	
627	1611	40	jstKey	1	\N	t	1	1	f		f	2025-09-04 14:37:56.372677	2025-09-04 14:37:56.372677	
628	1611	55	jstName	2	\N	f	0	0	f		f	2025-09-04 14:37:56.372677	2025-09-04 14:37:56.372677	
629	1612	40	mKey	1	\N	t	1	1	f		f	2025-09-04 14:37:56.372677	2025-09-04 14:37:56.372677	
630	1612	58	mCs	2	\N	f	0	0	t	((case when [mNum]<(10) then '0'+CONVERT([nvarchar],[mNum],(0)) else CONVERT([nvarchar],[mNum],(0)) end+' ')+[mNm])	f	2025-09-04 14:37:56.372677	2025-09-04 14:37:56.372677	
631	1612	41	mNum	3	\N	f	0	0	f		f	2025-09-04 14:37:56.372677	2025-09-04 14:37:56.372677	
632	1612	56	mNm	4	\N	f	0	0	f		f	2025-09-04 14:37:56.372677	2025-09-04 14:37:56.372677	
633	1612	56	mQ	5	\N	f	0	0	f		f	2025-09-04 14:37:56.372677	2025-09-04 14:37:56.372677	
634	1612	41	mHy	6	\N	f	0	0	f		f	2025-09-04 14:37:56.372677	2025-09-04 14:37:56.372677	
635	1613	40	ogKey	1	\N	t	1	1	f		f	2025-09-04 14:37:56.372677	2025-09-04 14:37:56.372677	
636	1613	55	ogNm	2	\N	f	0	0	f		f	2025-09-04 14:37:56.372677	2025-09-04 14:37:56.372677	
637	1613	55	ogNmOf	3	\N	f	0	0	f		f	2025-09-04 14:37:56.372677	2025-09-04 14:37:56.372677	
638	1613	45	ogNmFl	4	\N	f	0	0	f		f	2025-09-04 14:37:56.372677	2025-09-04 14:37:56.372677	
639	1613	45	ogTxt	5	\N	f	0	0	f		f	2025-09-04 14:37:56.372677	2025-09-04 14:37:56.372677	
640	1613	39	ogINN	6	\N	f	0	0	f		f	2025-09-04 14:37:56.372677	2025-09-04 14:37:56.372677	
641	1613	39	ogKPP	7	\N	f	0	0	f		f	2025-09-04 14:37:56.372677	2025-09-04 14:37:56.372677	
642	1613	39	ogOKPO	9	\N	f	0	0	f		f	2025-09-04 14:37:56.372677	2025-09-04 14:37:56.372677	
643	1613	41	ogOE	10	\N	f	0	0	f		f	2025-09-04 14:37:56.372677	2025-09-04 14:37:56.372677	
644	1613	2	ogRgTaxType	11	\N	f	0	0	f		f	2025-09-04 14:37:56.372677	2025-09-04 14:37:56.372677	тип объекта налогообложения. Ор (og)г, подр(sd), индивидуальный предприниматель (ie)
645	1614	40	ogaKey	1	\N	t	1	1	f		f	2025-09-04 14:37:56.372677	2025-09-04 14:37:56.372677	
646	1614	55	ogaCode	2	\N	f	0	0	f		f	2025-09-04 14:37:56.372677	2025-09-04 14:37:56.372677	
647	1614	40	ogaOg	3	\N	f	0	0	f		f	2025-09-04 14:37:56.372677	2025-09-04 14:37:56.372677	
648	1614	68	ogaOidOld	4	\N	f	0	0	f		f	2025-09-04 14:37:56.372677	2025-09-04 14:37:56.372677	
649	1615	40	oafKey	1	\N	t	1	1	f		f	2025-09-04 14:37:56.372677	2025-09-04 14:37:56.372677	ключ (идентификатор) акта
650	1615	61	oafNum	2	\N	f	0	0	f		f	2025-09-04 14:37:56.372677	2025-09-04 14:37:56.372677	
651	1615	48	oafCapex	3	\N	f	0	0	f		f	2025-09-04 14:37:56.372677	2025-09-04 14:37:56.372677	
652	1615	22	oafDate	4	\N	f	0	0	f		f	2025-09-04 14:37:56.372677	2025-09-04 14:37:56.372677	
653	1618	40	onfKey	1	\N	t	1	1	f		f	2025-09-04 14:37:56.372677	2025-09-04 14:37:56.372677	
654	1615	56	oafArrived	5	\N	f	0	0	f		f	2025-09-04 14:37:56.372677	2025-09-04 14:37:56.372677	Поступил на проверку (принесли по факту)
655	1615	22	oafArrivedDate	6	\N	f	0	0	f		f	2025-09-04 14:37:56.372677	2025-09-04 14:37:56.372677	
656	1615	56	oafReturned	7	\N	f	0	0	f		f	2025-09-04 14:37:56.372677	2025-09-04 14:37:56.372677	Возвращен на доработку
657	1615	22	oafReturnedDate	8	\N	f	0	0	f		f	2025-09-04 14:37:56.372677	2025-09-04 14:37:56.372677	
658	1615	62	oafReturnedReason	9	\N	f	0	0	f		f	2025-09-04 14:37:56.372677	2025-09-04 14:37:56.372677	
659	1615	56	oafSent	10	\N	f	0	0	f		f	2025-09-04 14:37:56.372677	2025-09-04 14:37:56.372677	Направлен в бухгалтерию
660	1615	22	oafSentDate	11	\N	f	0	0	f		f	2025-09-04 14:37:56.372677	2025-09-04 14:37:56.372677	
661	1615	45	oafNote	12	\N	f	0	0	f		f	2025-09-04 14:37:56.372677	2025-09-04 14:37:56.372677	Примечание
662	1615	40	oafY	13	\N	f	0	0	f		f	2025-09-04 14:37:56.372677	2025-09-04 14:37:56.372677	месяц за который представляется акт
663	1615	40	oafM	14	\N	f	0	0	f		f	2025-09-04 14:37:56.372677	2025-09-04 14:37:56.372677	месяц за который представляется акт
664	1615	40	cstaAg	15	\N	f	0	0	f		f	2025-09-04 14:37:56.372677	2025-09-04 14:37:56.372677	Организация - агент
665	1615	56	oafUnit	16	\N	f	0	0	f		f	2025-09-04 14:37:56.372677	2025-09-04 14:37:56.372677	Отдел Управления
666	1616	40	oafpKey	1	\N	t	1	1	f		f	2025-09-04 14:37:56.372677	2025-09-04 14:37:56.372677	Ключ пункта Акта по агентскому вознаграждению
667	1616	41	oafpNum	2	\N	f	0	0	f		f	2025-09-04 14:37:56.372677	2025-09-04 14:37:56.372677	Порядковый номер
668	1616	40	oafpOaf	3	\N	f	0	0	f		f	2025-09-04 14:37:56.372677	2025-09-04 14:37:56.372677	Акт по агентскому вознаграждению
669	1616	43	oafpAgFeeArr	4	\N	f	0	0	f		f	2025-09-04 14:37:56.372677	2025-09-04 14:37:56.372677	
670	1616	43	oafpVATArr	5	\N	f	0	0	f		f	2025-09-04 14:37:56.372677	2025-09-04 14:37:56.372677	
671	1616	43	oafpTotalArr	6	\N	f	0	0	f		f	2025-09-04 14:37:56.372677	2025-09-04 14:37:56.372677	
672	1616	43	oafpAgFee	7	\N	f	0	0	f		f	2025-09-04 14:37:56.372677	2025-09-04 14:37:56.372677	
673	1616	43	oafpVAT	8	\N	f	0	0	f		f	2025-09-04 14:37:56.372677	2025-09-04 14:37:56.372677	НДС. Value added tax
674	1616	42	oafpTotal	9	\N	f	0	0	f		f	2025-09-04 14:37:56.372677	2025-09-04 14:37:56.372677	
675	1616	40	oafpCstAgPn	10	\N	f	0	0	f		f	2025-09-04 14:37:56.372677	2025-09-04 14:37:56.372677	Стройка агента с кодом
676	1616	56	oafpNote	11	\N	f	0	0	f		f	2025-09-04 14:37:56.372677	2025-09-04 14:37:56.372677	
677	1617	40	oafptKey	1	\N	f	0	0	f		f	2025-09-04 14:37:56.372677	2025-09-04 14:37:56.372677	
678	1617	55	oafptOafSender	2	\N	f	0	0	f		f	2025-09-04 14:37:56.372677	2025-09-04 14:37:56.372677	Агент
679	1617	41	oafptOafSenderKey	3	\N	f	0	0	f		f	2025-09-04 14:37:56.372677	2025-09-04 14:37:56.372677	Агент, ключ
680	1617	41	oafptActCount	4	\N	f	0	0	f		f	2025-09-04 14:37:56.372677	2025-09-04 14:37:56.372677	Кол-во Актов
681	1617	55	oafptOafName	5	\N	f	0	0	f		f	2025-09-04 14:37:56.372677	2025-09-04 14:37:56.372677	№ Акта
682	1617	21	oafptOafDate	6	\N	f	0	0	f		f	2025-09-04 14:37:56.372677	2025-09-04 14:37:56.372677	Дата Акта
683	1617	55	oafptPnCstAgPn	7	\N	f	0	0	f		f	2025-09-04 14:37:56.372677	2025-09-04 14:37:56.372677	Код стройки
684	1617	41	oafptPnCstAgPnKey	8	\N	f	0	0	f		f	2025-09-04 14:37:56.372677	2025-09-04 14:37:56.372677	Код стройки, ключ
685	1617	42	oafptTtl	9	\N	f	0	0	f		f	2025-09-04 14:37:56.372677	2025-09-04 14:37:56.372677	Сумма
686	1617	47	oafptCapex	10	\N	f	0	0	f		f	2025-09-04 14:37:56.372677	2025-09-04 14:37:56.372677	
687	1617	55	oafptArrivedNum	11	\N	f	0	0	f		f	2025-09-04 14:37:56.372677	2025-09-04 14:37:56.372677	Поступило (№ письма)
688	1617	21	oafptArrivedDate	12	\N	f	0	0	f		f	2025-09-04 14:37:56.372677	2025-09-04 14:37:56.372677	Поступило (Дата письма)
689	1617	56	oafptSendedNum	13	\N	f	0	0	f		f	2025-09-04 14:37:56.372677	2025-09-04 14:37:56.372677	Направлен в Бухгалтерию (№ СЗ)
690	1617	22	oafptSendedDate	14	\N	f	0	0	f		f	2025-09-04 14:37:56.372677	2025-09-04 14:37:56.372677	Направлен в Бухгалтерию (дата СЗ)
691	1617	55	oafptUnit	15	\N	f	0	0	f		f	2025-09-04 14:37:56.372677	2025-09-04 14:37:56.372677	Отдел Управления
750	1624	22	ra_sent_date	13	\N	f	0	0	f		f	2025-09-04 14:37:56.372677	2025-09-04 14:37:56.372677	
692	1617	56	oafptReturnedNum	16	\N	f	0	0	f		f	2025-09-04 14:37:56.372677	2025-09-04 14:37:56.372677	Возвращен на доработку (№ письма) 
693	1617	22	oafptReturnedDate	17	\N	f	0	0	f		f	2025-09-04 14:37:56.372677	2025-09-04 14:37:56.372677	Возвращен на доработку (дата письма)
694	1617	56	oafptReturnedReason	18	\N	f	0	0	f		f	2025-09-04 14:37:56.372677	2025-09-04 14:37:56.372677	Причина возврата
695	1617	43	oafptReturnedSum	19	\N	f	0	0	f		f	2025-09-04 14:37:56.372677	2025-09-04 14:37:56.372677	
696	1617	41	oafptPagesCount	20	\N	f	0	0	f		f	2025-09-04 14:37:56.372677	2025-09-04 14:37:56.372677	Кол-во листов Акта и С/Ф
697	1618	40	onfOg	2	\N	f	0	0	f		f	2025-09-04 14:37:56.372677	2025-09-04 14:37:56.372677	
698	1618	59	onfName	3	\N	f	0	0	f		f	2025-09-04 14:37:56.372677	2025-09-04 14:37:56.372677	
699	1618	60	onfNameExt	4	\N	f	0	0	f		f	2025-09-04 14:37:56.372677	2025-09-04 14:37:56.372677	
700	1618	22	onfStart	5	\N	f	0	0	f		f	2025-09-04 14:37:56.372677	2025-09-04 14:37:56.372677	дата начала актуальности наименования
701	1618	22	onfEnd	6	\N	f	0	0	f		f	2025-09-04 14:37:56.372677	2025-09-04 14:37:56.372677	дата окончания актуальности наименования
702	1619	40	org_key	1	\N	f	0	0	f		f	2025-09-04 14:37:56.372677	2025-09-04 14:37:56.372677	
703	1619	55	org_name_s	2	\N	f	0	0	f		f	2025-09-04 14:37:56.372677	2025-09-04 14:37:56.372677	
704	1619	56	org_name_l	3	\N	f	0	0	f		f	2025-09-04 14:37:56.372677	2025-09-04 14:37:56.372677	
705	1619	56	org_name_os	4	\N	f	0	0	f		f	2025-09-04 14:37:56.372677	2025-09-04 14:37:56.372677	
706	1619	56	org_name_ol	5	\N	f	0	0	f		f	2025-09-04 14:37:56.372677	2025-09-04 14:37:56.372677	
707	1620	40	org_id_key	1	\N	t	1	1	f		f	2025-09-04 14:37:56.372677	2025-09-04 14:37:56.372677	
708	1620	40	org	2	\N	f	0	0	f		f	2025-09-04 14:37:56.372677	2025-09-04 14:37:56.372677	
709	1620	40	org_id_type	3	\N	f	0	0	f		f	2025-09-04 14:37:56.372677	2025-09-04 14:37:56.372677	
710	1620	41	org_id_value_l	4	\N	f	0	0	f		f	2025-09-04 14:37:56.372677	2025-09-04 14:37:56.372677	
711	1620	56	org_id_value_t	5	\N	f	0	0	f		f	2025-09-04 14:37:56.372677	2025-09-04 14:37:56.372677	значение текстового идентификатора
712	1620	56	org_id_value_t_ext	6	\N	f	0	0	f		f	2025-09-04 14:37:56.372677	2025-09-04 14:37:56.372677	расширение значения текстового идентификатора
713	1621	40	org_id_type_key	1	\N	t	1	1	f		f	2025-09-04 14:37:56.372677	2025-09-04 14:37:56.372677	
714	1621	55	org_id_type_name	2	\N	f	0	0	f		f	2025-09-04 14:37:56.372677	2025-09-04 14:37:56.372677	
715	1622	40	qKey	1	\N	t	1	1	f		f	2025-09-04 14:37:56.372677	2025-09-04 14:37:56.372677	
716	1622	40	qNum	2	\N	f	0	0	f		f	2025-09-04 14:37:56.372677	2025-09-04 14:37:56.372677	
717	1622	69	qStr	3	\N	f	0	0	f		f	2025-09-04 14:37:56.372677	2025-09-04 14:37:56.372677	
718	1623	40	ra_key	1	\N	t	1	1	f		f	2025-09-04 14:37:56.372677	2025-09-04 14:37:56.372677	ключ Отчёта агента
719	1623	55	ra_num	2	\N	f	0	0	f		f	2025-09-04 14:37:56.372677	2025-09-04 14:37:56.372677	номер отчёта агента
720	1623	22	ra_date	3	\N	f	0	0	f		f	2025-09-04 14:37:56.372677	2025-09-04 14:37:56.372677	
721	1623	40	ra_cac	4	\N	f	0	0	f		f	2025-09-04 14:37:56.372677	2025-09-04 14:37:56.372677	
722	1623	55	ra_type	5	\N	f	0	0	f		f	2025-09-04 14:37:56.372677	2025-09-04 14:37:56.372677	
723	1623	56	ra_work_type	6	\N	f	0	0	f		f	2025-09-04 14:37:56.372677	2025-09-04 14:37:56.372677	
724	1623	40	ra_period	7	\N	f	0	0	f		f	2025-09-04 14:37:56.372677	2025-09-04 14:37:56.372677	
725	1623	56	ra_arrived	8	\N	f	0	0	f		f	2025-09-04 14:37:56.372677	2025-09-04 14:37:56.372677	
726	1623	22	ra_arrived_date	9	\N	f	0	0	f		f	2025-09-04 14:37:56.372677	2025-09-04 14:37:56.372677	
727	1623	22	ra_arrived_dateFact	10	\N	f	0	0	f		f	2025-09-04 14:37:56.372677	2025-09-04 14:37:56.372677	Поступило (Фактическая дата)
728	1623	56	ra_returned	11	\N	f	0	0	f		f	2025-09-04 14:37:56.372677	2025-09-04 14:37:56.372677	письмо возвращения
729	1623	22	ra_returned_date	12	\N	f	0	0	f		f	2025-09-04 14:37:56.372677	2025-09-04 14:37:56.372677	
730	1623	45	ra_returnedReason	13	\N	f	0	0	f		f	2025-09-04 14:37:56.372677	2025-09-04 14:37:56.372677	Причина возврата
731	1623	56	ra_sent	14	\N	f	0	0	f		f	2025-09-04 14:37:56.372677	2025-09-04 14:37:56.372677	
732	1623	22	ra_sent_date	15	\N	f	0	0	f		f	2025-09-04 14:37:56.372677	2025-09-04 14:37:56.372677	
733	1623	45	ra_note_t	16	\N	f	0	0	f		f	2025-09-04 14:37:56.372677	2025-09-04 14:37:56.372677	
734	1623	23	ra_created	17	(getdate())	f	0	0	f		f	2025-09-04 14:37:56.372677	2025-09-04 14:37:56.372677	
735	1623	40	ra_org_sender	18	\N	f	0	0	f		f	2025-09-04 14:37:56.372677	2025-09-04 14:37:56.372677	
736	1623	45	ra_note	19	\N	f	0	0	f		f	2025-09-04 14:37:56.372677	2025-09-04 14:37:56.372677	
737	1623	22	ra_datePeriod	20	\N	f	0	0	t	([ags].[fnRaPeriodDate]([ra_period]))	f	2025-09-04 14:37:56.372677	2025-09-04 14:37:56.372677	
738	1624	40	rac_key	1	\N	t	1	1	f		f	2025-09-04 14:37:56.372677	2025-09-04 14:37:56.372677	
739	1624	40	raс_ra	2	\N	f	0	0	f		f	2025-09-04 14:37:56.372677	2025-09-04 14:37:56.372677	отчёт агента, к которому выпущено изменение
740	1624	55	raс_num	3	\N	f	0	0	f		f	2025-09-04 14:37:56.372677	2025-09-04 14:37:56.372677	номер изменения
741	1624	22	raс_date	4	\N	f	0	0	f		f	2025-09-04 14:37:56.372677	2025-09-04 14:37:56.372677	дата изменения
742	1624	40	ra_period	5	\N	f	0	0	f		f	2025-09-04 14:37:56.372677	2025-09-04 14:37:56.372677	
743	1624	56	ra_arrived	6	\N	f	0	0	f		f	2025-09-04 14:37:56.372677	2025-09-04 14:37:56.372677	
744	1624	22	ra_arrived_date	7	\N	f	0	0	f		f	2025-09-04 14:37:56.372677	2025-09-04 14:37:56.372677	
745	1624	22	ra_arrived_dateFact	8	\N	f	0	0	f		f	2025-09-04 14:37:56.372677	2025-09-04 14:37:56.372677	Поступило (Фактическая дата)
746	1624	56	ra_returned	9	\N	f	0	0	f		f	2025-09-04 14:37:56.372677	2025-09-04 14:37:56.372677	
747	1624	22	ra_returned_date	10	\N	f	0	0	f		f	2025-09-04 14:37:56.372677	2025-09-04 14:37:56.372677	
748	1624	45	ra_returnedReason	11	\N	f	0	0	f		f	2025-09-04 14:37:56.372677	2025-09-04 14:37:56.372677	Причина возврата
749	1624	56	ra_sent	12	\N	f	0	0	f		f	2025-09-04 14:37:56.372677	2025-09-04 14:37:56.372677	
751	1624	45	ra_note_t	14	\N	f	0	0	f		f	2025-09-04 14:37:56.372677	2025-09-04 14:37:56.372677	
752	1624	24	ra_created	15	(getdate())	f	0	0	f		f	2025-09-04 14:37:56.372677	2025-09-04 14:37:56.372677	
753	1624	40	ra_org_sender	16	\N	f	0	0	f		f	2025-09-04 14:37:56.372677	2025-09-04 14:37:56.372677	
754	1624	45	ra_note	17	\N	f	0	0	f		f	2025-09-04 14:37:56.372677	2025-09-04 14:37:56.372677	
755	1624	22	rac_datePeriod	18	\N	f	0	0	t	([ags].[fnRaPeriodDate]([ra_period]))	f	2025-09-04 14:37:56.372677	2025-09-04 14:37:56.372677	
756	1649	8	rtrdDivisibleTrmMtd	2	('2.3.0')	f	0	0	f		f	2025-09-04 14:37:56.372677	2025-09-04 14:37:56.372677	
757	1624	56	rcName	19	\N	f	0	0	t	([ags].[fnRcName]([rac_key]))	f	2025-09-04 14:37:56.372677	2025-09-04 14:37:56.372677	наименование, начиная с даты
758	1625	40	raсs_key	1	\N	t	1	1	f		f	2025-09-04 14:37:56.372677	2025-09-04 14:37:56.372677	
759	1625	40	raсs_raс	2	\N	f	0	0	f		f	2025-09-04 14:37:56.372677	2025-09-04 14:37:56.372677	
760	1625	43	raсs_total	3	\N	f	0	0	f		f	2025-09-04 14:37:56.372677	2025-09-04 14:37:56.372677	
761	1625	43	raсs_work	4	\N	f	0	0	f		f	2025-09-04 14:37:56.372677	2025-09-04 14:37:56.372677	
762	1625	43	raсs_equip	5	\N	f	0	0	f		f	2025-09-04 14:37:56.372677	2025-09-04 14:37:56.372677	
763	1625	43	raсs_others	6	\N	f	0	0	f		f	2025-09-04 14:37:56.372677	2025-09-04 14:37:56.372677	
764	1625	23	raсs_date	7	(getdate())	f	0	0	f		f	2025-09-04 14:37:56.372677	2025-09-04 14:37:56.372677	
765	1626	40	rcscKey	1	\N	t	1	1	f		f	2025-09-04 14:37:56.372677	2025-09-04 14:37:56.372677	
766	1626	40	rcscRaChSumm	2	\N	f	0	0	f		f	2025-09-04 14:37:56.372677	2025-09-04 14:37:56.372677	
767	1626	40	rcscStCost	3	\N	f	0	0	f		f	2025-09-04 14:37:56.372677	2025-09-04 14:37:56.372677	
768	1626	42	rcscLim	4	\N	f	0	0	f		f	2025-09-04 14:37:56.372677	2025-09-04 14:37:56.372677	
769	1627	40	key	1	\N	t	1	1	f		f	2025-09-04 14:37:56.372677	2025-09-04 14:37:56.372677	
770	1627	40	y	2	\N	f	0	0	f		f	2025-09-04 14:37:56.372677	2025-09-04 14:37:56.372677	
771	1627	40	m	3	\N	f	0	0	f		f	2025-09-04 14:37:56.372677	2025-09-04 14:37:56.372677	
772	1627	55	p	4	\N	f	0	0	f		f	2025-09-04 14:37:56.372677	2025-09-04 14:37:56.372677	
773	1627	22	rap_datePeriod	5	\N	f	0	0	t	([ags].[fnRaPeriodDate]([key]))	f	2025-09-04 14:37:56.372677	2025-09-04 14:37:56.372677	
774	1628	40	ras_key	1	\N	t	1	1	f		f	2025-09-04 14:37:56.372677	2025-09-04 14:37:56.372677	ключ Сумм отчёта агента
775	1628	40	ras_ra	2	\N	f	0	0	f		f	2025-09-04 14:37:56.372677	2025-09-04 14:37:56.372677	
776	1628	43	ras_total	3	\N	f	0	0	f		f	2025-09-04 14:37:56.372677	2025-09-04 14:37:56.372677	
777	1628	43	ras_work	4	\N	f	0	0	f		f	2025-09-04 14:37:56.372677	2025-09-04 14:37:56.372677	
778	1628	43	ras_equip	5	\N	f	0	0	f		f	2025-09-04 14:37:56.372677	2025-09-04 14:37:56.372677	
779	1628	43	ras_others	6	\N	f	0	0	f		f	2025-09-04 14:37:56.372677	2025-09-04 14:37:56.372677	
780	1628	23	ras_date	7	(getdate())	f	0	0	f		f	2025-09-04 14:37:56.372677	2025-09-04 14:37:56.372677	
781	1629	40	rscKey	1	\N	t	1	1	f		f	2025-09-04 14:37:56.372677	2025-09-04 14:37:56.372677	
782	1629	40	rscRaSumm	2	\N	f	0	0	f		f	2025-09-04 14:37:56.372677	2025-09-04 14:37:56.372677	
783	1629	40	rscStCost	3	\N	f	0	0	f		f	2025-09-04 14:37:56.372677	2025-09-04 14:37:56.372677	
784	1629	42	rscSumm	4	\N	f	0	0	f		f	2025-09-04 14:37:56.372677	2025-09-04 14:37:56.372677	
785	1630	51	typeGr	1	\N	f	0	0	f		f	2025-09-04 14:37:56.372677	2025-09-04 14:37:56.372677	
786	1631	40	ralpKey	1	\N	t	1	1	f		f	2025-09-04 14:37:56.372677	2025-09-04 14:37:56.372677	
787	1631	56	ralpNum	2	\N	f	0	0	f		f	2025-09-04 14:37:56.372677	2025-09-04 14:37:56.372677	
788	1631	22	ralpDate	3	\N	f	0	0	f		f	2025-09-04 14:37:56.372677	2025-09-04 14:37:56.372677	
789	1631	43	ralpCostAndVat	4	\N	f	0	0	f		f	2025-09-04 14:37:56.372677	2025-09-04 14:37:56.372677	
790	1631	41	ralpCstAgPn	5	\N	f	0	0	f		f	2025-09-04 14:37:56.372677	2025-09-04 14:37:56.372677	
791	1631	41	ralpOgSender	6	\N	f	0	0	f		f	2025-09-04 14:37:56.372677	2025-09-04 14:37:56.372677	
792	1631	56	ralpArrived	7	\N	f	0	0	f		f	2025-09-04 14:37:56.372677	2025-09-04 14:37:56.372677	Поступил на проверку (принесли по факту)
793	1631	22	ralpArrivedDate	8	\N	f	0	0	f		f	2025-09-04 14:37:56.372677	2025-09-04 14:37:56.372677	
794	1631	56	ralpReturned	9	\N	f	0	0	f		f	2025-09-04 14:37:56.372677	2025-09-04 14:37:56.372677	Возвращен на доработку
795	1631	22	ralpReturnedDate	10	\N	f	0	0	f		f	2025-09-04 14:37:56.372677	2025-09-04 14:37:56.372677	
796	1631	56	ralpSent	11	\N	f	0	0	f		f	2025-09-04 14:37:56.372677	2025-09-04 14:37:56.372677	Направлен в бухгалтерию
797	1631	22	ralpSentDate	12	\N	f	0	0	f		f	2025-09-04 14:37:56.372677	2025-09-04 14:37:56.372677	
798	1631	56	ralpResponse	13	\N	f	0	0	f		f	2025-09-04 14:37:56.372677	2025-09-04 14:37:56.372677	
799	1631	22	ralpRespDate	14	\N	f	0	0	f		f	2025-09-04 14:37:56.372677	2025-09-04 14:37:56.372677	
890	1646	2	rtscReason	2	\N	f	0	0	f		f	2025-09-04 14:37:56.372677	2025-09-04 14:37:56.372677	
800	1631	45	ralpNote	15	\N	f	0	0	f		f	2025-09-04 14:37:56.372677	2025-09-04 14:37:56.372677	Примечание
801	1631	41	ralpY	16	\N	f	0	0	t	(datepart(year,[ralpDate]))	f	2025-09-04 14:37:56.372677	2025-09-04 14:37:56.372677	
802	1631	41	ralpM	17	\N	f	0	0	t	(datepart(month,[ralpDate]))	f	2025-09-04 14:37:56.372677	2025-09-04 14:37:56.372677	
803	1632	40	ralprKey	1	\N	t	1	1	f		f	2025-09-04 14:37:56.372677	2025-09-04 14:37:56.372677	идентификатор отчёта по аренде земельных участков
804	1632	55	ralprNum	2	\N	f	0	0	f		f	2025-09-04 14:37:56.372677	2025-09-04 14:37:56.372677	
805	1632	21	ralprDate	3	\N	f	0	0	f		f	2025-09-04 14:37:56.372677	2025-09-04 14:37:56.372677	
806	1632	40	ralprCstAgPn	4	\N	f	0	0	f		f	2025-09-04 14:37:56.372677	2025-09-04 14:37:56.372677	
807	1632	40	ralprOgSender	5	\N	f	0	0	f		f	2025-09-04 14:37:56.372677	2025-09-04 14:37:56.372677	
808	1632	41	ralprY	6	\N	f	0	0	t	(datepart(year,[ralprDate]))	f	2025-09-04 14:37:56.372677	2025-09-04 14:37:56.372677	
809	1632	41	ralprM	7	\N	f	0	0	t	(datepart(month,[ralprDate]))	f	2025-09-04 14:37:56.372677	2025-09-04 14:37:56.372677	
810	1633	40	ralpraKey	1	\N	t	1	1	f		f	2025-09-04 14:37:56.372677	2025-09-04 14:37:56.372677	Ключ рассмотрения отчёта по аренде земли
811	1633	40	ralpraRa	2	\N	f	0	0	f		f	2025-09-04 14:37:56.372677	2025-09-04 14:37:56.372677	Отчёт по аренде земли
812	1633	43	ralpraCostAndVat	3	\N	f	0	0	f		f	2025-09-04 14:37:56.372677	2025-09-04 14:37:56.372677	
813	1649	17	rtrdDividedMsrn	3	\N	f	0	0	f		f	2025-09-04 14:37:56.372677	2025-09-04 14:37:56.372677	
814	1633	56	ralpraArrived	4	\N	f	0	0	f		f	2025-09-04 14:37:56.372677	2025-09-04 14:37:56.372677	Поступил на проверку (принесли по факту)
815	1633	22	ralpraArrivedDate	5	\N	f	0	0	f		f	2025-09-04 14:37:56.372677	2025-09-04 14:37:56.372677	
816	1633	56	ralpraReturned	6	\N	f	0	0	f		f	2025-09-04 14:37:56.372677	2025-09-04 14:37:56.372677	Возвращен на доработку
817	1633	22	ralpraReturnedDate	7	\N	f	0	0	f		f	2025-09-04 14:37:56.372677	2025-09-04 14:37:56.372677	
818	1633	56	ralpraSent	8	\N	f	0	0	f		f	2025-09-04 14:37:56.372677	2025-09-04 14:37:56.372677	Направлен в бухгалтерию
819	1633	22	ralpraSentDate	9	\N	f	0	0	f		f	2025-09-04 14:37:56.372677	2025-09-04 14:37:56.372677	
820	1633	45	ralpraNote	10	\N	f	0	0	f		f	2025-09-04 14:37:56.372677	2025-09-04 14:37:56.372677	Примечание
821	1633	67	ralpraStatus	11	((0))	f	0	0	f		f	2025-09-04 14:37:56.372677	2025-09-04 14:37:56.372677	статус рассмотрения отчёта по земле: 0 - не представлен, 1 - представлен и в работе, 2 - представлен и направлен в бухгалтерию, 3 - представлен и возвращён
822	1633	22	ralpraTestStartDate	12	\N	f	0	0	f		f	2025-09-04 14:37:56.372677	2025-09-04 14:37:56.372677	Дата начала проверки
823	1634	40	rtbNum	1	\N	f	0	0	f		f	2025-09-04 14:37:56.372677	2025-09-04 14:37:56.372677	
824	1634	2	rtbType	2	\N	f	0	0	f		f	2025-09-04 14:37:56.372677	2025-09-04 14:37:56.372677	
825	1635	40	rtiniInd	1	\N	f	0	0	f		f	2025-09-04 14:37:56.372677	2025-09-04 14:37:56.372677	
826	1635	6	rtiniTaxOffice	2	\N	f	0	0	f		f	2025-09-04 14:37:56.372677	2025-09-04 14:37:56.372677	
827	1635	11	rtiniNum	3	\N	f	0	0	f		f	2025-09-04 14:37:56.372677	2025-09-04 14:37:56.372677	
828	1635	16	rtiniCode	4	\N	f	0	0	t	(CONVERT([char](12),concat([rtiniTaxOffice],[rtiniNum]),(0)))	t	2025-09-04 14:37:56.372677	2025-09-04 14:37:56.372677	
829	1636	17	rtinjpMsrn	1	\N	f	0	0	f		f	2025-09-04 14:37:56.372677	2025-09-04 14:37:56.372677	дочерний тип контрагента
830	1636	6	rtinjpTaxOffice	2	\N	f	0	0	f		f	2025-09-04 14:37:56.372677	2025-09-04 14:37:56.372677	
831	1636	10	rtinjpNum	3	\N	f	0	0	f		f	2025-09-04 14:37:56.372677	2025-09-04 14:37:56.372677	
832	1636	14	rtinjpCode	4	\N	f	0	0	t	(CONVERT([char](10),concat([rtinjpTaxOffice],[rtinjpNum]),(0)))	t	2025-09-04 14:37:56.372677	2025-09-04 14:37:56.372677	
833	1636	41	rtinjpBuirg	5	\N	f	0	0	f		f	2025-09-04 14:37:56.372677	2025-09-04 14:37:56.372677	
834	1636	2	rtinjpBuirgType	6	('jp')	f	0	0	f		f	2025-09-04 14:37:56.372677	2025-09-04 14:37:56.372677	
835	1637	40	rtiKey	1	\N	t	1	1	f		f	2025-09-04 14:37:56.372677	2025-09-04 14:37:56.372677	
836	1637	55	rtiNmSur	2	\N	f	0	0	f		f	2025-09-04 14:37:56.372677	2025-09-04 14:37:56.372677	
837	1637	55	rtiNm	3	\N	f	0	0	f		f	2025-09-04 14:37:56.372677	2025-09-04 14:37:56.372677	
838	1637	56	rtiNmPtr	4	\N	f	0	0	f		f	2025-09-04 14:37:56.372677	2025-09-04 14:37:56.372677	
839	1638	4	rtlefmCode	1	\N	f	0	0	f		f	2025-09-04 14:37:56.372677	2025-09-04 14:37:56.372677	
840	1638	55	rtlefmName	2	\N	f	0	0	f		f	2025-09-04 14:37:56.372677	2025-09-04 14:37:56.372677	
841	1638	56	rtlefmCh	3	\N	f	0	0	t	(left(([rtlefmCode]+' - ')+[rtlefmName],(255)))	f	2025-09-04 14:37:56.372677	2025-09-04 14:37:56.372677	
842	1639	8	rtletmCode	1	\N	f	0	0	f		f	2025-09-04 14:37:56.372677	2025-09-04 14:37:56.372677	
843	1639	59	rtletmName	2	\N	f	0	0	f		f	2025-09-04 14:37:56.372677	2025-09-04 14:37:56.372677	
844	1639	56	rtletmCh	3	\N	f	0	0	t	(left(([rtletmCode]+' - ')+[rtletmName],(255)))	f	2025-09-04 14:37:56.372677	2025-09-04 14:37:56.372677	
884	1644	7	rtoCode	4	\N	f	0	0	t	(CONVERT([char](4),concat([rtoRegion],[rtoNum]),(0)))	t	2025-09-04 14:37:56.372677	2025-09-04 14:37:56.372677	
885	1645	2	rteCode	1	\N	f	0	0	f		f	2025-09-04 14:37:56.372677	2025-09-04 14:37:56.372677	
886	1645	60	rteNameFull	2	\N	f	0	0	f		f	2025-09-04 14:37:56.372677	2025-09-04 14:37:56.372677	
887	1645	56	rteName	3	\N	f	0	0	f		f	2025-09-04 14:37:56.372677	2025-09-04 14:37:56.372677	
888	1645	56	rteNote	4	\N	f	0	0	f		f	2025-09-04 14:37:56.372677	2025-09-04 14:37:56.372677	
889	1646	6	rtscTaxOffice	1	\N	f	0	0	f		f	2025-09-04 14:37:56.372677	2025-09-04 14:37:56.372677	
845	1640	4	rtmsrnSignYY	1	\N	f	0	0	f		f	2025-09-04 14:37:56.372677	2025-09-04 14:37:56.372677	Признак отнесения государственного регистрационного номера записи и две последние цифры года внесения записи в государственный реестр
846	1640	2	rtmsrnTaxRegion	2	\N	f	0	0	f		f	2025-09-04 14:37:56.372677	2025-09-04 14:37:56.372677	
847	1640	11	rtmsrnRecNum	3	\N	f	0	0	f		f	2025-09-04 14:37:56.372677	2025-09-04 14:37:56.372677	
848	1646	13	rtscTaxIdNum	4	\N	f	0	0	f		f	2025-09-04 14:37:56.372677	2025-09-04 14:37:56.372677	
849	1640	18	rtmsrnCode	4	\N	f	0	0	t	(CONVERT([char](13),concat([rtmsrnSignYY],[rtmsrnTaxRegion],[rtmsrnRecNum]),(0)))	t	2025-09-04 14:37:56.372677	2025-09-04 14:37:56.372677	
850	1640	64	rtmsrnNote	5	\N	f	0	0	f		f	2025-09-04 14:37:56.372677	2025-09-04 14:37:56.372677	Примечания
851	1640	4	rtmsrnFrmMtd	6	\N	f	0	0	f		f	2025-09-04 14:37:56.372677	2025-09-04 14:37:56.372677	
852	1640	21	rtmsrnFrmDate	7	\N	f	0	0	f		f	2025-09-04 14:37:56.372677	2025-09-04 14:37:56.372677	
853	1640	9	rtmsrnTrmMtd	8	\N	f	0	0	f		f	2025-09-04 14:37:56.372677	2025-09-04 14:37:56.372677	
854	1640	22	rtmsrnTrmDate	9	\N	f	0	0	f		f	2025-09-04 14:37:56.372677	2025-09-04 14:37:56.372677	
855	1640	56	rtmsrnCh	10	\N	f	0	0	t	(left((CONVERT([char](13),concat([rtmsrnSignYY],[rtmsrnTaxRegion],[rtmsrnRecNum]),(0))+' - ')+[rtmsrnNote],(255)))	f	2025-09-04 14:37:56.372677	2025-09-04 14:37:56.372677	
856	1640	22	rtmsrnDateAssign	11	\N	f	0	0	f		f	2025-09-04 14:37:56.372677	2025-09-04 14:37:56.372677	дата присвоения ОГРН
857	1649	4	rtrdDividedFrmMtd	4	('2.3')	f	0	0	f		f	2025-09-04 14:37:56.372677	2025-09-04 14:37:56.372677	
858	1640	41	rtmsrnOg	12	\N	f	0	0	f		f	2025-09-04 14:37:56.372677	2025-09-04 14:37:56.372677	ссылка на супертип организации (вместе с типом). Пишется один раз на цепочку преобразований
859	1640	2	rtmsrnTaxType	13	('og')	f	0	0	f		f	2025-09-04 14:37:56.372677	2025-09-04 14:37:56.372677	для внешнего ключа - таблица подтипа "организация"
860	1641	40	rtmsrniKey	1	\N	t	1	1	f		f	2025-09-04 14:37:56.372677	2025-09-04 14:37:56.372677	
861	1641	15	rtmsrniTaxIdNum	2	\N	f	0	0	f		f	2025-09-04 14:37:56.372677	2025-09-04 14:37:56.372677	
924	1654	8	rSeparatedAcquTrm	4	('2.7.0')	f	0	0	f		f	2025-09-04 14:37:56.372677	2025-09-04 14:37:56.372677	
925	1654	17	rAcquiring	5	\N	f	0	0	f		f	2025-09-04 14:37:56.372677	2025-09-04 14:37:56.372677	
926	1655	17	rSeparable	1	\N	f	0	0	f		f	2025-09-04 14:37:56.372677	2025-09-04 14:37:56.372677	
927	1655	17	rSeparatedMerg	2	\N	f	0	0	f		f	2025-09-04 14:37:56.372677	2025-09-04 14:37:56.372677	
928	1655	4	rSeparatedMergFrm	3	('2.9')	f	0	0	f		f	2025-09-04 14:37:56.372677	2025-09-04 14:37:56.372677	
862	1641	5	rtmsrniSignYY	3	\N	f	0	0	f		f	2025-09-04 14:37:56.372677	2025-09-04 14:37:56.372677	Признак отнесения государственного регистрационного номера записи и две последние цифры года внесения записи в государственный реестр
863	1641	3	rtmsrniRegion	4	\N	f	0	0	f		f	2025-09-04 14:37:56.372677	2025-09-04 14:37:56.372677	
864	1641	14	rtmsrniNum	5	\N	f	0	0	f		f	2025-09-04 14:37:56.372677	2025-09-04 14:37:56.372677	
865	1641	4	rtmsrniType	6	('ипр')	f	0	0	f		f	2025-09-04 14:37:56.372677	2025-09-04 14:37:56.372677	
866	1641	22	rtmsrniDateReg	7	\N	f	0	0	f		f	2025-09-04 14:37:56.372677	2025-09-04 14:37:56.372677	Дата регистрации
867	1641	22	rtmsrniDateMsrni	8	\N	f	0	0	f		f	2025-09-04 14:37:56.372677	2025-09-04 14:37:56.372677	Дата присвоения ОГРНИП
868	1641	22	rtmsrniDateTrm	9	\N	f	0	0	f		f	2025-09-04 14:37:56.372677	2025-09-04 14:37:56.372677	
869	1641	19	rtmsrniCode	10	\N	f	0	0	t	(CONVERT([char](15),concat([rtmsrniSignYY],[rtmsrniRegion],[rtmsrniNum]),(0)))	t	2025-09-04 14:37:56.372677	2025-09-04 14:37:56.372677	
870	1641	41	rtmsrniBuirg	11	\N	f	0	0	f		f	2025-09-04 14:37:56.372677	2025-09-04 14:37:56.372677	
871	1641	2	rtmsrniBuirgType	12	('ie')	f	0	0	f		f	2025-09-04 14:37:56.372677	2025-09-04 14:37:56.372677	Подтип контрагента - индивидуальный предпрениматель (individual entrepreneur - ie)
872	1641	41	rtmsrniOg	13	\N	f	0	0	f		f	2025-09-04 14:37:56.372677	2025-09-04 14:37:56.372677	
873	1641	3	rtmsrniTaxType	14	('ie')	f	0	0	f		f	2025-09-04 14:37:56.372677	2025-09-04 14:37:56.372677	
874	1642	17	rtnMsrn	1	\N	f	0	0	f		f	2025-09-04 14:37:56.372677	2025-09-04 14:37:56.372677	
875	1642	21	rtnDate	2	\N	f	0	0	f		f	2025-09-04 14:37:56.372677	2025-09-04 14:37:56.372677	
876	1642	63	rtnName	3	\N	f	0	0	f		f	2025-09-04 14:37:56.372677	2025-09-04 14:37:56.372677	
877	1643	17	rtnsMsrn	1	\N	f	0	0	f		f	2025-09-04 14:37:56.372677	2025-09-04 14:37:56.372677	
878	1643	21	rtnsDate	2	\N	f	0	0	f		f	2025-09-04 14:37:56.372677	2025-09-04 14:37:56.372677	
879	1643	22	rtnsDateEnd	3	\N	f	0	0	f		f	2025-09-04 14:37:56.372677	2025-09-04 14:37:56.372677	
880	1643	55	rtnsName	4	\N	f	0	0	f		f	2025-09-04 14:37:56.372677	2025-09-04 14:37:56.372677	
881	1644	2	rtoRegion	1	\N	f	0	0	f		f	2025-09-04 14:37:56.372677	2025-09-04 14:37:56.372677	
882	1644	2	rtoNum	2	\N	f	0	0	f		f	2025-09-04 14:37:56.372677	2025-09-04 14:37:56.372677	
883	1644	55	rtoName	3	\N	f	0	0	f		f	2025-09-04 14:37:56.372677	2025-09-04 14:37:56.372677	
891	1646	4	rtscNum	3	\N	f	0	0	f		f	2025-09-04 14:37:56.372677	2025-09-04 14:37:56.372677	
892	1646	20	rtscTinRsnCode	5	\N	f	0	0	t	(CONVERT([char](20),concat([rtscTaxIdNum],'/',[rtscTaxOffice],[rtscReason],[rtscNum]),(0)))	t	2025-09-04 14:37:56.372677	2025-09-04 14:37:56.372677	
893	1646	12	rtscCode	6	\N	f	0	0	t	(CONVERT([char](9),concat([rtscTaxOffice],[rtscReason],[rtscNum]),(0)))	t	2025-09-04 14:37:56.372677	2025-09-04 14:37:56.372677	
894	1646	22	rtscDate	7	\N	f	0	0	f		f	2025-09-04 14:37:56.372677	2025-09-04 14:37:56.372677	Дата постановки на учет в налоговом
895	1647	2	rtrCode	1	\N	f	0	0	f		f	2025-09-04 14:37:56.372677	2025-09-04 14:37:56.372677	
896	1647	55	rtrName	2	\N	f	0	0	f		f	2025-09-04 14:37:56.372677	2025-09-04 14:37:56.372677	
897	1648	17	rAcquired	1	\N	f	0	0	f		f	2025-09-04 14:37:56.372677	2025-09-04 14:37:56.372677	
898	1648	8	rAcquiredTrm	2	('2.5.0')	f	0	0	f		f	2025-09-04 14:37:56.372677	2025-09-04 14:37:56.372677	
899	1648	17	rAcquiring	3	\N	f	0	0	f		f	2025-09-04 14:37:56.372677	2025-09-04 14:37:56.372677	
900	1649	17	rtrdDivisibleMsrn	1	\N	f	0	0	f		f	2025-09-04 14:37:56.372677	2025-09-04 14:37:56.372677	
901	1661	40	stKey	1	\N	t	1	1	f		f	2025-09-04 14:37:56.372677	2025-09-04 14:37:56.372677	
902	1650	17	rDivisible	1	\N	f	0	0	f		f	2025-09-04 14:37:56.372677	2025-09-04 14:37:56.372677	
903	1650	8	rDivisibleTrm	2	('2.6.1')	f	0	0	f		f	2025-09-04 14:37:56.372677	2025-09-04 14:37:56.372677	
904	1650	17	rDividedAcqu	3	\N	f	0	0	f		f	2025-09-04 14:37:56.372677	2025-09-04 14:37:56.372677	
905	1650	4	rDividedAcquFrm	4	('2.6')	f	0	0	f		f	2025-09-04 14:37:56.372677	2025-09-04 14:37:56.372677	
906	1650	8	rDividedAcquTrm	5	('2.6.2')	f	0	0	f		f	2025-09-04 14:37:56.372677	2025-09-04 14:37:56.372677	
907	1650	17	rAcquiring	6	\N	f	0	0	f		f	2025-09-04 14:37:56.372677	2025-09-04 14:37:56.372677	
908	1651	17	rDivisible	1	\N	f	0	0	f		f	2025-09-04 14:37:56.372677	2025-09-04 14:37:56.372677	
909	1651	8	rDivisibleTrm	2	('2.8.1')	f	0	0	f		f	2025-09-04 14:37:56.372677	2025-09-04 14:37:56.372677	
910	1651	17	rDividedMerg	3	\N	f	0	0	f		f	2025-09-04 14:37:56.372677	2025-09-04 14:37:56.372677	
911	1651	4	rDividedMergFrm	4	('2.8')	f	0	0	f		f	2025-09-04 14:37:56.372677	2025-09-04 14:37:56.372677	
912	1651	8	rDividedMergTrm	5	('2.8.2')	f	0	0	f		f	2025-09-04 14:37:56.372677	2025-09-04 14:37:56.372677	
913	1651	17	rMerged	6	\N	f	0	0	f		f	2025-09-04 14:37:56.372677	2025-09-04 14:37:56.372677	
914	1651	4	rMergedFrm	7	('2.2')	f	0	0	f		f	2025-09-04 14:37:56.372677	2025-09-04 14:37:56.372677	
915	1652	17	rMergerable	1	\N	f	0	0	f		f	2025-09-04 14:37:56.372677	2025-09-04 14:37:56.372677	
916	1652	8	rMergerableTrm	2	('2.2.0')	f	0	0	f		f	2025-09-04 14:37:56.372677	2025-09-04 14:37:56.372677	
917	1652	17	rMerged	3	\N	f	0	0	f		f	2025-09-04 14:37:56.372677	2025-09-04 14:37:56.372677	
918	1653	17	rSeparableMsrn	1	\N	f	0	0	f		f	2025-09-04 14:37:56.372677	2025-09-04 14:37:56.372677	
919	1653	17	rSeparatedMsrn	2	\N	f	0	0	f		f	2025-09-04 14:37:56.372677	2025-09-04 14:37:56.372677	
920	1653	4	rSeparatedFrmMtd	3	('2.4')	f	0	0	f		f	2025-09-04 14:37:56.372677	2025-09-04 14:37:56.372677	
921	1654	17	rSeparable	1	\N	f	0	0	f		f	2025-09-04 14:37:56.372677	2025-09-04 14:37:56.372677	
922	1654	17	rSeparatedAcqu	2	\N	f	0	0	f		f	2025-09-04 14:37:56.372677	2025-09-04 14:37:56.372677	
923	1654	4	rSeparatedAcquFrm	3	('2.7')	f	0	0	f		f	2025-09-04 14:37:56.372677	2025-09-04 14:37:56.372677	
929	1655	8	rSeparatedMergTrm	4	('2.9.0')	f	0	0	f		f	2025-09-04 14:37:56.372677	2025-09-04 14:37:56.372677	
930	1655	17	rMerged	5	\N	f	0	0	f		f	2025-09-04 14:37:56.372677	2025-09-04 14:37:56.372677	
931	1655	4	rMergedFrm	6	('2.2')	f	0	0	f		f	2025-09-04 14:37:56.372677	2025-09-04 14:37:56.372677	
932	1656	17	rtrtTransformableMsrn	1	\N	f	0	0	f		f	2025-09-04 14:37:56.372677	2025-09-04 14:37:56.372677	
933	1656	8	rtrtTransformableTrmMtd	2	('2.1.0')	f	0	0	f		f	2025-09-04 14:37:56.372677	2025-09-04 14:37:56.372677	
934	1656	17	rtrtTransformedMsrn	3	\N	f	0	0	f		f	2025-09-04 14:37:56.372677	2025-09-04 14:37:56.372677	
935	1656	4	rtrtTransformedFrmMtd	4	((2.1))	f	0	0	f		f	2025-09-04 14:37:56.372677	2025-09-04 14:37:56.372677	
936	1657	40	rsdKey	1	\N	t	1	1	f		f	2025-09-04 14:37:56.372677	2025-09-04 14:37:56.372677	
937	1657	17	rsdMsrn	2	\N	f	0	0	f		f	2025-09-04 14:37:56.372677	2025-09-04 14:37:56.372677	
938	1657	56	rsdNote	3	\N	f	0	0	f		f	2025-09-04 14:37:56.372677	2025-09-04 14:37:56.372677	
939	1657	22	rsdDate	4	\N	f	0	0	f		f	2025-09-04 14:37:56.372677	2025-09-04 14:37:56.372677	
940	1657	6	rsdType	5	('филл')	f	0	0	f		f	2025-09-04 14:37:56.372677	2025-09-04 14:37:56.372677	
941	1657	41	rsdOg	6	\N	f	0	0	f		f	2025-09-04 14:37:56.372677	2025-09-04 14:37:56.372677	
942	1657	2	rsdTaxType	7	('sd')	f	0	0	f		f	2025-09-04 14:37:56.372677	2025-09-04 14:37:56.372677	
943	1658	40	rKey	1	\N	t	1	1	f		f	2025-09-04 14:37:56.372677	2025-09-04 14:37:56.372677	
944	1658	40	rSubDiv	2	\N	f	0	0	f		f	2025-09-04 14:37:56.372677	2025-09-04 14:37:56.372677	
945	1658	40	rBuirg	3	\N	f	0	0	f		f	2025-09-04 14:37:56.372677	2025-09-04 14:37:56.372677	
946	1658	2	rTaxType	4	('sd')	f	0	0	f		f	2025-09-04 14:37:56.372677	2025-09-04 14:37:56.372677	
947	1659	40	rsdnKey	1	\N	t	1	1	f		f	2025-09-04 14:37:56.372677	2025-09-04 14:37:56.372677	
948	1659	40	rsdnSubDiv	2	\N	f	0	0	f		f	2025-09-04 14:37:56.372677	2025-09-04 14:37:56.372677	
949	1659	55	rsdnName	3	\N	f	0	0	f		f	2025-09-04 14:37:56.372677	2025-09-04 14:37:56.372677	
950	1659	22	rsdnDate	4	\N	f	0	0	f		f	2025-09-04 14:37:56.372677	2025-09-04 14:37:56.372677	
951	1660	40	rsdrSubDiv	1	\N	f	0	0	f		f	2025-09-04 14:37:56.372677	2025-09-04 14:37:56.372677	
952	1660	6	rsdrTaxOffice	2	\N	f	0	0	f		f	2025-09-04 14:37:56.372677	2025-09-04 14:37:56.372677	
953	1660	2	rsdrReason	3	\N	f	0	0	f		f	2025-09-04 14:37:56.372677	2025-09-04 14:37:56.372677	
954	1660	4	rsdrNum	4	\N	f	0	0	f		f	2025-09-04 14:37:56.372677	2025-09-04 14:37:56.372677	
955	1660	12	rsdrCode	5	\N	f	0	0	t	(CONVERT([char](9),concat([rsdrTaxOffice],[rsdrReason],[rsdrNum]),(0)))	t	2025-09-04 14:37:56.372677	2025-09-04 14:37:56.372677	
956	1660	22	rsdrDate	6	\N	f	0	0	f		f	2025-09-04 14:37:56.372677	2025-09-04 14:37:56.372677	
957	1661	40	stType	2	\N	f	0	0	f		f	2025-09-04 14:37:56.372677	2025-09-04 14:37:56.372677	
958	1661	53	stNote	3	\N	f	0	0	f		f	2025-09-04 14:37:56.372677	2025-09-04 14:37:56.372677	
959	1661	23	stTimeOfEntry	4	(getdate())	f	0	0	f		f	2025-09-04 14:37:56.372677	2025-09-04 14:37:56.372677	
960	1662	40	stcKey	1	\N	f	0	0	f		f	2025-09-04 14:37:56.372677	2025-09-04 14:37:56.372677	
961	1662	40	stcType	2	\N	f	0	0	t	((2))	t	2025-09-04 14:37:56.372677	2025-09-04 14:37:56.372677	
962	1662	53	stcNote	3	\N	f	0	0	f		f	2025-09-04 14:37:56.372677	2025-09-04 14:37:56.372677	
963	1662	23	stcTimeOfEntry	4	(getdate())	f	0	0	f		f	2025-09-04 14:37:56.372677	2025-09-04 14:37:56.372677	
964	1663	40	stcnKey	1	\N	t	1	1	f		f	2025-09-04 14:37:56.372677	2025-09-04 14:37:56.372677	
965	1663	40	stcnCost	2	\N	f	0	0	f		f	2025-09-04 14:37:56.372677	2025-09-04 14:37:56.372677	
966	1663	56	stcnNm	3	\N	f	0	0	f		f	2025-09-04 14:37:56.372677	2025-09-04 14:37:56.372677	
967	1663	60	stcnNote	4	\N	f	0	0	f		f	2025-09-04 14:37:56.372677	2025-09-04 14:37:56.372677	
968	1663	23	stcnTimeOfEntry	5	(getdate())	f	0	0	f		f	2025-09-04 14:37:56.372677	2025-09-04 14:37:56.372677	
969	1664	40	stilKey	1	\N	f	0	0	f		f	2025-09-04 14:37:56.372677	2025-09-04 14:37:56.372677	
970	1664	50	stilName	2	\N	f	0	0	f		f	2025-09-04 14:37:56.372677	2025-09-04 14:37:56.372677	
971	1665	40	stiKey	1	\N	f	0	0	f		f	2025-09-04 14:37:56.372677	2025-09-04 14:37:56.372677	
972	1665	40	stiType	2	\N	f	0	0	t	((1))	t	2025-09-04 14:37:56.372677	2025-09-04 14:37:56.372677	
973	1665	41	stiLim	3	\N	f	0	0	f		f	2025-09-04 14:37:56.372677	2025-09-04 14:37:56.372677	
974	1665	53	stiNote	4	\N	f	0	0	f		f	2025-09-04 14:37:56.372677	2025-09-04 14:37:56.372677	
975	1665	23	stiTimeOfEntry	5	(getdate())	f	0	0	f		f	2025-09-04 14:37:56.372677	2025-09-04 14:37:56.372677	
976	1666	40	stinKey	1	\N	t	1	1	f		f	2025-09-04 14:37:56.372677	2025-09-04 14:37:56.372677	
977	1666	40	stinIpg	2	\N	f	0	0	f		f	2025-09-04 14:37:56.372677	2025-09-04 14:37:56.372677	
978	1666	56	stinNm	3	\N	f	0	0	f		f	2025-09-04 14:37:56.372677	2025-09-04 14:37:56.372677	
979	1666	60	stinNote	4	\N	f	0	0	f		f	2025-09-04 14:37:56.372677	2025-09-04 14:37:56.372677	
980	1666	23	stinTimeOfEntry	5	(getdate())	f	0	0	f		f	2025-09-04 14:37:56.372677	2025-09-04 14:37:56.372677	
981	1667	40	stnKey	1	\N	t	1	1	f		f	2025-09-04 14:37:56.372677	2025-09-04 14:37:56.372677	Ключ схемы структуры
982	1667	40	stnType	2	\N	f	0	0	f		f	2025-09-04 14:37:56.372677	2025-09-04 14:37:56.372677	Тип схемы структуры
983	1667	55	stnName	3	\N	f	0	0	f		f	2025-09-04 14:37:56.372677	2025-09-04 14:37:56.372677	Наименование схемы структуры
984	1667	40	stnRoot	4	\N	f	0	0	f		f	2025-09-04 14:37:56.372677	2025-09-04 14:37:56.372677	Корневой пункт структуры
985	1668	40	stnpKey	1	\N	t	1	1	f		f	2025-09-04 14:37:56.372677	2025-09-04 14:37:56.372677	
986	1668	40	stnpStRel	2	\N	f	0	0	f		f	2025-09-04 14:37:56.372677	2025-09-04 14:37:56.372677	
987	1668	40	stpnStNet	3	\N	f	0	0	f		f	2025-09-04 14:37:56.372677	2025-09-04 14:37:56.372677	
988	1668	40	stpnNum	4	\N	f	0	0	f		f	2025-09-04 14:37:56.372677	2025-09-04 14:37:56.372677	
989	1669	40	strKey	1	\N	t	1	1	f		f	2025-09-04 14:37:56.372677	2025-09-04 14:37:56.372677	
990	1669	40	strParent	2	\N	f	0	0	f		f	2025-09-04 14:37:56.372677	2025-09-04 14:37:56.372677	
991	1669	40	strChild	3	\N	f	0	0	f		f	2025-09-04 14:37:56.372677	2025-09-04 14:37:56.372677	
992	1670	40	sttKey	1	\N	f	0	0	f		f	2025-09-04 14:37:56.372677	2025-09-04 14:37:56.372677	
993	1670	50	sttName	2	\N	f	0	0	f		f	2025-09-04 14:37:56.372677	2025-09-04 14:37:56.372677	
994	1671	40	yr_key	1	\N	t	1	1	f		f	2025-09-04 14:37:56.372677	2025-09-04 14:37:56.372677	
995	1671	55	yr_variant	2	\N	f	0	0	f		f	2025-09-04 14:37:56.372677	2025-09-04 14:37:56.372677	
996	1671	40	cn_inv_dbt_upl	3	\N	f	0	0	f		f	2025-09-04 14:37:56.372677	2025-09-04 14:37:56.372677	
997	1671	40	yyyy	4	\N	f	0	0	f		f	2025-09-04 14:37:56.372677	2025-09-04 14:37:56.372677	
998	1671	41	yr_CmmGr	5	\N	f	0	0	f		f	2025-09-04 14:37:56.372677	2025-09-04 14:37:56.372677	
999	1671	45	yr_Progress	6	\N	f	0	0	f		f	2025-09-04 14:37:56.372677	2025-09-04 14:37:56.372677	
1000	1672	40	yr_upl_p_key	1	\N	t	1	1	f		f	2025-09-04 14:37:56.372677	2025-09-04 14:37:56.372677	
1001	1672	40	yr_upl_p_yr	2	\N	f	0	0	f		f	2025-09-04 14:37:56.372677	2025-09-04 14:37:56.372677	
1002	1672	40	cn_inv_dbt_upl	3	\N	f	0	0	f		f	2025-09-04 14:37:56.372677	2025-09-04 14:37:56.372677	
1003	1673	40	yKey	1	\N	t	1	1	f		f	2025-09-04 14:37:56.372677	2025-09-04 14:37:56.372677	
1004	1673	40	yyyy	2	\N	f	0	0	f		f	2025-09-04 14:37:56.372677	2025-09-04 14:37:56.372677	
\.


--
-- Data for Name: mssql_default_constraints; Type: TABLE DATA; Schema: mcl; Owner: postgres
--

COPY mcl.mssql_default_constraints (id, table_id, column_id, constraint_name, definition, is_system_named, created_at, updated_at) FROM stdin;
1	1517	67	DF_cn_PrDoc_cnpdTimeofEntry	(getdate())	f	2025-09-10 15:58:46.108742	2025-09-10 15:58:46.108742
2	1525	164	DF_cnInvAccnt_ciaTimeOfEntry	(getdate())	f	2025-09-10 15:58:46.108742	2025-09-10 15:58:46.108742
3	1544	242	DF_cstAg_cstaInvestor	((7))	f	2025-09-10 15:58:46.108742	2025-09-10 15:58:46.108742
4	1564	358	DF_inv_iTimeOfEntry	(getdate())	f	2025-09-10 15:58:46.108742	2025-09-10 15:58:46.108742
5	1570	385	DF_invDbt_idNum	((1))	f	2025-09-10 15:58:46.108742	2025-09-10 15:58:46.108742
\.


--
-- Data for Name: mssql_derived_types; Type: TABLE DATA; Schema: mcl; Owner: postgres
--

COPY mcl.mssql_derived_types (id, task_id, is_nullable, default_precision, default_scale, max_length, created_at, updated_at, base_type_id, precision_value, scale_value, length_value, max_value, parameter_value, is_max_length, is_variable_length, postgres_parameters, validation_rules, collation_name) FROM stdin;
2	2	f	\N	\N	2	2025-09-04 11:42:22.094896	2025-09-04 11:42:22.094896	4	\N	\N	2	2	char	f	t	\N	\N	Cyrillic_General_CI_AS
3	2	t	\N	\N	2	2025-09-04 11:42:22.094896	2025-09-04 11:42:22.094896	4	\N	\N	2	2	char	f	t	\N	\N	Cyrillic_General_CI_AS
4	2	f	\N	\N	3	2025-09-04 11:42:22.094896	2025-09-04 11:42:22.094896	4	\N	\N	3	3	char	f	t	\N	\N	Cyrillic_General_CI_AS
5	2	t	\N	\N	3	2025-09-04 11:42:22.094896	2025-09-04 11:42:22.094896	4	\N	\N	3	3	char	f	t	\N	\N	Cyrillic_General_CI_AS
6	2	f	\N	\N	4	2025-09-04 11:42:22.094896	2025-09-04 11:42:22.094896	4	\N	\N	4	4	char	f	t	\N	\N	Cyrillic_General_CI_AS
7	2	t	\N	\N	4	2025-09-04 11:42:22.094896	2025-09-04 11:42:22.094896	4	\N	\N	4	4	char	f	t	\N	\N	Cyrillic_General_CI_AS
8	2	f	\N	\N	5	2025-09-04 11:42:22.094896	2025-09-04 11:42:22.094896	4	\N	\N	5	5	char	f	t	\N	\N	Cyrillic_General_CI_AS
9	2	t	\N	\N	5	2025-09-04 11:42:22.094896	2025-09-04 11:42:22.094896	4	\N	\N	5	5	char	f	t	\N	\N	Cyrillic_General_CI_AS
10	2	f	\N	\N	6	2025-09-04 11:42:22.094896	2025-09-04 11:42:22.094896	4	\N	\N	6	6	char	f	t	\N	\N	Cyrillic_General_CI_AS
11	2	f	\N	\N	8	2025-09-04 11:42:22.094896	2025-09-04 11:42:22.094896	4	\N	\N	8	8	char	f	t	\N	\N	Cyrillic_General_CI_AS
12	2	t	\N	\N	9	2025-09-04 11:42:22.094896	2025-09-04 11:42:22.094896	4	\N	\N	9	9	char	f	t	\N	\N	Cyrillic_General_CI_AS
13	2	f	\N	\N	10	2025-09-04 11:42:22.094896	2025-09-04 11:42:22.094896	4	\N	\N	10	10	char	f	t	\N	\N	Cyrillic_General_CI_AS
14	2	t	\N	\N	10	2025-09-04 11:42:22.094896	2025-09-04 11:42:22.094896	4	\N	\N	10	10	char	f	t	\N	\N	Cyrillic_General_CI_AS
15	2	f	\N	\N	12	2025-09-04 11:42:22.094896	2025-09-04 11:42:22.094896	4	\N	\N	12	12	char	f	t	\N	\N	Cyrillic_General_CI_AS
16	2	t	\N	\N	12	2025-09-04 11:42:22.094896	2025-09-04 11:42:22.094896	4	\N	\N	12	12	char	f	t	\N	\N	Cyrillic_General_CI_AS
17	2	f	\N	\N	13	2025-09-04 11:42:22.094896	2025-09-04 11:42:22.094896	4	\N	\N	13	13	char	f	t	\N	\N	Cyrillic_General_CI_AS
18	2	t	\N	\N	13	2025-09-04 11:42:22.094896	2025-09-04 11:42:22.094896	4	\N	\N	13	13	char	f	t	\N	\N	Cyrillic_General_CI_AS
19	2	t	\N	\N	15	2025-09-04 11:42:22.094896	2025-09-04 11:42:22.094896	4	\N	\N	15	15	char	f	t	\N	\N	Cyrillic_General_CI_AS
20	2	t	\N	\N	20	2025-09-04 11:42:22.094896	2025-09-04 11:42:22.094896	4	\N	\N	20	20	char	f	t	\N	\N	Cyrillic_General_CI_AS
21	2	f	\N	\N	\N	2025-09-04 11:42:22.094896	2025-09-04 11:42:22.094896	3	\N	\N	\N	\N	date	f	f	\N	\N	\N
22	2	t	\N	\N	\N	2025-09-04 11:42:22.094896	2025-09-04 11:42:22.094896	3	\N	\N	\N	\N	date	f	f	\N	\N	\N
23	2	f	\N	\N	\N	2025-09-04 11:42:22.094896	2025-09-04 11:42:22.094896	5	\N	\N	\N	\N	datetime	f	f	\N	\N	\N
24	2	t	\N	\N	\N	2025-09-04 11:42:22.094896	2025-09-04 11:42:22.094896	5	\N	\N	\N	\N	datetime	f	f	\N	\N	\N
25	2	t	18	0	\N	2025-09-04 11:42:22.094896	2025-09-04 11:42:22.094896	7	18	0	\N	\N	decimal	f	f	\N	\N	\N
26	2	f	23	8	\N	2025-09-04 11:42:22.094896	2025-09-04 11:42:22.094896	7	23	8	\N	\N	decimal	f	f	\N	\N	\N
27	2	t	23	8	\N	2025-09-04 11:42:22.094896	2025-09-04 11:42:22.094896	7	23	8	\N	\N	decimal	f	f	\N	\N	\N
28	2	t	24	8	\N	2025-09-04 11:42:22.094896	2025-09-04 11:42:22.094896	7	24	8	\N	\N	decimal	f	f	\N	\N	\N
29	2	t	25	8	\N	2025-09-04 11:42:22.094896	2025-09-04 11:42:22.094896	7	25	8	\N	\N	decimal	f	f	\N	\N	\N
30	2	t	26	8	\N	2025-09-04 11:42:22.094896	2025-09-04 11:42:22.094896	7	26	8	\N	\N	decimal	f	f	\N	\N	\N
31	2	t	27	8	\N	2025-09-04 11:42:22.094896	2025-09-04 11:42:22.094896	7	27	8	\N	\N	decimal	f	f	\N	\N	\N
32	2	t	28	8	\N	2025-09-04 11:42:22.094896	2025-09-04 11:42:22.094896	7	28	8	\N	\N	decimal	f	f	\N	\N	\N
33	2	t	29	8	\N	2025-09-04 11:42:22.094896	2025-09-04 11:42:22.094896	7	29	8	\N	\N	decimal	f	f	\N	\N	\N
34	2	t	30	8	\N	2025-09-04 11:42:22.094896	2025-09-04 11:42:22.094896	7	30	8	\N	\N	decimal	f	f	\N	\N	\N
35	2	t	31	8	\N	2025-09-04 11:42:22.094896	2025-09-04 11:42:22.094896	7	31	8	\N	\N	decimal	f	f	\N	\N	\N
36	2	t	32	8	\N	2025-09-04 11:42:22.094896	2025-09-04 11:42:22.094896	7	32	8	\N	\N	decimal	f	f	\N	\N	\N
37	2	t	33	8	\N	2025-09-04 11:42:22.094896	2025-09-04 11:42:22.094896	7	33	8	\N	\N	decimal	f	f	\N	\N	\N
38	2	t	34	8	\N	2025-09-04 11:42:22.094896	2025-09-04 11:42:22.094896	7	34	8	\N	\N	decimal	f	f	\N	\N	\N
39	2	t	53	\N	\N	2025-09-04 11:42:22.094896	2025-09-04 11:42:22.094896	8	53	\N	\N	\N	float	f	f	\N	\N	\N
40	2	f	10	0	\N	2025-09-04 11:42:22.094896	2025-09-04 11:42:22.094896	1	10	0	\N	\N	int	f	f	\N	\N	\N
41	2	t	10	0	\N	2025-09-04 11:42:22.094896	2025-09-04 11:42:22.094896	1	10	0	\N	\N	int	f	f	\N	\N	\N
42	2	f	19	4	\N	2025-09-04 11:42:22.094896	2025-09-04 11:42:22.094896	6	19	4	\N	\N	money	f	f	\N	\N	\N
43	2	t	19	4	\N	2025-09-04 11:42:22.094896	2025-09-04 11:42:22.094896	6	19	4	\N	\N	money	f	f	\N	\N	\N
44	2	f	\N	\N	-1	2025-09-04 11:42:22.094896	2025-09-04 11:42:22.094896	2	\N	\N	-1	max	nvarchar	t	t	\N	\N	Cyrillic_General_CI_AS
45	2	t	\N	\N	-1	2025-09-04 11:42:22.094896	2025-09-04 11:42:22.094896	2	\N	\N	-1	max	nvarchar	t	t	\N	\N	Cyrillic_General_CI_AS
46	2	t	\N	\N	5	2025-09-04 11:42:22.094896	2025-09-04 11:42:22.094896	2	\N	\N	5	5	nvarchar	f	t	\N	\N	Cyrillic_General_CI_AS
47	2	f	\N	\N	10	2025-09-04 11:42:22.094896	2025-09-04 11:42:22.094896	2	\N	\N	10	10	nvarchar	f	t	\N	\N	Cyrillic_General_CI_AS
48	2	t	\N	\N	10	2025-09-04 11:42:22.094896	2025-09-04 11:42:22.094896	2	\N	\N	10	10	nvarchar	f	t	\N	\N	Cyrillic_General_CI_AS
49	2	f	\N	\N	15	2025-09-04 11:42:22.094896	2025-09-04 11:42:22.094896	2	\N	\N	15	15	nvarchar	f	t	\N	\N	Cyrillic_General_CI_AS
50	2	t	\N	\N	30	2025-09-04 11:42:22.094896	2025-09-04 11:42:22.094896	2	\N	\N	30	30	nvarchar	f	t	\N	\N	Cyrillic_General_CI_AS
51	2	f	\N	\N	50	2025-09-04 11:42:22.094896	2025-09-04 11:42:22.094896	2	\N	\N	50	50	nvarchar	f	t	\N	\N	Cyrillic_General_CI_AS
52	2	t	\N	\N	50	2025-09-04 11:42:22.094896	2025-09-04 11:42:22.094896	2	\N	\N	50	50	nvarchar	f	t	\N	\N	Cyrillic_General_CI_AS
53	2	t	\N	\N	100	2025-09-04 11:42:22.094896	2025-09-04 11:42:22.094896	2	\N	\N	100	100	nvarchar	f	t	\N	\N	Cyrillic_General_CI_AS
54	2	f	\N	\N	150	2025-09-04 11:42:22.094896	2025-09-04 11:42:22.094896	2	\N	\N	150	150	nvarchar	f	t	\N	\N	Cyrillic_General_CI_AS
55	2	f	\N	\N	255	2025-09-04 11:42:22.094896	2025-09-04 11:42:22.094896	2	\N	\N	255	255	nvarchar	f	t	\N	\N	Cyrillic_General_CI_AS
56	2	t	\N	\N	255	2025-09-04 11:42:22.094896	2025-09-04 11:42:22.094896	2	\N	\N	255	255	nvarchar	f	t	\N	\N	Cyrillic_General_CI_AS
57	2	t	\N	\N	266	2025-09-04 11:42:22.094896	2025-09-04 11:42:22.094896	2	\N	\N	266	266	nvarchar	f	t	\N	\N	Cyrillic_General_CI_AS
58	2	t	\N	\N	287	2025-09-04 11:42:22.094896	2025-09-04 11:42:22.094896	2	\N	\N	287	287	nvarchar	f	t	\N	\N	Cyrillic_General_CI_AS
59	2	f	\N	\N	500	2025-09-04 11:42:22.094896	2025-09-04 11:42:22.094896	2	\N	\N	500	500	nvarchar	f	t	\N	\N	Cyrillic_General_CI_AS
60	2	t	\N	\N	500	2025-09-04 11:42:22.094896	2025-09-04 11:42:22.094896	2	\N	\N	500	500	nvarchar	f	t	\N	\N	Cyrillic_General_CI_AS
61	2	f	\N	\N	600	2025-09-04 11:42:22.094896	2025-09-04 11:42:22.094896	2	\N	\N	600	600	nvarchar	f	t	\N	\N	Cyrillic_General_CI_AS
62	2	t	\N	\N	600	2025-09-04 11:42:22.094896	2025-09-04 11:42:22.094896	2	\N	\N	600	600	nvarchar	f	t	\N	\N	Cyrillic_General_CI_AS
63	2	f	\N	\N	1000	2025-09-04 11:42:22.094896	2025-09-04 11:42:22.094896	2	\N	\N	1000	1000	nvarchar	f	t	\N	\N	Cyrillic_General_CI_AS
64	2	t	\N	\N	1000	2025-09-04 11:42:22.094896	2025-09-04 11:42:22.094896	2	\N	\N	1000	1000	nvarchar	f	t	\N	\N	Cyrillic_General_CI_AS
65	2	f	5	0	\N	2025-09-04 11:42:22.094896	2025-09-04 11:42:22.094896	11	5	0	\N	\N	smallint	f	f	\N	\N	\N
66	2	t	5	0	\N	2025-09-04 11:42:22.094896	2025-09-04 11:42:22.094896	11	5	0	\N	\N	smallint	f	f	\N	\N	\N
67	2	f	3	0	\N	2025-09-04 11:42:22.094896	2025-09-04 11:42:22.094896	9	3	0	\N	\N	tinyint	f	f	\N	\N	\N
68	2	t	\N	\N	\N	2025-09-04 11:42:22.094896	2025-09-04 11:42:22.094896	10	\N	\N	\N	\N	uniqueidentifier	f	f	\N	\N	\N
69	2	f	\N	\N	3	2025-09-04 11:42:22.094896	2025-09-04 11:42:22.094896	12	\N	\N	3	3	varchar	f	t	\N	\N	Cyrillic_General_CI_AS
70	2	t	\N	\N	12	2025-09-04 11:42:22.094896	2025-09-04 11:42:22.094896	12	\N	\N	12	12	varchar	f	t	\N	\N	Cyrillic_General_CI_AS
76	2	t	\N	\N	\N	2025-09-04 12:00:09.643343	2025-09-04 12:00:09.643343	13	19	0	\N	\N	bigint	f	f	\N	\N	\N
\.


--
-- Data for Name: mssql_foreign_key_columns; Type: TABLE DATA; Schema: mcl; Owner: postgres
--

COPY mcl.mssql_foreign_key_columns (id, foreign_key_id, column_id, referenced_column_id, ordinal_position, created_at, updated_at) FROM stdin;
1	38	16	98	1	2025-09-10 07:09:11.68069	2025-09-10 07:09:11.68069
2	39	35	40	1	2025-09-10 07:09:11.68069	2025-09-10 07:09:11.68069
3	40	38	159	1	2025-09-10 07:09:11.68069	2025-09-10 07:09:11.68069
4	41	47	40	1	2025-09-10 07:09:11.68069	2025-09-10 07:09:11.68069
5	42	46	87	1	2025-09-10 07:09:11.68069	2025-09-10 07:09:11.68069
6	43	58	48	1	2025-09-10 07:09:11.68069	2025-09-10 07:09:11.68069
7	44	73	87	1	2025-09-10 07:09:11.68069	2025-09-10 07:09:11.68069
8	45	86	166	1	2025-09-10 07:09:11.68069	2025-09-10 07:09:11.68069
9	46	76	243	1	2025-09-10 07:09:11.68069	2025-09-10 07:09:11.68069
10	47	91	138	1	2025-09-10 07:09:11.68069	2025-09-10 07:09:11.68069
11	48	102	166	1	2025-09-10 07:09:11.68069	2025-09-10 07:09:11.68069
12	49	105	90	1	2025-09-10 07:09:11.68069	2025-09-10 07:09:11.68069
13	50	106	243	1	2025-09-10 07:09:11.68069	2025-09-10 07:09:11.68069
14	51	96	8	1	2025-09-10 07:09:11.68069	2025-09-10 07:09:11.68069
15	52	97	151	1	2025-09-10 07:09:11.68069	2025-09-10 07:09:11.68069
16	53	144	147	1	2025-09-10 07:09:11.68069	2025-09-10 07:09:11.68069
17	54	148	142	1	2025-09-10 07:09:11.68069	2025-09-10 07:09:11.68069
18	55	149	707	1	2025-09-10 07:09:11.68069	2025-09-10 07:09:11.68069
19	56	154	8	1	2025-09-10 07:09:11.68069	2025-09-10 07:09:11.68069
20	57	157	355	1	2025-09-10 07:09:11.68069	2025-09-10 07:09:11.68069
21	58	160	98	1	2025-09-10 07:09:11.68069	2025-09-10 07:09:11.68069
22	59	163	166	1	2025-09-10 07:09:11.68069	2025-09-10 07:09:11.68069
23	60	168	5	1	2025-09-10 07:09:11.68069	2025-09-10 07:09:11.68069
24	61	169	147	1	2025-09-10 07:09:11.68069	2025-09-10 07:09:11.68069
25	62	167	153	1	2025-09-10 07:09:11.68069	2025-09-10 07:09:11.68069
26	63	177	159	1	2025-09-10 07:09:11.68069	2025-09-10 07:09:11.68069
27	64	174	208	1	2025-09-10 07:09:11.68069	2025-09-10 07:09:11.68069
28	65	173	212	1	2025-09-10 07:09:11.68069	2025-09-10 07:09:11.68069
29	66	182	159	1	2025-09-10 07:09:11.68069	2025-09-10 07:09:11.68069
30	67	180	183	1	2025-09-10 07:09:11.68069	2025-09-10 07:09:11.68069
31	68	181	645	1	2025-09-10 07:09:11.68069	2025-09-10 07:09:11.68069
32	69	189	159	1	2025-09-10 07:09:11.68069	2025-09-10 07:09:11.68069
33	70	187	190	1	2025-09-10 07:09:11.68069	2025-09-10 07:09:11.68069
34	71	188	243	1	2025-09-10 07:09:11.68069	2025-09-10 07:09:11.68069
35	72	197	159	1	2025-09-10 07:09:11.68069	2025-09-10 07:09:11.68069
36	73	193	198	1	2025-09-10 07:09:11.68069	2025-09-10 07:09:11.68069
37	74	194	208	1	2025-09-10 07:09:11.68069	2025-09-10 07:09:11.68069
38	75	205	159	1	2025-09-10 07:09:11.68069	2025-09-10 07:09:11.68069
39	76	201	206	1	2025-09-10 07:09:11.68069	2025-09-10 07:09:11.68069
40	77	202	208	1	2025-09-10 07:09:11.68069	2025-09-10 07:09:11.68069
41	78	218	159	1	2025-09-10 07:09:11.68069	2025-09-10 07:09:11.68069
42	79	216	208	1	2025-09-10 07:09:11.68069	2025-09-10 07:09:11.68069
43	80	217	219	1	2025-09-10 07:09:11.68069	2025-09-10 07:09:11.68069
44	81	226	8	1	2025-09-10 07:09:11.68069	2025-09-10 07:09:11.68069
45	82	227	231	1	2025-09-10 07:09:11.68069	2025-09-10 07:09:11.68069
46	83	240	233	1	2025-09-10 07:09:11.68069	2025-09-10 07:09:11.68069
47	84	239	645	1	2025-09-10 07:09:11.68069	2025-09-10 07:09:11.68069
48	85	244	238	1	2025-09-10 07:09:11.68069	2025-09-10 07:09:11.68069
49	86	255	243	1	2025-09-10 07:09:11.68069	2025-09-10 07:09:11.68069
50	87	256	635	1	2025-09-10 07:09:11.68069	2025-09-10 07:09:11.68069
51	88	260	243	1	2025-09-10 07:09:11.68069	2025-09-10 07:09:11.68069
52	89	384	355	1	2025-09-10 07:09:11.68069	2025-09-10 07:09:11.68069
53	90	390	159	1	2025-09-10 07:09:11.68069	2025-09-10 07:09:11.68069
54	91	388	384	1	2025-09-10 07:09:11.68069	2025-09-10 07:09:11.68069
55	91	389	385	2	2025-09-10 07:09:11.68069	2025-09-10 07:09:11.68069
56	92	396	5	1	2025-09-10 07:09:11.68069	2025-09-10 07:09:11.68069
57	93	394	40	1	2025-09-10 07:09:11.68069	2025-09-10 07:09:11.68069
58	94	391	384	1	2025-09-10 07:09:11.68069	2025-09-10 07:09:11.68069
59	94	393	385	2	2025-09-10 07:09:11.68069	2025-09-10 07:09:11.68069
60	95	392	401	1	2025-09-10 07:09:11.68069	2025-09-10 07:09:11.68069
61	96	399	823	1	2025-09-10 07:09:11.68069	2025-09-10 07:09:11.68069
62	97	251	355	1	2025-09-10 07:09:11.68069	2025-09-10 07:09:11.68069
63	98	407	635	1	2025-09-10 07:09:11.68069	2025-09-10 07:09:11.68069
64	99	413	981	1	2025-09-10 07:09:11.68069	2025-09-10 07:09:11.68069
65	100	409	1003	1	2025-09-10 07:09:11.68069	2025-09-10 07:09:11.68069
66	101	422	406	1	2025-09-10 07:09:11.68069	2025-09-10 07:09:11.68069
67	102	421	415	1	2025-09-10 07:09:11.68069	2025-09-10 07:09:11.68069
68	103	423	471	1	2025-09-10 07:09:11.68069	2025-09-10 07:09:11.68069
69	104	428	424	1	2025-09-10 07:09:11.68069	2025-09-10 07:09:11.68069
70	105	432	243	1	2025-09-10 07:09:11.68069	2025-09-10 07:09:11.68069
71	106	430	406	1	2025-09-10 07:09:11.68069	2025-09-10 07:09:11.68069
72	107	442	4	1	2025-09-10 07:09:11.68069	2025-09-10 07:09:11.68069
73	108	444	429	1	2025-09-10 07:09:11.68069	2025-09-10 07:09:11.68069
74	109	445	960	1	2025-09-10 07:09:11.68069	2025-09-10 07:09:11.68069
75	110	450	451	1	2025-09-10 07:09:11.68069	2025-09-10 07:09:11.68069
76	111	455	429	1	2025-09-10 07:09:11.68069	2025-09-10 07:09:11.68069
77	112	454	971	1	2025-09-10 07:09:11.68069	2025-09-10 07:09:11.68069
78	113	457	448	1	2025-09-10 07:09:11.68069	2025-09-10 07:09:11.68069
79	114	458	448	1	2025-09-10 07:09:11.68069	2025-09-10 07:09:11.68069
80	115	464	456	1	2025-09-10 07:09:11.68069	2025-09-10 07:09:11.68069
81	116	463	459	1	2025-09-10 07:09:11.68069	2025-09-10 07:09:11.68069
82	117	470	406	1	2025-09-10 07:09:11.68069	2025-09-10 07:09:11.68069
83	118	469	645	1	2025-09-10 07:09:11.68069	2025-09-10 07:09:11.68069
84	119	472	406	1	2025-09-10 07:09:11.68069	2025-09-10 07:09:11.68069
85	120	476	466	1	2025-09-10 07:09:11.68069	2025-09-10 07:09:11.68069
86	121	475	471	1	2025-09-10 07:09:11.68069	2025-09-10 07:09:11.68069
87	122	495	429	1	2025-09-10 07:09:11.68069	2025-09-10 07:09:11.68069
88	123	478	466	1	2025-09-10 07:09:11.68069	2025-09-10 07:09:11.68069
89	124	494	635	1	2025-09-10 07:09:11.68069	2025-09-10 07:09:11.68069
90	125	527	424	1	2025-09-10 07:09:11.68069	2025-09-10 07:09:11.68069
91	126	509	477	1	2025-09-10 07:09:11.68069	2025-09-10 07:09:11.68069
92	127	543	477	1	2025-09-10 07:09:11.68069	2025-09-10 07:09:11.68069
93	128	545	629	1	2025-09-10 07:09:11.68069	2025-09-10 07:09:11.68069
94	129	544	960	1	2025-09-10 07:09:11.68069	2025-09-10 07:09:11.68069
95	130	548	477	1	2025-09-10 07:09:11.68069	2025-09-10 07:09:11.68069
96	131	550	715	1	2025-09-10 07:09:11.68069	2025-09-10 07:09:11.68069
97	132	549	960	1	2025-09-10 07:09:11.68069	2025-09-10 07:09:11.68069
98	133	553	477	1	2025-09-10 07:09:11.68069	2025-09-10 07:09:11.68069
99	134	554	960	1	2025-09-10 07:09:11.68069	2025-09-10 07:09:11.68069
100	135	563	556	1	2025-09-10 07:09:11.68069	2025-09-10 07:09:11.68069
101	135	564	560	2	2025-09-10 07:09:11.68069	2025-09-10 07:09:11.68069
102	136	565	571	1	2025-09-10 07:09:11.68069	2025-09-10 07:09:11.68069
103	137	570	563	1	2025-09-10 07:09:11.68069	2025-09-10 07:09:11.68069
104	138	569	566	1	2025-09-10 07:09:11.68069	2025-09-10 07:09:11.68069
105	139	500	556	1	2025-09-10 07:09:11.68069	2025-09-10 07:09:11.68069
106	139	540	560	2	2025-09-10 07:09:11.68069	2025-09-10 07:09:11.68069
107	140	541	604	1	2025-09-10 07:09:11.68069	2025-09-10 07:09:11.68069
108	141	603	500	1	2025-09-10 07:09:11.68069	2025-09-10 07:09:11.68069
109	142	602	599	1	2025-09-10 07:09:11.68069	2025-09-10 07:09:11.68069
110	143	607	556	1	2025-09-10 07:09:11.68069	2025-09-10 07:09:11.68069
111	144	615	606	1	2025-09-10 07:09:11.68069	2025-09-10 07:09:11.68069
112	145	618	556	1	2025-09-10 07:09:11.68069	2025-09-10 07:09:11.68069
113	146	619	563	1	2025-09-10 07:09:11.68069	2025-09-10 07:09:11.68069
114	147	622	556	1	2025-09-10 07:09:11.68069	2025-09-10 07:09:11.68069
115	148	624	625	1	2025-09-10 07:09:11.68069	2025-09-10 07:09:11.68069
116	149	623	627	1	2025-09-10 07:09:11.68069	2025-09-10 07:09:11.68069
117	150	647	635	1	2025-09-10 07:09:11.68069	2025-09-10 07:09:11.68069
118	151	663	629	1	2025-09-10 07:09:11.68069	2025-09-10 07:09:11.68069
119	152	664	645	1	2025-09-10 07:09:11.68069	2025-09-10 07:09:11.68069
120	153	662	1003	1	2025-09-10 07:09:11.68069	2025-09-10 07:09:11.68069
121	154	675	243	1	2025-09-10 07:09:11.68069	2025-09-10 07:09:11.68069
122	155	668	649	1	2025-09-10 07:09:11.68069	2025-09-10 07:09:11.68069
123	156	697	635	1	2025-09-10 07:09:11.68069	2025-09-10 07:09:11.68069
124	157	708	635	1	2025-09-10 07:09:11.68069	2025-09-10 07:09:11.68069
125	158	709	713	1	2025-09-10 07:09:11.68069	2025-09-10 07:09:11.68069
126	159	721	243	1	2025-09-10 07:09:11.68069	2025-09-10 07:09:11.68069
127	160	724	769	1	2025-09-10 07:09:11.68069	2025-09-10 07:09:11.68069
128	161	739	718	1	2025-09-10 07:09:11.68069	2025-09-10 07:09:11.68069
129	162	759	738	1	2025-09-10 07:09:11.68069	2025-09-10 07:09:11.68069
130	163	766	758	1	2025-09-10 07:09:11.68069	2025-09-10 07:09:11.68069
131	164	767	960	1	2025-09-10 07:09:11.68069	2025-09-10 07:09:11.68069
132	165	771	629	1	2025-09-10 07:09:11.68069	2025-09-10 07:09:11.68069
133	166	770	1003	1	2025-09-10 07:09:11.68069	2025-09-10 07:09:11.68069
134	167	775	718	1	2025-09-10 07:09:11.68069	2025-09-10 07:09:11.68069
135	168	782	774	1	2025-09-10 07:09:11.68069	2025-09-10 07:09:11.68069
136	169	783	960	1	2025-09-10 07:09:11.68069	2025-09-10 07:09:11.68069
137	170	806	243	1	2025-09-10 07:09:11.68069	2025-09-10 07:09:11.68069
138	171	807	635	1	2025-09-10 07:09:11.68069	2025-09-10 07:09:11.68069
139	172	811	803	1	2025-09-10 07:09:11.68069	2025-09-10 07:09:11.68069
140	173	825	835	1	2025-09-10 07:09:11.68069	2025-09-10 07:09:11.68069
141	174	826	884	1	2025-09-10 07:09:11.68069	2025-09-10 07:09:11.68069
142	175	833	823	1	2025-09-10 07:09:11.68069	2025-09-10 07:09:11.68069
143	175	834	824	2	2025-09-10 07:09:11.68069	2025-09-10 07:09:11.68069
144	176	829	849	1	2025-09-10 07:09:11.68069	2025-09-10 07:09:11.68069
145	177	830	884	1	2025-09-10 07:09:11.68069	2025-09-10 07:09:11.68069
146	178	858	635	1	2025-09-10 07:09:11.68069	2025-09-10 07:09:11.68069
147	178	859	644	2	2025-09-10 07:09:11.68069	2025-09-10 07:09:11.68069
148	179	851	839	1	2025-09-10 07:09:11.68069	2025-09-10 07:09:11.68069
149	180	853	842	1	2025-09-10 07:09:11.68069	2025-09-10 07:09:11.68069
150	181	846	895	1	2025-09-10 07:09:11.68069	2025-09-10 07:09:11.68069
151	182	870	823	1	2025-09-10 07:09:11.68069	2025-09-10 07:09:11.68069
152	182	871	824	2	2025-09-10 07:09:11.68069	2025-09-10 07:09:11.68069
153	183	861	828	1	2025-09-10 07:09:11.68069	2025-09-10 07:09:11.68069
154	184	863	895	1	2025-09-10 07:09:11.68069	2025-09-10 07:09:11.68069
155	185	874	849	1	2025-09-10 07:09:11.68069	2025-09-10 07:09:11.68069
156	186	877	849	1	2025-09-10 07:09:11.68069	2025-09-10 07:09:11.68069
157	187	881	895	1	2025-09-10 07:09:11.68069	2025-09-10 07:09:11.68069
158	188	848	832	1	2025-09-10 07:09:11.68069	2025-09-10 07:09:11.68069
159	189	889	884	1	2025-09-10 07:09:11.68069	2025-09-10 07:09:11.68069
160	190	890	885	1	2025-09-10 07:09:11.68069	2025-09-10 07:09:11.68069
161	191	897	849	1	2025-09-10 07:09:11.68069	2025-09-10 07:09:11.68069
162	191	898	853	2	2025-09-10 07:09:11.68069	2025-09-10 07:09:11.68069
163	192	899	849	1	2025-09-10 07:09:11.68069	2025-09-10 07:09:11.68069
164	193	900	849	1	2025-09-10 07:09:11.68069	2025-09-10 07:09:11.68069
165	193	756	853	2	2025-09-10 07:09:11.68069	2025-09-10 07:09:11.68069
166	194	813	849	1	2025-09-10 07:09:11.68069	2025-09-10 07:09:11.68069
167	194	857	851	2	2025-09-10 07:09:11.68069	2025-09-10 07:09:11.68069
168	195	902	849	1	2025-09-10 07:09:11.68069	2025-09-10 07:09:11.68069
169	195	903	853	2	2025-09-10 07:09:11.68069	2025-09-10 07:09:11.68069
170	196	904	849	1	2025-09-10 07:09:11.68069	2025-09-10 07:09:11.68069
171	196	905	851	2	2025-09-10 07:09:11.68069	2025-09-10 07:09:11.68069
172	196	906	853	3	2025-09-10 07:09:11.68069	2025-09-10 07:09:11.68069
173	197	907	849	1	2025-09-10 07:09:11.68069	2025-09-10 07:09:11.68069
174	198	908	849	1	2025-09-10 07:09:11.68069	2025-09-10 07:09:11.68069
175	198	909	853	2	2025-09-10 07:09:11.68069	2025-09-10 07:09:11.68069
176	199	910	849	1	2025-09-10 07:09:11.68069	2025-09-10 07:09:11.68069
177	199	911	851	2	2025-09-10 07:09:11.68069	2025-09-10 07:09:11.68069
178	199	912	853	3	2025-09-10 07:09:11.68069	2025-09-10 07:09:11.68069
179	200	913	849	1	2025-09-10 07:09:11.68069	2025-09-10 07:09:11.68069
180	200	914	851	2	2025-09-10 07:09:11.68069	2025-09-10 07:09:11.68069
181	201	915	849	1	2025-09-10 07:09:11.68069	2025-09-10 07:09:11.68069
182	201	916	853	2	2025-09-10 07:09:11.68069	2025-09-10 07:09:11.68069
183	202	917	849	1	2025-09-10 07:09:11.68069	2025-09-10 07:09:11.68069
184	203	918	849	1	2025-09-10 07:09:11.68069	2025-09-10 07:09:11.68069
185	204	919	849	1	2025-09-10 07:09:11.68069	2025-09-10 07:09:11.68069
186	204	920	851	2	2025-09-10 07:09:11.68069	2025-09-10 07:09:11.68069
187	205	921	849	1	2025-09-10 07:09:11.68069	2025-09-10 07:09:11.68069
188	206	922	849	1	2025-09-10 07:09:11.68069	2025-09-10 07:09:11.68069
189	206	923	851	2	2025-09-10 07:09:11.68069	2025-09-10 07:09:11.68069
190	206	924	853	3	2025-09-10 07:09:11.68069	2025-09-10 07:09:11.68069
191	207	925	849	1	2025-09-10 07:09:11.68069	2025-09-10 07:09:11.68069
192	208	926	849	1	2025-09-10 07:09:11.68069	2025-09-10 07:09:11.68069
193	209	927	849	1	2025-09-10 07:09:11.68069	2025-09-10 07:09:11.68069
194	209	928	851	2	2025-09-10 07:09:11.68069	2025-09-10 07:09:11.68069
195	209	929	853	3	2025-09-10 07:09:11.68069	2025-09-10 07:09:11.68069
196	210	930	849	1	2025-09-10 07:09:11.68069	2025-09-10 07:09:11.68069
197	210	931	851	2	2025-09-10 07:09:11.68069	2025-09-10 07:09:11.68069
198	211	932	849	1	2025-09-10 07:09:11.68069	2025-09-10 07:09:11.68069
199	211	933	853	2	2025-09-10 07:09:11.68069	2025-09-10 07:09:11.68069
200	212	934	849	1	2025-09-10 07:09:11.68069	2025-09-10 07:09:11.68069
201	212	935	851	2	2025-09-10 07:09:11.68069	2025-09-10 07:09:11.68069
202	213	941	635	1	2025-09-10 07:09:11.68069	2025-09-10 07:09:11.68069
203	213	942	644	2	2025-09-10 07:09:11.68069	2025-09-10 07:09:11.68069
204	214	937	849	1	2025-09-10 07:09:11.68069	2025-09-10 07:09:11.68069
205	215	945	823	1	2025-09-10 07:09:11.68069	2025-09-10 07:09:11.68069
206	215	946	824	2	2025-09-10 07:09:11.68069	2025-09-10 07:09:11.68069
207	216	944	936	1	2025-09-10 07:09:11.68069	2025-09-10 07:09:11.68069
208	217	948	936	1	2025-09-10 07:09:11.68069	2025-09-10 07:09:11.68069
209	218	952	884	1	2025-09-10 07:09:11.68069	2025-09-10 07:09:11.68069
210	219	953	885	1	2025-09-10 07:09:11.68069	2025-09-10 07:09:11.68069
211	220	951	936	1	2025-09-10 07:09:11.68069	2025-09-10 07:09:11.68069
212	221	957	992	1	2025-09-10 07:09:11.68069	2025-09-10 07:09:11.68069
213	222	960	901	1	2025-09-10 07:09:11.68069	2025-09-10 07:09:11.68069
214	222	961	957	2	2025-09-10 07:09:11.68069	2025-09-10 07:09:11.68069
215	223	965	960	1	2025-09-10 07:09:11.68069	2025-09-10 07:09:11.68069
216	224	973	969	1	2025-09-10 07:09:11.68069	2025-09-10 07:09:11.68069
217	225	971	901	1	2025-09-10 07:09:11.68069	2025-09-10 07:09:11.68069
218	225	972	957	2	2025-09-10 07:09:11.68069	2025-09-10 07:09:11.68069
219	226	977	971	1	2025-09-10 07:09:11.68069	2025-09-10 07:09:11.68069
220	227	982	992	1	2025-09-10 07:09:11.68069	2025-09-10 07:09:11.68069
221	228	987	981	1	2025-09-10 07:09:11.68069	2025-09-10 07:09:11.68069
222	229	986	989	1	2025-09-10 07:09:11.68069	2025-09-10 07:09:11.68069
223	230	990	901	1	2025-09-10 07:09:11.68069	2025-09-10 07:09:11.68069
224	231	991	901	1	2025-09-10 07:09:11.68069	2025-09-10 07:09:11.68069
225	232	996	40	1	2025-09-10 07:09:11.68069	2025-09-10 07:09:11.68069
226	233	998	208	1	2025-09-10 07:09:11.68069	2025-09-10 07:09:11.68069
227	234	997	1003	1	2025-09-10 07:09:11.68069	2025-09-10 07:09:11.68069
228	235	1002	40	1	2025-09-10 07:09:11.68069	2025-09-10 07:09:11.68069
229	236	1001	994	1	2025-09-10 07:09:11.68069	2025-09-10 07:09:11.68069
\.


--
-- Data for Name: mssql_foreign_keys; Type: TABLE DATA; Schema: mcl; Owner: postgres
--

COPY mcl.mssql_foreign_keys (id, table_id, referenced_table_id, constraint_name, is_disabled, is_not_trusted, delete_action, update_action, created_at, updated_at) FROM stdin;
38	1510	1521	FK_cn_inv_cn_s_org	f	f	CASCADE	CASCADE	2025-09-10 07:08:17.689656	2025-09-10 07:08:17.689656
39	1511	1512	FK_cn_inv_dbt_cn_inv_dbt_upl	f	f	CASCADE	CASCADE	2025-09-10 07:08:17.689656	2025-09-10 07:08:17.689656
40	1511	1525	FK_cn_inv_dbt_cnInvAccnt	f	f	CASCADE	CASCADE	2025-09-10 07:08:17.689656	2025-09-10 07:08:17.689656
41	1513	1512	FK_cn_inv_dbt_upl_g_p_cn_inv_dbt_upl	f	f	CASCADE	CASCADE	2025-09-10 07:08:17.689656	2025-09-10 07:08:17.689656
42	1513	1516	FK_cn_inv_dbt_upl_g_p_cn_inv_pm_upl	f	f	CASCADE	CASCADE	2025-09-10 07:08:17.689656	2025-09-10 07:08:17.689656
43	1515	1514	FK_cn_inv_pm_cn_inv_doc	f	f	CASCADE	CASCADE	2025-09-10 07:08:17.689656	2025-09-10 07:08:17.689656
44	1515	1516	FK_cn_inv_pm_cn_inv_pm_upl	f	f	CASCADE	CASCADE	2025-09-10 07:08:17.689656	2025-09-10 07:08:17.689656
45	1515	1526	FK_cn_inv_pm_cnInvAccntSmpl	f	f	NO_ACTION	NO_ACTION	2025-09-10 07:08:17.689656	2025-09-10 07:08:17.689656
46	1515	1545	FK_cn_inv_pm_cstAgPn	f	f	NO_ACTION	NO_ACTION	2025-09-10 07:08:17.689656	2025-09-10 07:08:17.689656
47	1517	1519	FK_cn_PrDoc_cn_PrDocT	f	f	NO_ACTION	NO_ACTION	2025-09-10 07:08:17.689656	2025-09-10 07:08:17.689656
48	1517	1526	FK_cn_PrDoc_cnInvAccntSmpl	f	f	CASCADE	CASCADE	2025-09-10 07:08:17.689656	2025-09-10 07:08:17.689656
49	1518	1517	FK_cn_PrDocP_cn_PrDoc	f	f	CASCADE	CASCADE	2025-09-10 07:08:17.689656	2025-09-10 07:08:17.689656
50	1518	1545	FK_cn_PrDocP_cstAgPn	f	f	NO_ACTION	NO_ACTION	2025-09-10 07:08:17.689656	2025-09-10 07:08:17.689656
51	1520	1509	FK_cn_s_cn	f	f	CASCADE	CASCADE	2025-09-10 07:08:17.689656	2025-09-10 07:08:17.689656
52	1520	1523	FK_cn_s_cn_s_type	f	f	NO_ACTION	NO_ACTION	2025-09-10 07:08:17.689656	2025-09-10 07:08:17.689656
53	1521	1522	FK_cn_s_org_cn_s_org_smpl	f	f	CASCADE	CASCADE	2025-09-10 07:08:17.689656	2025-09-10 07:08:17.689656
54	1522	1520	FK_cn_s_org_smpl_cn_s	f	f	CASCADE	CASCADE	2025-09-10 07:08:17.689656	2025-09-10 07:08:17.689656
55	1522	1620	FK_cn_s_org_smpl_org_id	f	f	CASCADE	CASCADE	2025-09-10 07:08:17.689656	2025-09-10 07:08:17.689656
56	1524	1509	FK_cnInv_cn	f	f	NO_ACTION	NO_ACTION	2025-09-10 07:08:17.689656	2025-09-10 07:08:17.689656
57	1524	1564	FK_cnInv_inv	f	f	CASCADE	CASCADE	2025-09-10 07:08:17.689656	2025-09-10 07:08:17.689656
58	1525	1521	FK_cnInvAccnt_cn_s_org	f	f	NO_ACTION	NO_ACTION	2025-09-10 07:08:17.689656	2025-09-10 07:08:17.689656
59	1525	1526	FK_cnInvAccnt_cnInvAccntSmpl	f	f	CASCADE	CASCADE	2025-09-10 07:08:17.689656	2025-09-10 07:08:17.689656
60	1526	1508	FK_cnInvAccntSmpl_accnt	f	f	CASCADE	CASCADE	2025-09-10 07:08:17.689656	2025-09-10 07:08:17.689656
61	1526	1522	FK_cnInvAccntSmpl_cn_s_org_smpl	f	f	CASCADE	CASCADE	2025-09-10 07:08:17.689656	2025-09-10 07:08:17.689656
62	1526	1524	FK_cnInvAccntSmpl_cnInv	f	f	CASCADE	CASCADE	2025-09-10 07:08:17.689656	2025-09-10 07:08:17.689656
63	1527	1525	FK_cnInvCmm_cnInvAccnt	f	f	CASCADE	CASCADE	2025-09-10 07:08:17.689656	2025-09-10 07:08:17.689656
64	1527	1536	FK_cnInvCmm_cnInvCmmGr	f	f	CASCADE	CASCADE	2025-09-10 07:08:17.689656	2025-09-10 07:08:17.689656
65	1527	1537	FK_cnInvCmm_cnInvCmmTp	f	f	CASCADE	CASCADE	2025-09-10 07:08:17.689656	2025-09-10 07:08:17.689656
66	1528	1525	FK_cnInvCmmAg_cnInvAccnt	f	f	CASCADE	CASCADE	2025-09-10 07:08:17.689656	2025-09-10 07:08:17.689656
67	1528	1529	FK_cnInvCmmAg_cnInvCmmAgN	f	f	CASCADE	CASCADE	2025-09-10 07:08:17.689656	2025-09-10 07:08:17.689656
68	1528	1614	FK_cnInvCmmAg_ogAg	f	f	NO_ACTION	NO_ACTION	2025-09-10 07:08:17.689656	2025-09-10 07:08:17.689656
69	1530	1525	FK_cnInvCmmCst_cnInvAccnt	f	f	CASCADE	CASCADE	2025-09-10 07:08:17.689656	2025-09-10 07:08:17.689656
70	1530	1531	FK_cnInvCmmCst_cnInvCmmCstN	f	f	CASCADE	CASCADE	2025-09-10 07:08:17.689656	2025-09-10 07:08:17.689656
71	1530	1545	FK_cnInvCmmCst_cstAgPn	f	f	NO_ACTION	NO_ACTION	2025-09-10 07:08:17.689656	2025-09-10 07:08:17.689656
72	1532	1525	FK_cnInvCmmDt_cnInvAccnt	f	f	CASCADE	CASCADE	2025-09-10 07:08:17.689656	2025-09-10 07:08:17.689656
73	1532	1533	FK_cnInvCmmDt_cnInvCmmDtN	f	f	CASCADE	CASCADE	2025-09-10 07:08:17.689656	2025-09-10 07:08:17.689656
74	1532	1536	FK_cnInvCmmDt_cnInvCmmGr	f	f	CASCADE	CASCADE	2025-09-10 07:08:17.689656	2025-09-10 07:08:17.689656
75	1534	1525	FK_cnInvCmmFn_cnInvAccnt	f	f	CASCADE	CASCADE	2025-09-10 07:08:17.689656	2025-09-10 07:08:17.689656
76	1534	1535	FK_cnInvCmmFn_cnInvCmmFnN	f	f	CASCADE	CASCADE	2025-09-10 07:08:17.689656	2025-09-10 07:08:17.689656
77	1534	1536	FK_cnInvCmmFn_cnInvCmmGr	f	f	CASCADE	CASCADE	2025-09-10 07:08:17.689656	2025-09-10 07:08:17.689656
78	1538	1525	FK_cnInvGr_cnInvAccnt	f	f	CASCADE	CASCADE	2025-09-10 07:08:17.689656	2025-09-10 07:08:17.689656
79	1538	1536	FK_cnInvGr_cnInvCmmGr	f	f	CASCADE	CASCADE	2025-09-10 07:08:17.689656	2025-09-10 07:08:17.689656
80	1538	1539	FK_cnInvGr_cnInvGrNm	f	f	CASCADE	CASCADE	2025-09-10 07:08:17.689656	2025-09-10 07:08:17.689656
81	1541	1509	FK_cnNum_cn	f	f	CASCADE	CASCADE	2025-09-10 07:08:17.689656	2025-09-10 07:08:17.689656
82	1541	1542	FK_cnNum_cnNumType	f	f	NO_ACTION	NO_ACTION	2025-09-10 07:08:17.689656	2025-09-10 07:08:17.689656
83	1544	1543	FK_cstAg_cst	f	f	CASCADE	CASCADE	2025-09-10 07:08:17.689656	2025-09-10 07:08:17.689656
84	1544	1614	FK_cstAg_ogAg	f	f	CASCADE	CASCADE	2025-09-10 07:08:17.689656	2025-09-10 07:08:17.689656
85	1545	1544	FK_cstAgPn_cstAg	f	f	CASCADE	CASCADE	2025-09-10 07:08:17.689656	2025-09-10 07:08:17.689656
86	1546	1545	FK_cstAgPnBranch_cstAgPn	f	f	NO_ACTION	NO_ACTION	2025-09-10 07:08:17.689656	2025-09-10 07:08:17.689656
87	1546	1613	FK_cstAgPnBranch_og	f	f	NO_ACTION	NO_ACTION	2025-09-10 07:08:17.689656	2025-09-10 07:08:17.689656
88	1547	1545	FK_cstAgPnMnrl_cstAgPn	f	f	CASCADE	CASCADE	2025-09-10 07:08:17.689656	2025-09-10 07:08:17.689656
89	1570	1564	FK_inv_iKey	f	f	NO_ACTION	NO_ACTION	2025-09-10 07:08:17.689656	2025-09-10 07:08:17.689656
90	1571	1525	FK_invDbtTmpCiaRel_cnInvAccnt	f	f	NO_ACTION	NO_ACTION	2025-09-10 07:08:17.689656	2025-09-10 07:08:17.689656
91	1571	1570	FK_invDbtTmpCiaRel_invDbt	f	f	NO_ACTION	NO_ACTION	2025-09-10 07:08:17.689656	2025-09-10 07:08:17.689656
92	1572	1508	FK_invDbtValue_accnt	f	f	NO_ACTION	NO_ACTION	2025-09-10 07:08:17.689656	2025-09-10 07:08:17.689656
93	1572	1512	FK_invDbtValue_cn_inv_dbt_upl	f	f	NO_ACTION	NO_ACTION	2025-09-10 07:08:17.689656	2025-09-10 07:08:17.689656
94	1572	1570	FK_invDbtValue_invDbt	f	f	NO_ACTION	NO_ACTION	2025-09-10 07:08:17.689656	2025-09-10 07:08:17.689656
95	1572	1573	FK_invDbtValue_invNum	f	f	NO_ACTION	NO_ACTION	2025-09-10 07:08:17.689656	2025-09-10 07:08:17.689656
96	1572	1634	FK_invDbtValue_rgTaxBuirg	f	f	NO_ACTION	NO_ACTION	2025-09-10 07:08:17.689656	2025-09-10 07:08:17.689656
97	1573	1564	FK_invNum_inv	f	f	CASCADE	CASCADE	2025-09-10 07:08:17.689656	2025-09-10 07:08:17.689656
98	1574	1613	FK_ipg_og	f	f	NO_ACTION	NO_ACTION	2025-09-10 07:08:17.689656	2025-09-10 07:08:17.689656
99	1574	1667	FK_ipg_stNet	f	f	NO_ACTION	NO_ACTION	2025-09-10 07:08:17.689656	2025-09-10 07:08:17.689656
100	1574	1673	FK_ipg_yyyy	f	f	NO_ACTION	NO_ACTION	2025-09-10 07:08:17.689656	2025-09-10 07:08:17.689656
101	1576	1574	FK_ipgChRl_ipg	f	f	CASCADE	CASCADE	2025-09-10 07:08:17.689656	2025-09-10 07:08:17.689656
102	1576	1575	FK_ipgChRl_ipgCh	f	f	CASCADE	CASCADE	2025-09-10 07:08:17.689656	2025-09-10 07:08:17.689656
103	1576	1589	FK_ipgChRl_ipgUtPlGr	f	f	NO_ACTION	NO_ACTION	2025-09-10 07:08:17.689656	2025-09-10 07:08:17.689656
104	1578	1577	FK_ipgCostItsNm_ipgCostIts	f	f	CASCADE	CASCADE	2025-09-10 07:08:17.689656	2025-09-10 07:08:17.689656
105	1579	1545	FK_ipgPn_cstAgPn	f	f	CASCADE	CASCADE	2025-09-10 07:08:17.689656	2025-09-10 07:08:17.689656
106	1579	1574	FK_ipgPn_ipg	f	f	CASCADE	CASCADE	2025-09-10 07:08:17.689656	2025-09-10 07:08:17.689656
107	1579	1581	FK_ipgPn_ipgSh	f	f	NO_ACTION	NO_ACTION	2025-09-10 07:08:17.689656	2025-09-10 07:08:17.689656
108	1580	1579	FK_ipgPnLim_ipgPn	f	f	CASCADE	CASCADE	2025-09-10 07:08:17.689656	2025-09-10 07:08:17.689656
109	1580	1662	FK_ipgPnLim_stCost	f	f	CASCADE	CASCADE	2025-09-10 07:08:17.689656	2025-09-10 07:08:17.689656
110	1582	1583	FK_ipgSt_ipgStLm	f	f	NO_ACTION	NO_ACTION	2025-09-10 07:08:17.689656	2025-09-10 07:08:17.689656
111	1584	1579	FK_ipgStPn_ipgPn	f	f	CASCADE	CASCADE	2025-09-10 07:08:17.689656	2025-09-10 07:08:17.689656
112	1584	1665	FK_ipgStPn_stIpg	f	f	CASCADE	CASCADE	2025-09-10 07:08:17.689656	2025-09-10 07:08:17.689656
113	1585	1582	FK_ipgStRl_ipgSt	f	f	CASCADE	CASCADE	2025-09-10 07:08:17.689656	2025-09-10 07:08:17.689656
114	1585	1582	FK_ipgStRl_ipgSt1	f	f	NO_ACTION	NO_ACTION	2025-09-10 07:08:17.689656	2025-09-10 07:08:17.689656
115	1587	1585	FK_ipgStRlShP_ipgStRl	f	f	CASCADE	CASCADE	2025-09-10 07:08:17.689656	2025-09-10 07:08:17.689656
116	1587	1586	FK_ipgStRlShP_ipgStRlSh	f	f	CASCADE	CASCADE	2025-09-10 07:08:17.689656	2025-09-10 07:08:17.689656
117	1588	1574	FK_ipgUtPl_ipg	f	f	NO_ACTION	NO_ACTION	2025-09-10 07:08:17.689656	2025-09-10 07:08:17.689656
118	1588	1614	FK_ipgUtPl_ogAg	f	f	NO_ACTION	NO_ACTION	2025-09-10 07:08:17.689656	2025-09-10 07:08:17.689656
119	1589	1574	FK_ipgUtPlGr_ipg	f	f	CASCADE	CASCADE	2025-09-10 07:08:17.689656	2025-09-10 07:08:17.689656
120	1590	1588	FK_ipgUtPlGrP_ipgUtPl	f	f	CASCADE	CASCADE	2025-09-10 07:08:17.689656	2025-09-10 07:08:17.689656
121	1590	1589	FK_ipgUtPlGrP_ipgUtPlGr	f	f	CASCADE	CASCADE	2025-09-10 07:08:17.689656	2025-09-10 07:08:17.689656
122	1591	1579	FK_ipgUtPlP_ipgPn	f	f	NO_ACTION	NO_ACTION	2025-09-10 07:08:17.689656	2025-09-10 07:08:17.689656
123	1591	1588	FK_ipgUtPlP_ipgUtPl	f	f	NO_ACTION	NO_ACTION	2025-09-10 07:08:17.689656	2025-09-10 07:08:17.689656
124	1591	1613	FK_ipgUtPlP_og	f	f	NO_ACTION	NO_ACTION	2025-09-10 07:08:17.689656	2025-09-10 07:08:17.689656
125	1592	1577	FK_ipgUtPlPnCostIts_ipgCostIts	f	f	NO_ACTION	NO_ACTION	2025-09-10 07:08:17.689656	2025-09-10 07:08:17.689656
126	1592	1591	FK_ipgUtPlPnCostIts_ipgUtPlP	f	f	CASCADE	CASCADE	2025-09-10 07:08:17.689656	2025-09-10 07:08:17.689656
127	1593	1591	FK_ipgUtPlPnLmMn_ipgUtPlP	f	f	CASCADE	CASCADE	2025-09-10 07:08:17.689656	2025-09-10 07:08:17.689656
128	1593	1612	FK_ipgUtPlPnLmMn_mmmm	f	f	NO_ACTION	NO_ACTION	2025-09-10 07:08:17.689656	2025-09-10 07:08:17.689656
129	1593	1662	FK_ipgUtPlPnLmMn_stCost	f	f	CASCADE	CASCADE	2025-09-10 07:08:17.689656	2025-09-10 07:08:17.689656
130	1594	1591	FK_ipgUtPlPnLmQu_ipgUtPlP	f	f	CASCADE	CASCADE	2025-09-10 07:08:17.689656	2025-09-10 07:08:17.689656
131	1594	1622	FK_ipgUtPlPnLmQu_qqqq	f	f	NO_ACTION	NO_ACTION	2025-09-10 07:08:17.689656	2025-09-10 07:08:17.689656
132	1594	1662	FK_ipgUtPlPnLmQu_stCost	f	f	CASCADE	CASCADE	2025-09-10 07:08:17.689656	2025-09-10 07:08:17.689656
133	1595	1591	FK_ipgUtPlPnLmYe_ipgUtPlP	f	f	CASCADE	CASCADE	2025-09-10 07:08:17.689656	2025-09-10 07:08:17.689656
134	1595	1662	FK_ipgUtPlPnLmYe_stCost	f	f	CASCADE	CASCADE	2025-09-10 07:08:17.689656	2025-09-10 07:08:17.689656
135	1597	1596	FK_JuUnDocChng_JuUnDoc	f	f	NO_ACTION	NO_ACTION	2025-09-10 07:08:17.689656	2025-09-10 07:08:17.689656
136	1597	1600	FK_JuUnDocChng_JuUnDocChngType	f	f	NO_ACTION	NO_ACTION	2025-09-10 07:08:17.689656	2025-09-10 07:08:17.689656
137	1599	1597	FK_JuUnDocChngGrRel_JuUnDocChng	f	f	NO_ACTION	NO_ACTION	2025-09-10 07:08:17.689656	2025-09-10 07:08:17.689656
138	1599	1598	FK_JuUnDocChngGrRel_JuUnDocChngGr	f	f	NO_ACTION	NO_ACTION	2025-09-10 07:08:17.689656	2025-09-10 07:08:17.689656
139	1602	1596	FK_JuUnDocPrmr_JuUnDoc	f	f	NO_ACTION	NO_ACTION	2025-09-10 07:08:17.689656	2025-09-10 07:08:17.689656
140	1602	1605	FK_JuUnDocPrmr_JuUnDocPrmrType	f	f	NO_ACTION	NO_ACTION	2025-09-10 07:08:17.689656	2025-09-10 07:08:17.689656
141	1604	1602	FK_JuUnDocPrmrGrRel_JuUnDocPrmr	f	f	NO_ACTION	NO_ACTION	2025-09-10 07:08:17.689656	2025-09-10 07:08:17.689656
142	1604	1603	FK_JuUnDocPrmrGrRel_JuUnDocPrmrGr	f	f	NO_ACTION	NO_ACTION	2025-09-10 07:08:17.689656	2025-09-10 07:08:17.689656
143	1606	1596	FK_JuUnDocReg_JuUnDoc	f	f	NO_ACTION	NO_ACTION	2025-09-10 07:08:17.689656	2025-09-10 07:08:17.689656
144	1607	1606	FK_JuUnDocRegLink_JuUnDocReg	f	f	NO_ACTION	NO_ACTION	2025-09-10 07:08:17.689656	2025-09-10 07:08:17.689656
145	1608	1596	FK_JuUnDocRelChng_JuUnDoc	f	f	NO_ACTION	NO_ACTION	2025-09-10 07:08:17.689656	2025-09-10 07:08:17.689656
146	1608	1597	FK_JuUnDocRelChng_JuUnDocChng	f	f	NO_ACTION	NO_ACTION	2025-09-10 07:08:17.689656	2025-09-10 07:08:17.689656
147	1609	1596	FK_JuUnDocSide_JuUnDoc	f	f	NO_ACTION	NO_ACTION	2025-09-10 07:08:17.689656	2025-09-10 07:08:17.689656
148	1609	1610	FK_JuUnDocSide_JuUnDocSideOrg	f	f	NO_ACTION	NO_ACTION	2025-09-10 07:08:17.689656	2025-09-10 07:08:17.689656
149	1609	1611	FK_JuUnDocSide_JuUnDocSideType	f	f	NO_ACTION	NO_ACTION	2025-09-10 07:08:17.689656	2025-09-10 07:08:17.689656
150	1614	1613	FK_ogAg_og	f	f	CASCADE	CASCADE	2025-09-10 07:08:17.689656	2025-09-10 07:08:17.689656
151	1615	1612	FK_ogAgFee_mmmm	f	f	NO_ACTION	NO_ACTION	2025-09-10 07:08:17.689656	2025-09-10 07:08:17.689656
152	1615	1614	FK_ogAgFee_ogAg	f	f	CASCADE	CASCADE	2025-09-10 07:08:17.689656	2025-09-10 07:08:17.689656
153	1615	1673	FK_ogAgFee_yyyy	f	f	NO_ACTION	NO_ACTION	2025-09-10 07:08:17.689656	2025-09-10 07:08:17.689656
154	1616	1545	FK_ogAgFeeP_cstAgPn	f	f	NO_ACTION	NO_ACTION	2025-09-10 07:08:17.689656	2025-09-10 07:08:17.689656
155	1616	1615	FK_ogAgFeeP_ogAgFee	f	f	CASCADE	CASCADE	2025-09-10 07:08:17.689656	2025-09-10 07:08:17.689656
156	1618	1613	FK_ogNmF_og	f	f	CASCADE	CASCADE	2025-09-10 07:08:17.689656	2025-09-10 07:08:17.689656
157	1620	1613	FK_org_id_og	f	f	CASCADE	CASCADE	2025-09-10 07:08:17.689656	2025-09-10 07:08:17.689656
158	1620	1621	FK_org_id_org_id_type	f	f	CASCADE	CASCADE	2025-09-10 07:08:17.689656	2025-09-10 07:08:17.689656
159	1623	1545	FK_ra_cstAgPn	f	f	CASCADE	CASCADE	2025-09-10 07:08:17.689656	2025-09-10 07:08:17.689656
160	1623	1627	FK_ra_ra_period	f	f	CASCADE	CASCADE	2025-09-10 07:08:17.689656	2025-09-10 07:08:17.689656
161	1624	1623	FK_ra_change_ra	f	f	CASCADE	CASCADE	2025-09-10 07:08:17.689656	2025-09-10 07:08:17.689656
162	1625	1624	FK_ra_change_summ_ra_change	f	f	CASCADE	CASCADE	2025-09-10 07:08:17.689656	2025-09-10 07:08:17.689656
163	1626	1625	FK_ra_change_summCt_ra_change_summ	f	f	CASCADE	CASCADE	2025-09-10 07:08:17.689656	2025-09-10 07:08:17.689656
164	1626	1662	FK_ra_change_summCt_stCost	f	f	CASCADE	CASCADE	2025-09-10 07:08:17.689656	2025-09-10 07:08:17.689656
165	1627	1612	FK_ra_period_mmmm	f	f	NO_ACTION	NO_ACTION	2025-09-10 07:08:17.689656	2025-09-10 07:08:17.689656
166	1627	1673	FK_ra_period_yyyy	f	f	NO_ACTION	NO_ACTION	2025-09-10 07:08:17.689656	2025-09-10 07:08:17.689656
167	1628	1623	FK_ra_summ_ra	f	f	CASCADE	CASCADE	2025-09-10 07:08:17.689656	2025-09-10 07:08:17.689656
168	1629	1628	FK_ra_summCt_ra_summ	f	f	CASCADE	CASCADE	2025-09-10 07:08:17.689656	2025-09-10 07:08:17.689656
169	1629	1662	FK_ra_summCt_stCost	f	f	CASCADE	CASCADE	2025-09-10 07:08:17.689656	2025-09-10 07:08:17.689656
170	1632	1545	FK_ralpRa_cstAgPn	f	f	NO_ACTION	NO_ACTION	2025-09-10 07:08:17.689656	2025-09-10 07:08:17.689656
171	1632	1613	FK_ralpRa_og	f	f	NO_ACTION	NO_ACTION	2025-09-10 07:08:17.689656	2025-09-10 07:08:17.689656
172	1633	1632	FK_ralpRaAu_ralpRa	f	f	CASCADE	CASCADE	2025-09-10 07:08:17.689656	2025-09-10 07:08:17.689656
173	1635	1637	FK_rgTaxIdNumInd_rgTaxInd	f	f	NO_ACTION	NO_ACTION	2025-09-10 07:08:17.689656	2025-09-10 07:08:17.689656
174	1635	1644	FK_rgTaxIdNumInd_rgTaxOffice	f	f	NO_ACTION	NO_ACTION	2025-09-10 07:08:17.689656	2025-09-10 07:08:17.689656
175	1636	1634	FK_rgTaxIdNumJurPers_rgTaxBuirg	f	f	NO_ACTION	NO_ACTION	2025-09-10 07:08:17.689656	2025-09-10 07:08:17.689656
176	1636	1640	FK_rgTaxIdNumJurPers_rgTaxMnStRegNum	f	f	NO_ACTION	NO_ACTION	2025-09-10 07:08:17.689656	2025-09-10 07:08:17.689656
177	1636	1644	FK_rgTaxIdNumJurPers_rgTaxOffice	f	f	NO_ACTION	NO_ACTION	2025-09-10 07:08:17.689656	2025-09-10 07:08:17.689656
178	1640	1613	FK_rgTaxMnStRegNum_og	f	f	NO_ACTION	NO_ACTION	2025-09-10 07:08:17.689656	2025-09-10 07:08:17.689656
179	1640	1638	FK_rgTaxMnStRegNum_rgTaxLgEntFrmMtd	f	f	NO_ACTION	NO_ACTION	2025-09-10 07:08:17.689656	2025-09-10 07:08:17.689656
180	1640	1639	FK_rgTaxMnStRegNum_rgTaxLgEntTrmMtd	f	f	NO_ACTION	NO_ACTION	2025-09-10 07:08:17.689656	2025-09-10 07:08:17.689656
181	1640	1647	FK_rgTaxMnStRegNum_rgTaxRegion	f	f	NO_ACTION	NO_ACTION	2025-09-10 07:08:17.689656	2025-09-10 07:08:17.689656
182	1641	1634	FK_rgTaxMnStRegNumInd_rgTaxBuirg	f	f	NO_ACTION	NO_ACTION	2025-09-10 07:08:17.689656	2025-09-10 07:08:17.689656
183	1641	1635	FK_rgTaxMnStRegNumInd_rgTaxIdNumInd	f	f	NO_ACTION	NO_ACTION	2025-09-10 07:08:17.689656	2025-09-10 07:08:17.689656
184	1641	1647	FK_rgTaxMnStRegNumInd_rgTaxRegion	f	f	NO_ACTION	NO_ACTION	2025-09-10 07:08:17.689656	2025-09-10 07:08:17.689656
185	1642	1640	FK_rgTaxName_rgTaxMnStRegNum	f	f	NO_ACTION	NO_ACTION	2025-09-10 07:08:17.689656	2025-09-10 07:08:17.689656
186	1643	1640	FK_rgTaxNameShort_rgTaxMnStRegNum	f	f	NO_ACTION	NO_ACTION	2025-09-10 07:08:17.689656	2025-09-10 07:08:17.689656
187	1644	1647	FK_rgTaxOffice_rgTaxRegion	f	f	NO_ACTION	NO_ACTION	2025-09-10 07:08:17.689656	2025-09-10 07:08:17.689656
188	1646	1636	FK_rgTaxReasonCode_rgTaxIdNumJurPers	f	f	NO_ACTION	NO_ACTION	2025-09-10 07:08:17.689656	2025-09-10 07:08:17.689656
189	1646	1644	FK_rgTaxReasonCode_rgTaxOffice	f	f	NO_ACTION	NO_ACTION	2025-09-10 07:08:17.689656	2025-09-10 07:08:17.689656
190	1646	1645	FK_rgTaxReasonCode_rgTaxReason	f	f	NO_ACTION	NO_ACTION	2025-09-10 07:08:17.689656	2025-09-10 07:08:17.689656
191	1648	1640	FK_rgTaxReorAcqui_rgTaxMnStRegNum	f	f	NO_ACTION	NO_ACTION	2025-09-10 07:08:17.689656	2025-09-10 07:08:17.689656
192	1648	1640	FK_rgTaxReorAcqui_rgTaxMnStRegNum1	f	f	NO_ACTION	NO_ACTION	2025-09-10 07:08:17.689656	2025-09-10 07:08:17.689656
193	1649	1640	FK_rgTaxReorDivis_rgTaxMnStRegNum	f	f	NO_ACTION	NO_ACTION	2025-09-10 07:08:17.689656	2025-09-10 07:08:17.689656
194	1649	1640	FK_rgTaxReorDivis_rgTaxMnStRegNum1	f	f	NO_ACTION	NO_ACTION	2025-09-10 07:08:17.689656	2025-09-10 07:08:17.689656
195	1650	1640	FK_rgTaxReorDivisAcqu_rgTaxMnStRegNum	f	f	NO_ACTION	NO_ACTION	2025-09-10 07:08:17.689656	2025-09-10 07:08:17.689656
196	1650	1640	FK_rgTaxReorDivisAcqu_rgTaxMnStRegNum1	f	f	NO_ACTION	NO_ACTION	2025-09-10 07:08:17.689656	2025-09-10 07:08:17.689656
197	1650	1640	FK_rgTaxReorDivisAcqu_rgTaxMnStRegNum2	f	f	NO_ACTION	NO_ACTION	2025-09-10 07:08:17.689656	2025-09-10 07:08:17.689656
198	1651	1640	FK_rgTaxReorDivisMerg_rgTaxMnStRegNum	f	f	NO_ACTION	NO_ACTION	2025-09-10 07:08:17.689656	2025-09-10 07:08:17.689656
199	1651	1640	FK_rgTaxReorDivisMerg_rgTaxMnStRegNum1	f	f	NO_ACTION	NO_ACTION	2025-09-10 07:08:17.689656	2025-09-10 07:08:17.689656
200	1651	1640	FK_rgTaxReorDivisMerg_rgTaxMnStRegNum2	f	f	NO_ACTION	NO_ACTION	2025-09-10 07:08:17.689656	2025-09-10 07:08:17.689656
201	1652	1640	FK_rgTaxReorMerge_rgTaxMnStRegNum	f	f	NO_ACTION	NO_ACTION	2025-09-10 07:08:17.689656	2025-09-10 07:08:17.689656
202	1652	1640	FK_rgTaxReorMerge_rgTaxMnStRegNum1	f	f	NO_ACTION	NO_ACTION	2025-09-10 07:08:17.689656	2025-09-10 07:08:17.689656
203	1653	1640	FK_rgTaxReorSepar_rgTaxMnStRegNum	f	f	NO_ACTION	NO_ACTION	2025-09-10 07:08:17.689656	2025-09-10 07:08:17.689656
204	1653	1640	FK_rgTaxReorSepar_rgTaxMnStRegNum1	f	f	NO_ACTION	NO_ACTION	2025-09-10 07:08:17.689656	2025-09-10 07:08:17.689656
205	1654	1640	FK_rgTaxReorSeparAcqu_rgTaxMnStRegNum	f	f	NO_ACTION	NO_ACTION	2025-09-10 07:08:17.689656	2025-09-10 07:08:17.689656
206	1654	1640	FK_rgTaxReorSeparAcqu_rgTaxMnStRegNum1	f	f	NO_ACTION	NO_ACTION	2025-09-10 07:08:17.689656	2025-09-10 07:08:17.689656
207	1654	1640	FK_rgTaxReorSeparAcqu_rgTaxMnStRegNum2	f	f	NO_ACTION	NO_ACTION	2025-09-10 07:08:17.689656	2025-09-10 07:08:17.689656
208	1655	1640	FK_rgTaxReorSeparMerg_rgTaxMnStRegNum	f	f	NO_ACTION	NO_ACTION	2025-09-10 07:08:17.689656	2025-09-10 07:08:17.689656
209	1655	1640	FK_rgTaxReorSeparMerg_rgTaxMnStRegNum1	f	f	NO_ACTION	NO_ACTION	2025-09-10 07:08:17.689656	2025-09-10 07:08:17.689656
210	1655	1640	FK_rgTaxReorSeparMerg_rgTaxMnStRegNum2	f	f	NO_ACTION	NO_ACTION	2025-09-10 07:08:17.689656	2025-09-10 07:08:17.689656
211	1656	1640	FK_rgTaxReorTrans_rgTaxMnStRegNum	f	f	NO_ACTION	NO_ACTION	2025-09-10 07:08:17.689656	2025-09-10 07:08:17.689656
212	1656	1640	FK_rgTaxReorTrans_rgTaxMnStRegNum1	f	f	NO_ACTION	NO_ACTION	2025-09-10 07:08:17.689656	2025-09-10 07:08:17.689656
213	1657	1613	FK_rgTaxSubDivs_og	f	f	NO_ACTION	NO_ACTION	2025-09-10 07:08:17.689656	2025-09-10 07:08:17.689656
214	1657	1640	FK_rgTaxSubDivs_rgTaxMnStRegNum	f	f	NO_ACTION	NO_ACTION	2025-09-10 07:08:17.689656	2025-09-10 07:08:17.689656
215	1658	1634	FK_rgTaxBuirg	f	f	NO_ACTION	NO_ACTION	2025-09-10 07:08:17.689656	2025-09-10 07:08:17.689656
216	1658	1657	FK_rgTaxSubDivsBuirg_rgTaxSubDivs	f	f	NO_ACTION	NO_ACTION	2025-09-10 07:08:17.689656	2025-09-10 07:08:17.689656
217	1659	1657	FK_SubDivsName_SubDivs	f	f	NO_ACTION	NO_ACTION	2025-09-10 07:08:17.689656	2025-09-10 07:08:17.689656
218	1660	1644	FK_rgTaxSubDivsReas_rgTaxOffice	f	f	NO_ACTION	NO_ACTION	2025-09-10 07:08:17.689656	2025-09-10 07:08:17.689656
219	1660	1645	FK_rgTaxSubDivsReas_rgTaxReason	f	f	NO_ACTION	NO_ACTION	2025-09-10 07:08:17.689656	2025-09-10 07:08:17.689656
220	1660	1657	FK_rgTaxSubDivsReas_rgTaxSubDivs	f	f	NO_ACTION	NO_ACTION	2025-09-10 07:08:17.689656	2025-09-10 07:08:17.689656
221	1661	1670	FK__st__stType__680F1337	f	f	NO_ACTION	NO_ACTION	2025-09-10 07:08:17.689656	2025-09-10 07:08:17.689656
222	1662	1661	FK_St_cost	f	f	NO_ACTION	NO_ACTION	2025-09-10 07:08:17.689656	2025-09-10 07:08:17.689656
223	1663	1662	FK__stCostNm__stcnCo__087BE2C9	f	f	CASCADE	CASCADE	2025-09-10 07:08:17.689656	2025-09-10 07:08:17.689656
224	1665	1664	FK__stIpg__sti__7C160BE4	f	f	NO_ACTION	NO_ACTION	2025-09-10 07:08:17.689656	2025-09-10 07:08:17.689656
225	1665	1661	FK_St_ipg	f	f	NO_ACTION	NO_ACTION	2025-09-10 07:08:17.689656	2025-09-10 07:08:17.689656
226	1666	1665	FK__stIpgNm__stinIpg__00DAC101	f	f	CASCADE	CASCADE	2025-09-10 07:08:17.689656	2025-09-10 07:08:17.689656
227	1667	1670	FK_stNet_stType	f	f	NO_ACTION	NO_ACTION	2025-09-10 07:08:17.689656	2025-09-10 07:08:17.689656
228	1668	1667	FK_stNetPn_stNet	f	f	CASCADE	CASCADE	2025-09-10 07:08:17.689656	2025-09-10 07:08:17.689656
229	1668	1669	FK_stNetPn_stRel	f	f	CASCADE	CASCADE	2025-09-10 07:08:17.689656	2025-09-10 07:08:17.689656
230	1669	1661	FK_stRel_st	f	f	NO_ACTION	NO_ACTION	2025-09-10 07:08:17.689656	2025-09-10 07:08:17.689656
231	1669	1661	FK_stRel_st1	f	f	NO_ACTION	NO_ACTION	2025-09-10 07:08:17.689656	2025-09-10 07:08:17.689656
232	1671	1512	FK_yr_cn_inv_dbt_upl	f	f	CASCADE	CASCADE	2025-09-10 07:08:17.689656	2025-09-10 07:08:17.689656
233	1671	1536	FK_yr_cnInvCmmGr	f	f	NO_ACTION	NO_ACTION	2025-09-10 07:08:17.689656	2025-09-10 07:08:17.689656
234	1671	1673	FK_yr_yyyy	f	f	NO_ACTION	NO_ACTION	2025-09-10 07:08:17.689656	2025-09-10 07:08:17.689656
235	1672	1512	FK_yr_upl_p_cn_inv_dbt_upl	f	f	NO_ACTION	NO_ACTION	2025-09-10 07:08:17.689656	2025-09-10 07:08:17.689656
236	1672	1671	FK_yr_upl_p_yr	f	f	CASCADE	CASCADE	2025-09-10 07:08:17.689656	2025-09-10 07:08:17.689656
\.


--
-- Data for Name: mssql_functions; Type: TABLE DATA; Schema: mcl; Owner: postgres
--

COPY mcl.mssql_functions (id, task_id, object_name, object_type, schema_name, migration_status, migration_date, error_message, create_date, modify_date, object_id, created_at, updated_at, object_type_description, object_description, function_definition, return_type, parameter_count, is_deterministic, function_type, postgres_function_name, postgres_function_definition, migration_duration) FROM stdin;
\.


--
-- Data for Name: mssql_identity_columns; Type: TABLE DATA; Schema: mcl; Owner: postgres
--

COPY mcl.mssql_identity_columns (id, table_id, column_id, seed_value, increment_value, current_value, is_not_for_replication, created_at, updated_at) FROM stdin;
23	1581	4	1	1	3	f	2025-09-10 19:07:16.452953	2025-09-10 19:07:16.452953
24	1510	15	1	1	2056	f	2025-09-10 19:07:16.452953	2025-09-10 19:07:16.452953
25	1593	24	1	1	21367	f	2025-09-10 19:07:16.452953	2025-09-10 19:07:16.452953
26	1511	27	1	1	61514	f	2025-09-10 19:07:16.452953	2025-09-10 19:07:16.452953
27	1512	40	1	1	28	f	2025-09-10 19:07:16.452953	2025-09-10 19:07:16.452953
28	1513	45	1	1	47	f	2025-09-10 19:07:16.452953	2025-09-10 19:07:16.452953
29	1514	48	1	1	229794	f	2025-09-10 19:07:16.452953	2025-09-10 19:07:16.452953
30	1515	55	1	1	492893	f	2025-09-10 19:07:16.452953	2025-09-10 19:07:16.452953
31	1517	90	1	1	2772	f	2025-09-10 19:07:16.452953	2025-09-10 19:07:16.452953
32	1516	87	1	1	46	f	2025-09-10 19:07:16.452953	2025-09-10 19:07:16.452953
33	1521	98	1	1	3074	f	2025-09-10 19:07:16.452953	2025-09-10 19:07:16.452953
34	1523	151	1	1	2	f	2025-09-10 19:07:16.452953	2025-09-10 19:07:16.452953
35	1524	153	1	1	93722	f	2025-09-10 19:07:16.452953	2025-09-10 19:07:16.452953
36	1518	104	1	1	3448	f	2025-09-10 19:07:16.452953	2025-09-10 19:07:16.452953
37	1519	138	1	1	4	f	2025-09-10 19:07:16.452953	2025-09-10 19:07:16.452953
38	1520	142	1	1	3279	f	2025-09-10 19:07:16.452953	2025-09-10 19:07:16.452953
39	1522	147	1	1	3335	f	2025-09-10 19:07:16.452953	2025-09-10 19:07:16.452953
40	1525	159	1	1	19123	f	2025-09-10 19:07:16.452953	2025-09-10 19:07:16.452953
41	1526	166	1	1	100534	f	2025-09-10 19:07:16.452953	2025-09-10 19:07:16.452953
42	1527	172	1	1	12203	f	2025-09-10 19:07:16.452953	2025-09-10 19:07:16.452953
43	1528	178	1	1	1281	f	2025-09-10 19:07:16.452953	2025-09-10 19:07:16.452953
44	1529	183	1	1	2	f	2025-09-10 19:07:16.452953	2025-09-10 19:07:16.452953
45	1530	185	1	1	5996	f	2025-09-10 19:07:16.452953	2025-09-10 19:07:16.452953
46	1531	190	1	1	2	f	2025-09-10 19:07:16.452953	2025-09-10 19:07:16.452953
47	1532	192	1	1	151	f	2025-09-10 19:07:16.452953	2025-09-10 19:07:16.452953
48	1533	198	1	1	1	f	2025-09-10 19:07:16.452953	2025-09-10 19:07:16.452953
49	1534	200	1	1	1125	f	2025-09-10 19:07:16.452953	2025-09-10 19:07:16.452953
50	1535	206	1	1	5	f	2025-09-10 19:07:16.452953	2025-09-10 19:07:16.452953
51	1536	208	1	1	38	f	2025-09-10 19:07:16.452953	2025-09-10 19:07:16.452953
52	1537	212	1	1	10	f	2025-09-10 19:07:16.452953	2025-09-10 19:07:16.452953
53	1538	214	1	1	755	f	2025-09-10 19:07:16.452953	2025-09-10 19:07:16.452953
54	1539	219	1	1	11	f	2025-09-10 19:07:16.452953	2025-09-10 19:07:16.452953
55	1540	221	1	1	2028	f	2025-09-10 19:07:16.452953	2025-09-10 19:07:16.452953
56	1541	224	1	1	2395	f	2025-09-10 19:07:16.452953	2025-09-10 19:07:16.452953
57	1542	231	1	1	3	f	2025-09-10 19:07:16.452953	2025-09-10 19:07:16.452953
58	1543	233	1	1	5146	f	2025-09-10 19:07:16.452953	2025-09-10 19:07:16.452953
59	1544	238	1	1	3169	f	2025-09-10 19:07:16.452953	2025-09-10 19:07:16.452953
60	1545	243	1	1	4402	f	2025-09-10 19:07:16.452953	2025-09-10 19:07:16.452953
61	1546	254	1	1	1017	f	2025-09-10 19:07:16.452953	2025-09-10 19:07:16.452953
62	1547	259	1	1	1243	f	2025-09-10 19:07:16.452953	2025-09-10 19:07:16.452953
63	1549	271	1	1	3	f	2025-09-10 19:07:16.452953	2025-09-10 19:07:16.452953
64	1564	355	1	1	90870	f	2025-09-10 19:07:16.452953	2025-09-10 19:07:16.452953
65	1573	401	1	1	90879	f	2025-09-10 19:07:16.452953	2025-09-10 19:07:16.452953
66	1574	406	1	1	26	f	2025-09-10 19:07:16.452953	2025-09-10 19:07:16.452953
67	1575	415	1	1	15	f	2025-09-10 19:07:16.452953	2025-09-10 19:07:16.452953
68	1576	420	1	1	34	f	2025-09-10 19:07:16.452953	2025-09-10 19:07:16.452953
69	1577	424	1	1	62	f	2025-09-10 19:07:16.452953	2025-09-10 19:07:16.452953
70	1578	426	1	1	64	f	2025-09-10 19:07:16.452953	2025-09-10 19:07:16.452953
71	1579	429	1	1	12389	f	2025-09-10 19:07:16.452953	2025-09-10 19:07:16.452953
72	1580	443	1	1	14635	f	2025-09-10 19:07:16.452953	2025-09-10 19:07:16.452953
73	1582	448	1	1	75	f	2025-09-10 19:07:16.452953	2025-09-10 19:07:16.452953
74	1583	451	1	1	3	f	2025-09-10 19:07:16.452953	2025-09-10 19:07:16.452953
75	1584	453	1	1	8721	f	2025-09-10 19:07:16.452953	2025-09-10 19:07:16.452953
76	1585	456	1	1	89	f	2025-09-10 19:07:16.452953	2025-09-10 19:07:16.452953
77	1586	459	1	1	2	f	2025-09-10 19:07:16.452953	2025-09-10 19:07:16.452953
78	1587	462	1	1	130	f	2025-09-10 19:07:16.452953	2025-09-10 19:07:16.452953
79	1588	466	1	1	200	f	2025-09-10 19:07:16.452953	2025-09-10 19:07:16.452953
80	1589	471	1	1	17	f	2025-09-10 19:07:16.452953	2025-09-10 19:07:16.452953
81	1590	474	1	1	205	f	2025-09-10 19:07:16.452953	2025-09-10 19:07:16.452953
82	1591	477	1	1	9900	f	2025-09-10 19:07:16.452953	2025-09-10 19:07:16.452953
83	1592	508	1	1	\N	f	2025-09-10 19:07:16.452953	2025-09-10 19:07:16.452953
84	1594	547	1	1	1709	f	2025-09-10 19:07:16.452953	2025-09-10 19:07:16.452953
85	1595	552	1	1	2457	f	2025-09-10 19:07:16.452953	2025-09-10 19:07:16.452953
86	1596	556	1	1	32711	f	2025-09-10 19:07:16.452953	2025-09-10 19:07:16.452953
87	1598	566	1	1	\N	f	2025-09-10 19:07:16.452953	2025-09-10 19:07:16.452953
88	1599	568	1	1	\N	f	2025-09-10 19:07:16.452953	2025-09-10 19:07:16.452953
89	1600	571	1	1	4	f	2025-09-10 19:07:16.452953	2025-09-10 19:07:16.452953
90	1601	584	1	1	31107	f	2025-09-10 19:07:16.452953	2025-09-10 19:07:16.452953
91	1603	599	1	1	118	f	2025-09-10 19:07:16.452953	2025-09-10 19:07:16.452953
92	1604	601	1	1	\N	f	2025-09-10 19:07:16.452953	2025-09-10 19:07:16.452953
93	1605	604	1	1	9	f	2025-09-10 19:07:16.452953	2025-09-10 19:07:16.452953
94	1606	606	1	1	31107	f	2025-09-10 19:07:16.452953	2025-09-10 19:07:16.452953
95	1607	614	1	1	30558	f	2025-09-10 19:07:16.452953	2025-09-10 19:07:16.452953
96	1608	617	1	1	23846	f	2025-09-10 19:07:16.452953	2025-09-10 19:07:16.452953
97	1609	621	1	1	\N	f	2025-09-10 19:07:16.452953	2025-09-10 19:07:16.452953
98	1610	625	1	1	\N	f	2025-09-10 19:07:16.452953	2025-09-10 19:07:16.452953
99	1611	627	1	1	\N	f	2025-09-10 19:07:16.452953	2025-09-10 19:07:16.452953
100	1612	629	1	1	12	f	2025-09-10 19:07:16.452953	2025-09-10 19:07:16.452953
101	1613	635	1	1	578	f	2025-09-10 19:07:16.452953	2025-09-10 19:07:16.452953
102	1614	645	1	1	66	f	2025-09-10 19:07:16.452953	2025-09-10 19:07:16.452953
103	1615	649	1	1	2451	f	2025-09-10 19:07:16.452953	2025-09-10 19:07:16.452953
104	1618	653	1	1	108	f	2025-09-10 19:07:16.452953	2025-09-10 19:07:16.452953
105	1616	666	1	1	99802	f	2025-09-10 19:07:16.452953	2025-09-10 19:07:16.452953
106	1620	707	1	1	640	f	2025-09-10 19:07:16.452953	2025-09-10 19:07:16.452953
107	1621	713	1	1	2	f	2025-09-10 19:07:16.452953	2025-09-10 19:07:16.452953
108	1622	715	1	1	4	f	2025-09-10 19:07:16.452953	2025-09-10 19:07:16.452953
109	1623	718	1	1	51537	f	2025-09-10 19:07:16.452953	2025-09-10 19:07:16.452953
110	1624	738	1	1	3429	f	2025-09-10 19:07:16.452953	2025-09-10 19:07:16.452953
111	1625	758	1	1	2409	f	2025-09-10 19:07:16.452953	2025-09-10 19:07:16.452953
112	1626	765	1	1	838	f	2025-09-10 19:07:16.452953	2025-09-10 19:07:16.452953
113	1627	769	1	1	209	f	2025-09-10 19:07:16.452953	2025-09-10 19:07:16.452953
114	1628	774	1	1	37711	f	2025-09-10 19:07:16.452953	2025-09-10 19:07:16.452953
115	1629	781	1	1	19944	f	2025-09-10 19:07:16.452953	2025-09-10 19:07:16.452953
116	1631	786	1	1	2117	f	2025-09-10 19:07:16.452953	2025-09-10 19:07:16.452953
117	1632	803	1	1	14135	f	2025-09-10 19:07:16.452953	2025-09-10 19:07:16.452953
118	1633	810	1	1	16073	f	2025-09-10 19:07:16.452953	2025-09-10 19:07:16.452953
119	1637	835	1	1	6	f	2025-09-10 19:07:16.452953	2025-09-10 19:07:16.452953
120	1641	860	1	1	5	f	2025-09-10 19:07:16.452953	2025-09-10 19:07:16.452953
121	1661	901	1	1	254	f	2025-09-10 19:07:16.452953	2025-09-10 19:07:16.452953
122	1657	936	1	1	43	f	2025-09-10 19:07:16.452953	2025-09-10 19:07:16.452953
123	1658	943	1	1	29	f	2025-09-10 19:07:16.452953	2025-09-10 19:07:16.452953
124	1659	947	1	1	32	f	2025-09-10 19:07:16.452953	2025-09-10 19:07:16.452953
125	1663	964	1	1	165	f	2025-09-10 19:07:16.452953	2025-09-10 19:07:16.452953
126	1666	976	1	1	97	f	2025-09-10 19:07:16.452953	2025-09-10 19:07:16.452953
127	1667	981	1	1	3	f	2025-09-10 19:07:16.452953	2025-09-10 19:07:16.452953
128	1668	985	1	1	219	f	2025-09-10 19:07:16.452953	2025-09-10 19:07:16.452953
129	1669	989	1	1	173	f	2025-09-10 19:07:16.452953	2025-09-10 19:07:16.452953
130	1671	994	1	1	8	f	2025-09-10 19:07:16.452953	2025-09-10 19:07:16.452953
131	1672	1000	1	1	29	f	2025-09-10 19:07:16.452953	2025-09-10 19:07:16.452953
132	1673	1003	1	1	27	f	2025-09-10 19:07:16.452953	2025-09-10 19:07:16.452953
\.


--
-- Data for Name: mssql_index_columns; Type: TABLE DATA; Schema: mcl; Owner: postgres
--

COPY mcl.mssql_index_columns (id, index_id, column_id, ordinal_position, is_descending, is_included_column, created_at, updated_at) FROM stdin;
3	1	5	1	f	f	2025-09-10 08:36:10.913482	2025-09-10 08:36:10.913482
4	2	8	1	f	f	2025-09-10 08:36:25.857891	2025-09-10 08:36:25.857891
5	3	15	1	f	f	2025-09-10 08:36:25.857891	2025-09-10 08:36:25.857891
6	4	27	1	f	f	2025-09-10 08:36:25.857891	2025-09-10 08:36:25.857891
7	6	40	1	f	f	2025-09-10 08:36:25.857891	2025-09-10 08:36:25.857891
8	8	48	1	f	f	2025-09-10 08:36:25.857891	2025-09-10 08:36:25.857891
9	9	55	1	f	f	2025-09-10 08:36:25.857891	2025-09-10 08:36:25.857891
10	12	90	1	f	f	2025-09-10 08:36:25.857891	2025-09-10 08:36:25.857891
11	10	87	1	f	f	2025-09-10 08:36:25.857891	2025-09-10 08:36:25.857891
12	13	104	1	f	f	2025-09-10 08:36:25.857891	2025-09-10 08:36:25.857891
13	15	138	1	f	f	2025-09-10 08:36:25.857891	2025-09-10 08:36:25.857891
14	11	91	4	f	f	2025-09-10 08:36:50.978508	2025-09-10 08:36:50.978508
15	11	92	2	f	f	2025-09-10 08:36:50.978508	2025-09-10 08:36:50.978508
16	11	94	3	f	f	2025-09-10 08:36:50.978508	2025-09-10 08:36:50.978508
17	16	96	1	f	f	2025-09-10 08:36:50.978508	2025-09-10 08:36:50.978508
18	16	97	2	f	f	2025-09-10 08:36:50.978508	2025-09-10 08:36:50.978508
19	20	98	1	f	f	2025-09-10 08:36:50.978508	2025-09-10 08:36:50.978508
20	18	101	1	f	f	2025-09-10 08:36:50.978508	2025-09-10 08:36:50.978508
21	130	151	1	f	f	2025-09-10 08:36:50.978508	2025-09-10 08:36:50.978508
22	11	102	1	f	f	2025-09-10 08:36:50.978508	2025-09-10 08:36:50.978508
23	14	140	1	f	f	2025-09-10 08:36:50.978508	2025-09-10 08:36:50.978508
24	17	142	1	f	f	2025-09-10 08:36:50.978508	2025-09-10 08:36:50.978508
25	19	143	2	f	f	2025-09-10 08:36:50.978508	2025-09-10 08:36:50.978508
26	19	144	1	f	f	2025-09-10 08:36:50.978508	2025-09-10 08:36:50.978508
27	65	147	1	f	f	2025-09-10 08:36:50.978508	2025-09-10 08:36:50.978508
28	5	35	2	f	f	2025-09-10 08:37:13.363945	2025-09-10 08:37:13.363945
29	5	38	1	f	f	2025-09-10 08:37:13.363945	2025-09-10 08:37:13.363945
30	63	153	1	f	f	2025-09-10 08:37:13.363945	2025-09-10 08:37:13.363945
31	92	159	1	f	f	2025-09-10 08:37:13.363945	2025-09-10 08:37:13.363945
32	136	166	1	f	f	2025-09-10 08:37:13.363945	2025-09-10 08:37:13.363945
33	51	172	1	f	f	2025-09-10 08:37:42.102976	2025-09-10 08:37:42.102976
34	50	178	1	f	f	2025-09-10 08:37:42.102976	2025-09-10 08:37:42.102976
35	102	183	1	f	f	2025-09-10 08:37:42.102976	2025-09-10 08:37:42.102976
36	57	185	1	f	f	2025-09-10 08:37:42.102976	2025-09-10 08:37:42.102976
37	52	190	1	f	f	2025-09-10 08:37:42.102976	2025-09-10 08:37:42.102976
38	22	192	1	f	f	2025-09-10 08:38:16.886486	2025-09-10 08:38:16.886486
39	77	198	1	f	f	2025-09-10 08:38:16.886486	2025-09-10 08:38:16.886486
40	171	200	1	f	f	2025-09-10 08:38:16.886486	2025-09-10 08:38:16.886486
41	123	206	1	f	f	2025-09-10 08:38:16.886486	2025-09-10 08:38:16.886486
42	73	208	1	f	f	2025-09-10 08:38:16.886486	2025-09-10 08:38:16.886486
43	80	212	1	f	f	2025-09-10 08:38:16.886486	2025-09-10 08:38:16.886486
44	170	214	1	f	f	2025-09-10 08:38:16.886486	2025-09-10 08:38:16.886486
45	24	219	1	f	f	2025-09-10 08:38:16.886486	2025-09-10 08:38:16.886486
46	164	221	1	f	f	2025-09-10 08:38:16.886486	2025-09-10 08:38:16.886486
47	26	224	1	f	f	2025-09-10 08:38:16.886486	2025-09-10 08:38:16.886486
48	59	231	1	f	f	2025-09-10 08:38:16.886486	2025-09-10 08:38:16.886486
49	29	233	1	f	f	2025-09-10 08:38:52.671593	2025-09-10 08:38:52.671593
50	144	238	1	f	f	2025-09-10 08:38:52.671593	2025-09-10 08:38:52.671593
51	23	243	1	f	f	2025-09-10 08:38:52.671593	2025-09-10 08:38:52.671593
52	32	254	1	f	f	2025-09-10 08:38:52.671593	2025-09-10 08:38:52.671593
53	167	259	1	f	f	2025-09-10 08:38:52.671593	2025-09-10 08:38:52.671593
54	76	271	1	f	f	2025-09-10 08:38:52.671593	2025-09-10 08:38:52.671593
55	93	355	1	f	f	2025-09-10 08:38:52.671593	2025-09-10 08:38:52.671593
56	53	388	1	f	f	2025-09-10 08:39:44.554486	2025-09-10 08:39:44.554486
57	53	389	2	f	f	2025-09-10 08:39:44.554486	2025-09-10 08:39:44.554486
58	53	390	3	f	f	2025-09-10 08:39:44.554486	2025-09-10 08:39:44.554486
59	90	391	1	f	f	2025-09-10 08:39:44.554486	2025-09-10 08:39:44.554486
60	90	393	2	f	f	2025-09-10 08:39:44.554486	2025-09-10 08:39:44.554486
61	90	394	3	f	f	2025-09-10 08:39:44.554486	2025-09-10 08:39:44.554486
62	39	401	1	f	f	2025-09-10 08:39:44.554486	2025-09-10 08:39:44.554486
63	122	406	1	f	f	2025-09-10 08:39:44.554486	2025-09-10 08:39:44.554486
64	71	415	1	f	f	2025-09-10 08:39:44.554486	2025-09-10 08:39:44.554486
65	150	420	1	f	f	2025-09-10 08:39:44.554486	2025-09-10 08:39:44.554486
66	151	424	1	f	f	2025-09-10 08:39:44.554486	2025-09-10 08:39:44.554486
67	34	426	1	f	f	2025-09-10 08:39:44.554486	2025-09-10 08:39:44.554486
68	133	429	1	f	f	2025-09-10 08:39:44.554486	2025-09-10 08:39:44.554486
69	148	443	1	f	f	2025-09-10 08:39:44.554486	2025-09-10 08:39:44.554486
70	153	451	1	f	f	2025-09-10 08:39:44.554486	2025-09-10 08:39:44.554486
71	41	453	1	f	f	2025-09-10 08:39:44.554486	2025-09-10 08:39:44.554486
72	159	456	1	f	f	2025-09-10 08:39:44.554486	2025-09-10 08:39:44.554486
73	146	459	1	f	f	2025-09-10 08:39:44.554486	2025-09-10 08:39:44.554486
74	33	462	1	f	f	2025-09-10 08:39:44.554486	2025-09-10 08:39:44.554486
75	155	24	1	f	f	2025-09-10 08:40:31.524652	2025-09-10 08:40:31.524652
76	97	466	1	f	f	2025-09-10 08:40:31.524652	2025-09-10 08:40:31.524652
77	96	474	1	f	f	2025-09-10 08:40:31.524652	2025-09-10 08:40:31.524652
78	98	477	1	f	f	2025-09-10 08:40:31.524652	2025-09-10 08:40:31.524652
79	82	500	1	f	f	2025-09-10 08:40:31.524652	2025-09-10 08:40:31.524652
80	42	508	1	f	f	2025-09-10 08:40:31.524652	2025-09-10 08:40:31.524652
81	132	547	1	f	f	2025-09-10 08:40:31.524652	2025-09-10 08:40:31.524652
82	91	552	1	f	f	2025-09-10 08:40:31.524652	2025-09-10 08:40:31.524652
83	119	556	1	f	f	2025-09-10 08:40:31.524652	2025-09-10 08:40:31.524652
84	37	563	1	f	f	2025-09-10 08:40:31.524652	2025-09-10 08:40:31.524652
85	49	566	1	f	f	2025-09-10 08:40:31.524652	2025-09-10 08:40:31.524652
86	68	568	1	f	f	2025-09-10 08:40:31.524652	2025-09-10 08:40:31.524652
87	35	571	1	f	f	2025-09-10 08:40:31.524652	2025-09-10 08:40:31.524652
88	147	584	1	f	f	2025-09-10 08:40:31.524652	2025-09-10 08:40:31.524652
89	99	599	1	f	f	2025-09-10 08:40:31.524652	2025-09-10 08:40:31.524652
90	120	601	1	f	f	2025-09-10 08:40:31.524652	2025-09-10 08:40:31.524652
91	60	604	1	f	f	2025-09-10 08:40:31.524652	2025-09-10 08:40:31.524652
92	46	606	1	f	f	2025-09-10 08:41:19.602638	2025-09-10 08:41:19.602638
93	66	614	1	f	f	2025-09-10 08:41:19.602638	2025-09-10 08:41:19.602638
94	165	617	1	f	f	2025-09-10 08:41:19.602638	2025-09-10 08:41:19.602638
95	163	621	1	f	f	2025-09-10 08:41:19.602638	2025-09-10 08:41:19.602638
96	125	625	1	f	f	2025-09-10 08:41:19.602638	2025-09-10 08:41:19.602638
97	62	627	1	f	f	2025-09-10 08:41:19.602638	2025-09-10 08:41:19.602638
98	104	629	1	f	f	2025-09-10 08:41:19.602638	2025-09-10 08:41:19.602638
99	70	635	1	f	f	2025-09-10 08:41:19.602638	2025-09-10 08:41:19.602638
100	25	645	1	f	f	2025-09-10 08:41:19.602638	2025-09-10 08:41:19.602638
101	112	649	1	f	f	2025-09-10 08:41:19.602638	2025-09-10 08:41:19.602638
102	138	653	1	f	f	2025-09-10 08:41:19.602638	2025-09-10 08:41:19.602638
103	161	666	1	f	f	2025-09-10 08:41:19.602638	2025-09-10 08:41:19.602638
104	152	677	1	f	f	2025-09-10 08:41:19.602638	2025-09-10 08:41:19.602638
105	149	707	1	f	f	2025-09-10 08:41:19.602638	2025-09-10 08:41:19.602638
106	74	713	1	f	f	2025-09-10 08:41:19.602638	2025-09-10 08:41:19.602638
107	87	715	1	f	f	2025-09-10 08:41:19.602638	2025-09-10 08:41:19.602638
108	109	718	1	f	f	2025-09-10 08:41:19.602638	2025-09-10 08:41:19.602638
109	101	738	1	f	f	2025-09-10 08:41:19.602638	2025-09-10 08:41:19.602638
110	94	758	1	f	f	2025-09-10 08:41:19.602638	2025-09-10 08:41:19.602638
111	79	765	1	f	f	2025-09-10 08:41:19.602638	2025-09-10 08:41:19.602638
112	28	769	1	f	f	2025-09-10 08:41:19.602638	2025-09-10 08:41:19.602638
113	55	774	1	f	f	2025-09-10 08:41:19.602638	2025-09-10 08:41:19.602638
114	89	781	1	f	f	2025-09-10 08:41:19.602638	2025-09-10 08:41:19.602638
115	107	890	2	f	f	2025-09-10 08:42:47.142473	2025-09-10 08:42:47.142473
116	54	803	1	f	f	2025-09-10 08:42:47.142473	2025-09-10 08:42:47.142473
117	84	810	1	f	f	2025-09-10 08:42:47.142473	2025-09-10 08:42:47.142473
118	126	823	1	f	f	2025-09-10 08:42:47.142473	2025-09-10 08:42:47.142473
119	116	826	1	f	f	2025-09-10 08:42:47.142473	2025-09-10 08:42:47.142473
120	116	827	2	f	f	2025-09-10 08:42:47.142473	2025-09-10 08:42:47.142473
121	137	830	1	f	f	2025-09-10 08:42:47.142473	2025-09-10 08:42:47.142473
122	137	831	2	f	f	2025-09-10 08:42:47.142473	2025-09-10 08:42:47.142473
123	124	835	1	f	f	2025-09-10 08:42:47.142473	2025-09-10 08:42:47.142473
124	143	885	1	f	f	2025-09-10 08:42:47.142473	2025-09-10 08:42:47.142473
125	107	889	1	f	f	2025-09-10 08:42:47.142473	2025-09-10 08:42:47.142473
126	30	845	1	f	f	2025-09-10 08:42:47.142473	2025-09-10 08:42:47.142473
127	30	846	2	f	f	2025-09-10 08:42:47.142473	2025-09-10 08:42:47.142473
128	30	847	3	f	f	2025-09-10 08:42:47.142473	2025-09-10 08:42:47.142473
129	107	848	4	f	f	2025-09-10 08:42:47.142473	2025-09-10 08:42:47.142473
130	128	860	1	f	f	2025-09-10 08:42:47.142473	2025-09-10 08:42:47.142473
131	114	874	1	f	f	2025-09-10 08:42:47.142473	2025-09-10 08:42:47.142473
132	114	875	2	f	f	2025-09-10 08:42:47.142473	2025-09-10 08:42:47.142473
133	135	877	1	f	f	2025-09-10 08:42:47.142473	2025-09-10 08:42:47.142473
134	135	878	2	f	f	2025-09-10 08:42:47.142473	2025-09-10 08:42:47.142473
135	135	880	3	f	f	2025-09-10 08:42:47.142473	2025-09-10 08:42:47.142473
136	81	881	1	f	f	2025-09-10 08:42:47.142473	2025-09-10 08:42:47.142473
137	81	882	2	f	f	2025-09-10 08:42:47.142473	2025-09-10 08:42:47.142473
138	107	891	3	f	f	2025-09-10 08:42:47.142473	2025-09-10 08:42:47.142473
139	56	895	1	f	f	2025-09-10 08:42:47.142473	2025-09-10 08:42:47.142473
140	121	897	1	f	f	2025-09-10 08:42:47.142473	2025-09-10 08:42:47.142473
141	160	813	2	f	f	2025-09-10 08:44:22.903581	2025-09-10 08:44:22.903581
142	118	926	1	f	f	2025-09-10 08:44:22.903581	2025-09-10 08:44:22.903581
143	118	927	2	f	f	2025-09-10 08:44:22.903581	2025-09-10 08:44:22.903581
144	160	900	1	f	f	2025-09-10 08:44:22.903581	2025-09-10 08:44:22.903581
145	157	902	1	f	f	2025-09-10 08:44:22.903581	2025-09-10 08:44:22.903581
146	157	904	2	f	f	2025-09-10 08:44:22.903581	2025-09-10 08:44:22.903581
147	106	908	1	f	f	2025-09-10 08:44:22.903581	2025-09-10 08:44:22.903581
148	106	910	2	f	f	2025-09-10 08:44:22.903581	2025-09-10 08:44:22.903581
149	115	915	1	f	f	2025-09-10 08:44:22.903581	2025-09-10 08:44:22.903581
150	78	918	1	f	f	2025-09-10 08:44:22.903581	2025-09-10 08:44:22.903581
151	78	919	2	f	f	2025-09-10 08:44:22.903581	2025-09-10 08:44:22.903581
152	134	921	1	f	f	2025-09-10 08:44:22.903581	2025-09-10 08:44:22.903581
153	134	922	2	f	f	2025-09-10 08:44:22.903581	2025-09-10 08:44:22.903581
154	43	932	1	f	f	2025-09-10 08:44:22.903581	2025-09-10 08:44:22.903581
155	43	934	2	f	f	2025-09-10 08:44:22.903581	2025-09-10 08:44:22.903581
156	86	936	1	f	f	2025-09-10 08:44:22.903581	2025-09-10 08:44:22.903581
157	83	944	1	f	f	2025-09-10 08:44:22.903581	2025-09-10 08:44:22.903581
158	83	945	2	f	f	2025-09-10 08:44:22.903581	2025-09-10 08:44:22.903581
159	27	947	1	f	f	2025-09-10 08:44:22.903581	2025-09-10 08:44:22.903581
160	156	952	1	f	f	2025-09-10 08:44:22.903581	2025-09-10 08:44:22.903581
161	156	953	2	f	f	2025-09-10 08:44:22.903581	2025-09-10 08:44:22.903581
162	156	954	3	f	f	2025-09-10 08:44:22.903581	2025-09-10 08:44:22.903581
163	169	981	1	f	f	2025-09-10 08:44:22.903581	2025-09-10 08:44:22.903581
164	139	985	1	f	f	2025-09-10 08:44:22.903581	2025-09-10 08:44:22.903581
165	110	989	1	f	f	2025-09-10 08:44:22.903581	2025-09-10 08:44:22.903581
166	173	994	1	f	f	2025-09-10 08:44:22.903581	2025-09-10 08:44:22.903581
167	67	1000	1	f	f	2025-09-10 08:44:22.903581	2025-09-10 08:44:22.903581
168	58	1003	1	f	f	2025-09-10 08:44:22.903581	2025-09-10 08:44:22.903581
172	7	45	1	f	f	2025-09-10 08:45:00.694605	2025-09-10 08:45:00.694605
173	100	4	1	f	f	2025-09-10 08:45:19.234422	2025-09-10 08:45:19.234422
174	166	384	1	f	f	2025-09-10 08:45:19.234422	2025-09-10 08:45:19.234422
175	38	448	1	f	f	2025-09-10 08:45:19.234422	2025-09-10 08:45:19.234422
176	168	471	1	f	f	2025-09-10 08:45:19.234422	2025-09-10 08:45:19.234422
177	103	786	1	f	f	2025-09-10 08:45:19.234422	2025-09-10 08:45:19.234422
178	154	839	1	f	f	2025-09-10 08:45:19.234422	2025-09-10 08:45:19.234422
179	85	842	1	f	f	2025-09-10 08:45:19.234422	2025-09-10 08:45:19.234422
180	172	901	1	f	f	2025-09-10 08:45:19.234422	2025-09-10 08:45:19.234422
181	31	960	1	f	f	2025-09-10 08:45:19.234422	2025-09-10 08:45:19.234422
182	88	964	1	f	f	2025-09-10 08:45:19.234422	2025-09-10 08:45:19.234422
183	127	969	1	f	f	2025-09-10 08:45:19.234422	2025-09-10 08:45:19.234422
184	36	971	1	f	f	2025-09-10 08:45:19.234422	2025-09-10 08:45:19.234422
185	141	976	1	f	f	2025-09-10 08:45:19.234422	2025-09-10 08:45:19.234422
186	111	992	1	f	f	2025-09-10 08:45:19.234422	2025-09-10 08:45:19.234422
\.


--
-- Data for Name: mssql_indexes; Type: TABLE DATA; Schema: mcl; Owner: postgres
--

COPY mcl.mssql_indexes (id, table_id, index_name, index_type, is_unique, is_primary_key, is_disabled, fill_factor, is_padded, allow_row_locks, allow_page_locks, created_at, updated_at) FROM stdin;
1	1508	PK_accnt	CLUSTERED	t	t	f	\N	f	t	t	2025-09-10 08:15:00.848589	2025-09-10 08:15:00.848589
2	1509	PK_cn	CLUSTERED	t	t	f	\N	f	t	t	2025-09-10 08:15:00.848589	2025-09-10 08:15:00.848589
3	1510	PK_cn_inv	CLUSTERED	t	t	f	\N	f	t	t	2025-09-10 08:15:00.848589	2025-09-10 08:15:00.848589
4	1511	PK_cn_inv_dbt	CLUSTERED	t	t	f	\N	f	t	t	2025-09-10 08:15:00.848589	2025-09-10 08:15:00.848589
5	1511	Задолженность_Выгрузка	NONCLUSTERED	t	f	f	\N	f	t	t	2025-09-10 08:15:00.848589	2025-09-10 08:15:00.848589
6	1512	PK_cn_inv_dbt_upl	CLUSTERED	t	t	f	\N	f	t	t	2025-09-10 08:15:00.848589	2025-09-10 08:15:00.848589
7	1513	PK_cn_inv_dbt_upl_g_p	CLUSTERED	t	t	f	\N	f	t	t	2025-09-10 08:15:00.848589	2025-09-10 08:15:00.848589
8	1514	PK_cn_inv_doc	CLUSTERED	t	t	f	\N	f	t	t	2025-09-10 08:15:00.848589	2025-09-10 08:15:00.848589
9	1515	PK_cn_inv_pm	CLUSTERED	t	t	f	\N	f	t	t	2025-09-10 08:15:00.848589	2025-09-10 08:15:00.848589
10	1516	PK_cn_inv_pm_upl	CLUSTERED	t	t	f	\N	f	t	t	2025-09-10 08:15:00.848589	2025-09-10 08:15:00.848589
11	1517	IX_cn_PrDoc	NONCLUSTERED	t	f	f	\N	f	t	t	2025-09-10 08:15:16.131367	2025-09-10 08:15:16.131367
12	1517	PK_cn_PrDoc	CLUSTERED	t	t	f	\N	f	t	t	2025-09-10 08:15:16.131367	2025-09-10 08:15:16.131367
13	1518	PK_cn_PrDocP	CLUSTERED	t	t	f	\N	f	t	t	2025-09-10 08:15:16.131367	2025-09-10 08:15:16.131367
14	1519	IX_cn_PrDocT	NONCLUSTERED	t	f	f	\N	f	t	t	2025-09-10 08:15:16.131367	2025-09-10 08:15:16.131367
15	1519	PK_cn_PrDocT	CLUSTERED	t	t	f	\N	f	t	t	2025-09-10 08:15:16.131367	2025-09-10 08:15:16.131367
16	1520	cn_cnSType	NONCLUSTERED	t	f	f	\N	f	t	t	2025-09-10 08:15:16.131367	2025-09-10 08:15:16.131367
17	1520	PK_cn_s	CLUSTERED	t	t	f	\N	f	t	t	2025-09-10 08:15:16.131367	2025-09-10 08:15:16.131367
18	1521	idxCsoAsbuID	NONCLUSTERED	t	f	f	\N	f	t	t	2025-09-10 08:15:16.131367	2025-09-10 08:15:16.131367
19	1521	idxCsos_csoCnDate	NONCLUSTERED	f	f	f	\N	f	t	t	2025-09-10 08:15:16.131367	2025-09-10 08:15:16.131367
20	1521	PK_cn_s_org	CLUSTERED	t	t	f	\N	f	t	t	2025-09-10 08:15:16.131367	2025-09-10 08:15:16.131367
22	1532	PK_cnInvCmmDt	CLUSTERED	t	t	f	\N	f	t	t	2025-09-10 08:18:52.634433	2025-09-10 08:18:52.634433
23	1545	PK_cstAgPn	CLUSTERED	t	t	f	\N	f	t	t	2025-09-10 08:18:52.634433	2025-09-10 08:18:52.634433
24	1539	PK_cnInvGrNm	CLUSTERED	t	t	f	\N	f	t	t	2025-09-10 08:18:52.634433	2025-09-10 08:18:52.634433
25	1614	PK_ogAg	CLUSTERED	t	t	f	\N	f	t	t	2025-09-10 08:18:52.634433	2025-09-10 08:18:52.634433
26	1541	PK_cnNum	CLUSTERED	t	t	f	\N	f	t	t	2025-09-10 08:18:52.634433	2025-09-10 08:18:52.634433
27	1659	PK_rgTaxSubDivsName	CLUSTERED	t	t	f	\N	f	t	t	2025-09-10 08:18:52.634433	2025-09-10 08:18:52.634433
28	1627	PK_ra_period	CLUSTERED	t	t	f	\N	f	t	t	2025-09-10 08:18:52.634433	2025-09-10 08:18:52.634433
29	1543	PK_cst	CLUSTERED	t	t	f	\N	f	t	t	2025-09-10 08:18:52.634433	2025-09-10 08:18:52.634433
30	1640	PK_rgTaxMnStRegNum	CLUSTERED	t	t	f	\N	f	t	t	2025-09-10 08:18:52.634433	2025-09-10 08:18:52.634433
31	1662	PK_stCost	CLUSTERED	t	t	f	\N	f	t	t	2025-09-10 08:18:52.634433	2025-09-10 08:18:52.634433
32	1546	PK_cstAgPnBranch	CLUSTERED	t	t	f	\N	f	t	t	2025-09-10 08:18:52.634433	2025-09-10 08:18:52.634433
33	1587	PK_ipgStRlShP	CLUSTERED	t	t	f	\N	f	t	t	2025-09-10 08:18:52.634433	2025-09-10 08:18:52.634433
34	1578	PK_ipgCostItsNm	CLUSTERED	t	t	f	\N	f	t	t	2025-09-10 08:18:52.634433	2025-09-10 08:18:52.634433
35	1600	PK_JuUnDocChngType	CLUSTERED	t	t	f	\N	f	t	t	2025-09-10 08:18:52.634433	2025-09-10 08:18:52.634433
36	1665	PK_stIpg	CLUSTERED	t	t	f	\N	f	t	t	2025-09-10 08:18:52.634433	2025-09-10 08:18:52.634433
37	1597	PK_JuUnDocChng	CLUSTERED	t	t	f	\N	f	t	t	2025-09-10 08:18:52.634433	2025-09-10 08:18:52.634433
38	1582	PK_ipgSt	CLUSTERED	t	t	f	\N	f	t	t	2025-09-10 08:18:52.634433	2025-09-10 08:18:52.634433
39	1573	PK_invNum	CLUSTERED	t	t	f	\N	f	t	t	2025-09-10 08:18:52.634433	2025-09-10 08:18:52.634433
41	1584	PK_ipgStPn	CLUSTERED	t	t	f	\N	f	t	t	2025-09-10 08:18:52.634433	2025-09-10 08:18:52.634433
42	1592	PK_ipgUtPlPnCostIts	CLUSTERED	t	t	f	\N	f	t	t	2025-09-10 08:18:52.634433	2025-09-10 08:18:52.634433
43	1656	PK_rgTaxReorTrans	CLUSTERED	t	t	f	\N	f	t	t	2025-09-10 08:18:52.634433	2025-09-10 08:18:52.634433
46	1606	PK_JuUnDocReg	CLUSTERED	t	t	f	\N	f	t	t	2025-09-10 08:18:52.634433	2025-09-10 08:18:52.634433
49	1598	PK_JuUnDocChngGr	CLUSTERED	t	t	f	\N	f	t	t	2025-09-10 08:18:52.634433	2025-09-10 08:18:52.634433
50	1528	PK_cnInvCmmAg	CLUSTERED	t	t	f	\N	f	t	t	2025-09-10 08:18:52.634433	2025-09-10 08:18:52.634433
51	1527	PK_cnInvCmm	CLUSTERED	t	t	f	\N	f	t	t	2025-09-10 08:18:52.634433	2025-09-10 08:18:52.634433
52	1531	PK_cnInvCmmCstN	CLUSTERED	t	t	f	\N	f	t	t	2025-09-10 08:18:52.634433	2025-09-10 08:18:52.634433
53	1571	PK_invDbtTmpCiaRel	CLUSTERED	t	t	f	\N	f	t	t	2025-09-10 08:18:52.634433	2025-09-10 08:18:52.634433
54	1632	PK_ralpRa	CLUSTERED	t	t	f	\N	f	t	t	2025-09-10 08:18:52.634433	2025-09-10 08:18:52.634433
55	1628	PK_ra_summ	CLUSTERED	t	t	f	\N	f	t	t	2025-09-10 08:18:52.634433	2025-09-10 08:18:52.634433
56	1647	PK_rgTaxRegion	CLUSTERED	t	t	f	\N	f	t	t	2025-09-10 08:18:52.634433	2025-09-10 08:18:52.634433
57	1530	PK_cnInvCmmCst	CLUSTERED	t	t	f	\N	f	t	t	2025-09-10 08:18:52.634433	2025-09-10 08:18:52.634433
58	1673	PK_yyyy	CLUSTERED	t	t	f	\N	f	t	t	2025-09-10 08:18:52.634433	2025-09-10 08:18:52.634433
59	1542	PK_cnNumType	CLUSTERED	t	t	f	\N	f	t	t	2025-09-10 08:18:52.634433	2025-09-10 08:18:52.634433
60	1605	PK_JuUnDocPrmrType	CLUSTERED	t	t	f	\N	f	t	t	2025-09-10 08:18:52.634433	2025-09-10 08:18:52.634433
62	1611	PK_JuUnDocSideType	CLUSTERED	t	t	f	\N	f	t	t	2025-09-10 08:18:52.634433	2025-09-10 08:18:52.634433
63	1524	PK_cnInv	CLUSTERED	t	t	f	\N	f	t	t	2025-09-10 08:18:52.634433	2025-09-10 08:18:52.634433
65	1522	PK_cn_s_org_smpl	CLUSTERED	t	t	f	\N	f	t	t	2025-09-10 08:18:52.634433	2025-09-10 08:18:52.634433
66	1607	PK_JuUnDocRegLink	CLUSTERED	t	t	f	\N	f	t	t	2025-09-10 08:18:52.634433	2025-09-10 08:18:52.634433
67	1672	PK_yr_upl_p	CLUSTERED	t	t	f	\N	f	t	t	2025-09-10 08:18:52.634433	2025-09-10 08:18:52.634433
68	1599	PK_JuUnDocChngGrRel	CLUSTERED	t	t	f	\N	f	t	t	2025-09-10 08:18:52.634433	2025-09-10 08:18:52.634433
70	1613	PK_og	CLUSTERED	t	t	f	\N	f	t	t	2025-09-10 08:18:52.634433	2025-09-10 08:18:52.634433
71	1575	PK_ipgCh	CLUSTERED	t	t	f	\N	f	t	t	2025-09-10 08:18:52.634433	2025-09-10 08:18:52.634433
73	1536	PK_cnInvCmmGr	CLUSTERED	t	t	f	\N	f	t	t	2025-09-10 08:18:52.634433	2025-09-10 08:18:52.634433
74	1621	PK_org_id_type	CLUSTERED	t	t	f	\N	f	t	t	2025-09-10 08:18:52.634433	2025-09-10 08:18:52.634433
76	1549	PK_impGr	CLUSTERED	t	t	f	\N	f	t	t	2025-09-10 08:18:52.634433	2025-09-10 08:18:52.634433
77	1533	PK_cnInvCmmDtN	CLUSTERED	t	t	f	\N	f	t	t	2025-09-10 08:18:52.634433	2025-09-10 08:18:52.634433
78	1653	PK_rgTaxReorSepar	CLUSTERED	t	t	f	\N	f	t	t	2025-09-10 08:18:52.634433	2025-09-10 08:18:52.634433
79	1626	PK_ra_change_summCt	CLUSTERED	t	t	f	\N	f	t	t	2025-09-10 08:18:52.634433	2025-09-10 08:18:52.634433
80	1537	PK_cnInvCmmTp	CLUSTERED	t	t	f	\N	f	t	t	2025-09-10 08:18:52.634433	2025-09-10 08:18:52.634433
81	1644	PK_rgTaxOffice	CLUSTERED	t	t	f	\N	f	t	t	2025-09-10 08:18:52.634433	2025-09-10 08:18:52.634433
82	1602	PK_JuUnDocPrmr	CLUSTERED	t	t	f	\N	f	t	t	2025-09-10 08:18:52.634433	2025-09-10 08:18:52.634433
83	1658	PK_rgTaxSubDivsBuirg	CLUSTERED	t	t	f	\N	f	t	t	2025-09-10 08:18:52.634433	2025-09-10 08:18:52.634433
84	1633	PK_ralpRaAu	CLUSTERED	t	t	f	\N	f	t	t	2025-09-10 08:18:52.634433	2025-09-10 08:18:52.634433
85	1639	PK_rgTaxLgEntTrmMtd	CLUSTERED	t	t	f	\N	f	t	t	2025-09-10 08:18:52.634433	2025-09-10 08:18:52.634433
86	1657	PK_rgTaxSubDivs	CLUSTERED	t	t	f	\N	f	t	t	2025-09-10 08:18:52.634433	2025-09-10 08:18:52.634433
87	1622	PK_qqqq	CLUSTERED	t	t	f	\N	f	t	t	2025-09-10 08:18:52.634433	2025-09-10 08:18:52.634433
88	1663	PK_stCostNm	CLUSTERED	t	t	f	\N	f	t	t	2025-09-10 08:18:52.634433	2025-09-10 08:18:52.634433
89	1629	PK_ra_summCt	CLUSTERED	t	t	f	\N	f	t	t	2025-09-10 08:18:52.634433	2025-09-10 08:18:52.634433
90	1572	PK_invDbtValue	CLUSTERED	t	t	f	\N	f	t	t	2025-09-10 08:18:52.634433	2025-09-10 08:18:52.634433
91	1595	PK_ipgUtPlPnLmYe	CLUSTERED	t	t	f	\N	f	t	t	2025-09-10 08:18:52.634433	2025-09-10 08:18:52.634433
92	1525	PK_cnInvAccnt	CLUSTERED	t	t	f	\N	f	t	t	2025-09-10 08:18:52.634433	2025-09-10 08:18:52.634433
93	1564	PK_inv	CLUSTERED	t	t	f	\N	f	t	t	2025-09-10 08:18:52.634433	2025-09-10 08:18:52.634433
94	1625	PK_ra_change_summ	CLUSTERED	t	t	f	\N	f	t	t	2025-09-10 08:18:52.634433	2025-09-10 08:18:52.634433
96	1590	PK_ipgUtPlGrP	CLUSTERED	t	t	f	\N	f	t	t	2025-09-10 08:18:52.634433	2025-09-10 08:18:52.634433
97	1588	PK_ipgUtPl	CLUSTERED	t	t	f	\N	f	t	t	2025-09-10 08:18:52.634433	2025-09-10 08:18:52.634433
98	1591	PK_ipgUtPlP	CLUSTERED	t	t	f	\N	f	t	t	2025-09-10 08:18:52.634433	2025-09-10 08:18:52.634433
99	1603	PK_JuUnDocPrmrGr	CLUSTERED	t	t	f	\N	f	t	t	2025-09-10 08:18:52.634433	2025-09-10 08:18:52.634433
100	1581	PK_ipgSh	CLUSTERED	t	t	f	\N	f	t	t	2025-09-10 08:18:52.634433	2025-09-10 08:18:52.634433
101	1624	PK_ra_change	CLUSTERED	t	t	f	\N	f	t	t	2025-09-10 08:18:52.634433	2025-09-10 08:18:52.634433
102	1529	PK_cnInvCmmAgN	CLUSTERED	t	t	f	\N	f	t	t	2025-09-10 08:18:52.634433	2025-09-10 08:18:52.634433
103	1631	PK_ralpOld	CLUSTERED	t	t	f	\N	f	t	t	2025-09-10 08:18:52.634433	2025-09-10 08:18:52.634433
104	1612	PK_mmmm	CLUSTERED	t	t	f	\N	f	t	t	2025-09-10 08:18:52.634433	2025-09-10 08:18:52.634433
106	1651	PK_rgTaxReorDivisMerg	CLUSTERED	t	t	f	\N	f	t	t	2025-09-10 08:18:52.634433	2025-09-10 08:18:52.634433
107	1646	PK_rgTaxReasonCode	CLUSTERED	t	t	f	\N	f	t	t	2025-09-10 08:18:52.634433	2025-09-10 08:18:52.634433
109	1623	PK_ra	CLUSTERED	t	t	f	\N	f	t	t	2025-09-10 08:18:52.634433	2025-09-10 08:18:52.634433
110	1669	PK_stRel	CLUSTERED	t	t	f	\N	f	t	t	2025-09-10 08:18:52.634433	2025-09-10 08:18:52.634433
111	1670	PK_stType	CLUSTERED	t	t	f	\N	f	t	t	2025-09-10 08:18:52.634433	2025-09-10 08:18:52.634433
112	1615	PK_ogAgFee	CLUSTERED	t	t	f	\N	f	t	t	2025-09-10 08:18:52.634433	2025-09-10 08:18:52.634433
114	1642	PK_rgTaxName	CLUSTERED	t	t	f	\N	f	t	t	2025-09-10 08:18:52.634433	2025-09-10 08:18:52.634433
115	1652	PK_rgTaxReorMerge	CLUSTERED	t	t	f	\N	f	t	t	2025-09-10 08:18:52.634433	2025-09-10 08:18:52.634433
116	1635	PK_rgTaxIdNumInd	CLUSTERED	t	t	f	\N	f	t	t	2025-09-10 08:18:52.634433	2025-09-10 08:18:52.634433
118	1655	PK_rgTaxReorSeparMerg	CLUSTERED	t	t	f	\N	f	t	t	2025-09-10 08:18:52.634433	2025-09-10 08:18:52.634433
119	1596	PK_JuUnDoc	CLUSTERED	t	t	f	\N	f	t	t	2025-09-10 08:18:52.634433	2025-09-10 08:18:52.634433
120	1604	PK_JuUnDocPrmrGrRel	CLUSTERED	t	t	f	\N	f	t	t	2025-09-10 08:18:52.634433	2025-09-10 08:18:52.634433
121	1648	PK_rgTaxReorAcqui	CLUSTERED	t	t	f	\N	f	t	t	2025-09-10 08:18:52.634433	2025-09-10 08:18:52.634433
122	1574	PK_ipg	CLUSTERED	t	t	f	\N	f	t	t	2025-09-10 08:18:52.634433	2025-09-10 08:18:52.634433
123	1535	PK_cnInvCmmFnN	CLUSTERED	t	t	f	\N	f	t	t	2025-09-10 08:18:52.634433	2025-09-10 08:18:52.634433
124	1637	PK_rgTaxInd	CLUSTERED	t	t	f	\N	f	t	t	2025-09-10 08:18:52.634433	2025-09-10 08:18:52.634433
125	1610	PK_JuUnDocSideOrg	CLUSTERED	t	t	f	\N	f	t	t	2025-09-10 08:18:52.634433	2025-09-10 08:18:52.634433
126	1634	PK_rgTaxBuirg	CLUSTERED	t	t	f	\N	f	t	t	2025-09-10 08:18:52.634433	2025-09-10 08:18:52.634433
127	1664	PK_stiLim	CLUSTERED	t	t	f	\N	f	t	t	2025-09-10 08:18:52.634433	2025-09-10 08:18:52.634433
128	1641	PK_rgTaxMnStRegNumInd	CLUSTERED	t	t	f	\N	f	t	t	2025-09-10 08:18:52.634433	2025-09-10 08:18:52.634433
130	1523	PK_cn_s_type	CLUSTERED	t	t	f	\N	f	t	t	2025-09-10 08:18:52.634433	2025-09-10 08:18:52.634433
132	1594	PK_ipgUtPlPnLmQu	CLUSTERED	t	t	f	\N	f	t	t	2025-09-10 08:18:52.634433	2025-09-10 08:18:52.634433
133	1579	PK_ipgPn	CLUSTERED	t	t	f	\N	f	t	t	2025-09-10 08:18:52.634433	2025-09-10 08:18:52.634433
134	1654	PK_rgTaxReorSeparAcqu	CLUSTERED	t	t	f	\N	f	t	t	2025-09-10 08:18:52.634433	2025-09-10 08:18:52.634433
135	1643	PK_rgTaxNameShort	CLUSTERED	t	t	f	\N	f	t	t	2025-09-10 08:18:52.634433	2025-09-10 08:18:52.634433
136	1526	PK_cnInvAccntSmpl	CLUSTERED	t	t	f	\N	f	t	t	2025-09-10 08:18:52.634433	2025-09-10 08:18:52.634433
137	1636	PK_rgTaxIdNumJurPers	CLUSTERED	t	t	f	\N	f	t	t	2025-09-10 08:18:52.634433	2025-09-10 08:18:52.634433
138	1618	PK_ogNmF	CLUSTERED	t	t	f	\N	f	t	t	2025-09-10 08:18:52.634433	2025-09-10 08:18:52.634433
139	1668	PK_stNetPn	CLUSTERED	t	t	f	\N	f	t	t	2025-09-10 08:18:52.634433	2025-09-10 08:18:52.634433
141	1666	PK_stIpgNm	CLUSTERED	t	t	f	\N	f	t	t	2025-09-10 08:18:52.634433	2025-09-10 08:18:52.634433
143	1645	PK_rgTaxReason	CLUSTERED	t	t	f	\N	f	t	t	2025-09-10 08:18:52.634433	2025-09-10 08:18:52.634433
144	1544	PK_cstAg	CLUSTERED	t	t	f	\N	f	t	t	2025-09-10 08:18:52.634433	2025-09-10 08:18:52.634433
146	1586	PK_ipgStRlSh	CLUSTERED	t	t	f	\N	f	t	t	2025-09-10 08:18:52.634433	2025-09-10 08:18:52.634433
147	1601	PK_JuUnDocImport	CLUSTERED	t	t	f	\N	f	t	t	2025-09-10 08:18:52.634433	2025-09-10 08:18:52.634433
148	1580	PK_ipgPnLim	CLUSTERED	t	t	f	\N	f	t	t	2025-09-10 08:18:52.634433	2025-09-10 08:18:52.634433
149	1620	PK_org_id	CLUSTERED	t	t	f	\N	f	t	t	2025-09-10 08:18:52.634433	2025-09-10 08:18:52.634433
150	1576	PK_ipgChRl	CLUSTERED	t	t	f	\N	f	t	t	2025-09-10 08:18:52.634433	2025-09-10 08:18:52.634433
151	1577	PK_ipgCostIts	CLUSTERED	t	t	f	\N	f	t	t	2025-09-10 08:18:52.634433	2025-09-10 08:18:52.634433
152	1617	PK_ogAgFeePnTest	CLUSTERED	t	t	f	\N	f	t	t	2025-09-10 08:18:52.634433	2025-09-10 08:18:52.634433
153	1583	PK_ipgStLm	CLUSTERED	t	t	f	\N	f	t	t	2025-09-10 08:18:52.634433	2025-09-10 08:18:52.634433
154	1638	PK_rgTaxLgEntFrmMtd	CLUSTERED	t	t	f	\N	f	t	t	2025-09-10 08:18:52.634433	2025-09-10 08:18:52.634433
155	1593	PK_ipgUtPlPnLmMn	CLUSTERED	t	t	f	\N	f	t	t	2025-09-10 08:18:52.634433	2025-09-10 08:18:52.634433
156	1660	PK_rgTaxSubDivsReas	CLUSTERED	t	t	f	\N	f	t	t	2025-09-10 08:18:52.634433	2025-09-10 08:18:52.634433
157	1650	PK_rgTaxReorDivisAcqu	CLUSTERED	t	t	f	\N	f	t	t	2025-09-10 08:18:52.634433	2025-09-10 08:18:52.634433
159	1585	PK_ipgStRl	CLUSTERED	t	t	f	\N	f	t	t	2025-09-10 08:18:52.634433	2025-09-10 08:18:52.634433
160	1649	PK_rgTaxReorDivis	CLUSTERED	t	t	f	\N	f	t	t	2025-09-10 08:18:52.634433	2025-09-10 08:18:52.634433
161	1616	PK_ogAgFeeP	CLUSTERED	t	t	f	\N	f	t	t	2025-09-10 08:18:52.634433	2025-09-10 08:18:52.634433
163	1609	PK_JuUnDocSide	CLUSTERED	t	t	f	\N	f	t	t	2025-09-10 08:18:52.634433	2025-09-10 08:18:52.634433
164	1540	PK_cnInvTransfer	CLUSTERED	t	t	f	\N	f	t	t	2025-09-10 08:18:52.634433	2025-09-10 08:18:52.634433
165	1608	PK_JuUnDocRelChng	CLUSTERED	t	t	f	\N	f	t	t	2025-09-10 08:18:52.634433	2025-09-10 08:18:52.634433
166	1570	PK_invDbt	CLUSTERED	t	t	f	\N	f	t	t	2025-09-10 08:18:52.634433	2025-09-10 08:18:52.634433
167	1547	PK_cstAgPnMnrl	CLUSTERED	t	t	f	\N	f	t	t	2025-09-10 08:18:52.634433	2025-09-10 08:18:52.634433
168	1589	PK_ipgUtPlGr	CLUSTERED	t	t	f	\N	f	t	t	2025-09-10 08:18:52.634433	2025-09-10 08:18:52.634433
169	1667	PK_stNet	CLUSTERED	t	t	f	\N	f	t	t	2025-09-10 08:18:52.634433	2025-09-10 08:18:52.634433
170	1538	PK_cnInvGr	CLUSTERED	t	t	f	\N	f	t	t	2025-09-10 08:18:52.634433	2025-09-10 08:18:52.634433
171	1534	PK_cnInvCmmFn	CLUSTERED	t	t	f	\N	f	t	t	2025-09-10 08:18:52.634433	2025-09-10 08:18:52.634433
172	1661	PK_st	CLUSTERED	t	t	f	\N	f	t	t	2025-09-10 08:18:52.634433	2025-09-10 08:18:52.634433
173	1671	PK_yr	CLUSTERED	t	t	f	\N	f	t	t	2025-09-10 08:18:52.634433	2025-09-10 08:18:52.634433
\.


--
-- Data for Name: mssql_objects; Type: TABLE DATA; Schema: mcl; Owner: postgres
--

COPY mcl.mssql_objects (id, task_id, object_name, object_type, schema_name, migration_status, migration_date, error_message, create_date, modify_date, object_id, created_at, updated_at, object_type_description, object_description) FROM stdin;
\.


--
-- Data for Name: mssql_primary_key_columns; Type: TABLE DATA; Schema: mcl; Owner: postgres
--

COPY mcl.mssql_primary_key_columns (id, primary_key_id, column_id, ordinal_position, created_at, updated_at) FROM stdin;
173	226	4	1	2025-09-09 06:37:09.471924	2025-09-09 06:37:09.471924
174	173	5	1	2025-09-09 06:37:09.471924	2025-09-09 06:37:09.471924
175	174	8	1	2025-09-09 06:37:09.471924	2025-09-09 06:37:09.471924
176	175	15	1	2025-09-09 06:37:09.471924	2025-09-09 06:37:09.471924
177	238	24	1	2025-09-09 06:37:09.471924	2025-09-09 06:37:09.471924
178	176	27	1	2025-09-09 06:37:09.471924	2025-09-09 06:37:09.471924
179	177	40	1	2025-09-09 06:37:09.471924	2025-09-09 06:37:09.471924
180	178	45	1	2025-09-09 06:37:09.471924	2025-09-09 06:37:09.471924
181	179	48	1	2025-09-09 06:37:09.471924	2025-09-09 06:37:09.471924
182	180	55	1	2025-09-09 06:37:09.471924	2025-09-09 06:37:09.471924
183	182	90	1	2025-09-09 06:37:09.471924	2025-09-09 06:37:09.471924
184	181	87	1	2025-09-09 06:37:09.471924	2025-09-09 06:37:09.471924
185	186	98	1	2025-09-09 06:37:09.471924	2025-09-09 06:37:09.471924
186	188	151	1	2025-09-09 06:37:09.471924	2025-09-09 06:37:09.471924
187	189	153	1	2025-09-09 06:37:09.471924	2025-09-09 06:37:09.471924
188	183	104	1	2025-09-09 06:37:09.471924	2025-09-09 06:37:09.471924
189	184	138	1	2025-09-09 06:37:09.471924	2025-09-09 06:37:09.471924
190	185	142	1	2025-09-09 06:37:09.471924	2025-09-09 06:37:09.471924
191	187	147	1	2025-09-09 06:37:09.471924	2025-09-09 06:37:09.471924
192	190	159	1	2025-09-09 06:37:09.471924	2025-09-09 06:37:09.471924
193	191	166	1	2025-09-09 06:37:09.471924	2025-09-09 06:37:09.471924
194	192	172	1	2025-09-09 06:37:09.471924	2025-09-09 06:37:09.471924
195	193	178	1	2025-09-09 06:37:09.471924	2025-09-09 06:37:09.471924
196	194	183	1	2025-09-09 06:37:09.471924	2025-09-09 06:37:09.471924
197	195	185	1	2025-09-09 06:37:09.471924	2025-09-09 06:37:09.471924
198	196	190	1	2025-09-09 06:37:09.471924	2025-09-09 06:37:09.471924
199	197	192	1	2025-09-09 06:37:09.471924	2025-09-09 06:37:09.471924
200	198	198	1	2025-09-09 06:37:09.471924	2025-09-09 06:37:09.471924
201	199	200	1	2025-09-09 06:37:09.471924	2025-09-09 06:37:09.471924
202	200	206	1	2025-09-09 06:37:09.471924	2025-09-09 06:37:09.471924
203	201	208	1	2025-09-09 06:37:09.471924	2025-09-09 06:37:09.471924
204	202	212	1	2025-09-09 06:37:09.471924	2025-09-09 06:37:09.471924
205	203	214	1	2025-09-09 06:37:09.471924	2025-09-09 06:37:09.471924
206	204	219	1	2025-09-09 06:37:09.471924	2025-09-09 06:37:09.471924
207	205	221	1	2025-09-09 06:37:09.471924	2025-09-09 06:37:09.471924
208	206	224	1	2025-09-09 06:37:09.471924	2025-09-09 06:37:09.471924
209	207	231	1	2025-09-09 06:37:09.471924	2025-09-09 06:37:09.471924
210	208	233	1	2025-09-09 06:37:09.471924	2025-09-09 06:37:09.471924
211	209	238	1	2025-09-09 06:37:09.471924	2025-09-09 06:37:09.471924
212	210	243	1	2025-09-09 06:37:09.471924	2025-09-09 06:37:09.471924
213	211	254	1	2025-09-09 06:37:09.471924	2025-09-09 06:37:09.471924
214	212	259	1	2025-09-09 06:37:09.471924	2025-09-09 06:37:09.471924
215	213	271	1	2025-09-09 06:37:09.471924	2025-09-09 06:37:09.471924
216	214	355	1	2025-09-09 06:37:09.471924	2025-09-09 06:37:09.471924
217	215	384	1	2025-09-09 06:37:09.471924	2025-09-09 06:37:09.471924
218	215	385	2	2025-09-09 06:37:09.471924	2025-09-09 06:37:09.471924
219	216	388	1	2025-09-09 06:37:09.471924	2025-09-09 06:37:09.471924
220	216	389	2	2025-09-09 06:37:09.471924	2025-09-09 06:37:09.471924
221	216	390	3	2025-09-09 06:37:09.471924	2025-09-09 06:37:09.471924
222	217	391	1	2025-09-09 06:37:09.471924	2025-09-09 06:37:09.471924
223	217	392	2	2025-09-09 06:37:09.471924	2025-09-09 06:37:09.471924
224	217	393	3	2025-09-09 06:37:09.471924	2025-09-09 06:37:09.471924
225	218	401	1	2025-09-09 06:37:09.471924	2025-09-09 06:37:09.471924
226	219	406	1	2025-09-09 06:37:09.471924	2025-09-09 06:37:09.471924
227	220	415	1	2025-09-09 06:37:09.471924	2025-09-09 06:37:09.471924
228	221	420	1	2025-09-09 06:37:09.471924	2025-09-09 06:37:09.471924
229	222	424	1	2025-09-09 06:37:09.471924	2025-09-09 06:37:09.471924
230	223	426	1	2025-09-09 06:37:09.471924	2025-09-09 06:37:09.471924
231	224	429	1	2025-09-09 06:37:09.471924	2025-09-09 06:37:09.471924
232	225	443	1	2025-09-09 06:37:09.471924	2025-09-09 06:37:09.471924
233	227	448	1	2025-09-09 06:37:09.471924	2025-09-09 06:37:09.471924
234	228	451	1	2025-09-09 06:37:09.471924	2025-09-09 06:37:09.471924
235	229	453	1	2025-09-09 06:37:09.471924	2025-09-09 06:37:09.471924
236	230	456	1	2025-09-09 06:37:09.471924	2025-09-09 06:37:09.471924
237	231	459	1	2025-09-09 06:37:09.471924	2025-09-09 06:37:09.471924
238	232	462	1	2025-09-09 06:37:09.471924	2025-09-09 06:37:09.471924
239	233	466	1	2025-09-09 06:37:09.471924	2025-09-09 06:37:09.471924
240	234	471	1	2025-09-09 06:37:09.471924	2025-09-09 06:37:09.471924
241	235	474	1	2025-09-09 06:37:09.471924	2025-09-09 06:37:09.471924
242	236	477	1	2025-09-09 06:37:09.471924	2025-09-09 06:37:09.471924
243	248	500	1	2025-09-09 06:37:09.471924	2025-09-09 06:37:09.471924
244	237	508	1	2025-09-09 06:37:09.471924	2025-09-09 06:37:09.471924
245	240	547	1	2025-09-09 06:37:09.471924	2025-09-09 06:37:09.471924
246	241	552	1	2025-09-09 06:37:09.471924	2025-09-09 06:37:09.471924
247	242	556	1	2025-09-09 06:37:09.471924	2025-09-09 06:37:09.471924
248	243	563	1	2025-09-09 06:37:09.471924	2025-09-09 06:37:09.471924
249	244	566	1	2025-09-09 06:37:09.471924	2025-09-09 06:37:09.471924
250	245	568	1	2025-09-09 06:37:09.471924	2025-09-09 06:37:09.471924
251	246	571	1	2025-09-09 06:37:09.471924	2025-09-09 06:37:09.471924
252	247	573	1	2025-09-09 06:37:09.471924	2025-09-09 06:37:09.471924
253	249	599	1	2025-09-09 06:37:09.471924	2025-09-09 06:37:09.471924
254	250	601	1	2025-09-09 06:37:09.471924	2025-09-09 06:37:09.471924
255	251	604	1	2025-09-09 06:37:09.471924	2025-09-09 06:37:09.471924
256	252	606	1	2025-09-09 06:37:09.471924	2025-09-09 06:37:09.471924
257	253	614	1	2025-09-09 06:37:09.471924	2025-09-09 06:37:09.471924
258	254	617	1	2025-09-09 06:37:09.471924	2025-09-09 06:37:09.471924
259	255	621	1	2025-09-09 06:37:09.471924	2025-09-09 06:37:09.471924
260	256	625	1	2025-09-09 06:37:09.471924	2025-09-09 06:37:09.471924
261	257	627	1	2025-09-09 06:37:09.471924	2025-09-09 06:37:09.471924
262	258	629	1	2025-09-09 06:37:09.471924	2025-09-09 06:37:09.471924
263	259	635	1	2025-09-09 06:37:09.471924	2025-09-09 06:37:09.471924
264	260	645	1	2025-09-09 06:37:09.471924	2025-09-09 06:37:09.471924
265	261	649	1	2025-09-09 06:37:09.471924	2025-09-09 06:37:09.471924
266	264	653	1	2025-09-09 06:37:09.471924	2025-09-09 06:37:09.471924
267	262	666	1	2025-09-09 06:37:09.471924	2025-09-09 06:37:09.471924
268	263	677	1	2025-09-09 06:37:09.471924	2025-09-09 06:37:09.471924
269	265	707	1	2025-09-09 06:37:09.471924	2025-09-09 06:37:09.471924
270	266	713	1	2025-09-09 06:37:09.471924	2025-09-09 06:37:09.471924
271	267	715	1	2025-09-09 06:37:09.471924	2025-09-09 06:37:09.471924
272	268	718	1	2025-09-09 06:37:09.471924	2025-09-09 06:37:09.471924
273	269	738	1	2025-09-09 06:37:09.471924	2025-09-09 06:37:09.471924
274	292	756	2	2025-09-09 06:37:09.471924	2025-09-09 06:37:09.471924
275	239	758	1	2025-09-09 06:37:09.471924	2025-09-09 06:37:09.471924
276	270	765	1	2025-09-09 06:37:09.471924	2025-09-09 06:37:09.471924
277	271	769	1	2025-09-09 06:37:09.471924	2025-09-09 06:37:09.471924
278	272	774	1	2025-09-09 06:37:09.471924	2025-09-09 06:37:09.471924
279	273	781	1	2025-09-09 06:37:09.471924	2025-09-09 06:37:09.471924
280	274	786	1	2025-09-09 06:37:09.471924	2025-09-09 06:37:09.471924
281	289	890	2	2025-09-09 06:37:09.471924	2025-09-09 06:37:09.471924
282	275	803	1	2025-09-09 06:37:09.471924	2025-09-09 06:37:09.471924
283	276	810	1	2025-09-09 06:37:09.471924	2025-09-09 06:37:09.471924
284	277	823	1	2025-09-09 06:37:09.471924	2025-09-09 06:37:09.471924
285	278	825	1	2025-09-09 06:37:09.471924	2025-09-09 06:37:09.471924
286	278	826	2	2025-09-09 06:37:09.471924	2025-09-09 06:37:09.471924
287	279	829	1	2025-09-09 06:37:09.471924	2025-09-09 06:37:09.471924
288	279	830	2	2025-09-09 06:37:09.471924	2025-09-09 06:37:09.471924
289	280	835	1	2025-09-09 06:37:09.471924	2025-09-09 06:37:09.471924
290	281	839	1	2025-09-09 06:37:09.471924	2025-09-09 06:37:09.471924
291	282	842	1	2025-09-09 06:37:09.471924	2025-09-09 06:37:09.471924
292	288	885	1	2025-09-09 06:37:09.471924	2025-09-09 06:37:09.471924
293	289	889	1	2025-09-09 06:37:09.471924	2025-09-09 06:37:09.471924
294	283	845	1	2025-09-09 06:37:09.471924	2025-09-09 06:37:09.471924
295	283	846	2	2025-09-09 06:37:09.471924	2025-09-09 06:37:09.471924
296	283	847	3	2025-09-09 06:37:09.471924	2025-09-09 06:37:09.471924
297	289	848	4	2025-09-09 06:37:09.471924	2025-09-09 06:37:09.471924
298	284	860	1	2025-09-09 06:37:09.471924	2025-09-09 06:37:09.471924
299	298	926	1	2025-09-09 06:37:09.471924	2025-09-09 06:37:09.471924
300	298	927	2	2025-09-09 06:37:09.471924	2025-09-09 06:37:09.471924
301	285	874	1	2025-09-09 06:37:09.471924	2025-09-09 06:37:09.471924
302	285	875	2	2025-09-09 06:37:09.471924	2025-09-09 06:37:09.471924
303	286	877	1	2025-09-09 06:37:09.471924	2025-09-09 06:37:09.471924
304	286	878	2	2025-09-09 06:37:09.471924	2025-09-09 06:37:09.471924
305	286	879	3	2025-09-09 06:37:09.471924	2025-09-09 06:37:09.471924
306	287	881	1	2025-09-09 06:37:09.471924	2025-09-09 06:37:09.471924
307	287	882	2	2025-09-09 06:37:09.471924	2025-09-09 06:37:09.471924
308	289	891	3	2025-09-09 06:37:09.471924	2025-09-09 06:37:09.471924
309	290	895	1	2025-09-09 06:37:09.471924	2025-09-09 06:37:09.471924
310	291	897	1	2025-09-09 06:37:09.471924	2025-09-09 06:37:09.471924
311	292	900	1	2025-09-09 06:37:09.471924	2025-09-09 06:37:09.471924
312	304	901	1	2025-09-09 06:37:09.471924	2025-09-09 06:37:09.471924
313	293	902	1	2025-09-09 06:37:09.471924	2025-09-09 06:37:09.471924
314	293	903	2	2025-09-09 06:37:09.471924	2025-09-09 06:37:09.471924
315	294	908	1	2025-09-09 06:37:09.471924	2025-09-09 06:37:09.471924
316	294	909	2	2025-09-09 06:37:09.471924	2025-09-09 06:37:09.471924
317	295	915	1	2025-09-09 06:37:09.471924	2025-09-09 06:37:09.471924
318	296	918	1	2025-09-09 06:37:09.471924	2025-09-09 06:37:09.471924
319	296	919	2	2025-09-09 06:37:09.471924	2025-09-09 06:37:09.471924
320	297	921	1	2025-09-09 06:37:09.471924	2025-09-09 06:37:09.471924
321	297	922	2	2025-09-09 06:37:09.471924	2025-09-09 06:37:09.471924
322	299	932	1	2025-09-09 06:37:09.471924	2025-09-09 06:37:09.471924
323	299	933	2	2025-09-09 06:37:09.471924	2025-09-09 06:37:09.471924
324	300	936	1	2025-09-09 06:37:09.471924	2025-09-09 06:37:09.471924
325	301	943	1	2025-09-09 06:37:09.471924	2025-09-09 06:37:09.471924
326	301	944	2	2025-09-09 06:37:09.471924	2025-09-09 06:37:09.471924
327	302	947	1	2025-09-09 06:37:09.471924	2025-09-09 06:37:09.471924
328	303	951	1	2025-09-09 06:37:09.471924	2025-09-09 06:37:09.471924
329	303	952	2	2025-09-09 06:37:09.471924	2025-09-09 06:37:09.471924
330	303	953	3	2025-09-09 06:37:09.471924	2025-09-09 06:37:09.471924
331	304	957	2	2025-09-09 06:37:09.471924	2025-09-09 06:37:09.471924
332	304	958	3	2025-09-09 06:37:09.471924	2025-09-09 06:37:09.471924
333	305	960	1	2025-09-09 06:37:09.471924	2025-09-09 06:37:09.471924
334	306	964	1	2025-09-09 06:37:09.471924	2025-09-09 06:37:09.471924
335	307	969	1	2025-09-09 06:37:09.471924	2025-09-09 06:37:09.471924
336	308	971	1	2025-09-09 06:37:09.471924	2025-09-09 06:37:09.471924
337	309	976	1	2025-09-09 06:37:09.471924	2025-09-09 06:37:09.471924
338	310	981	1	2025-09-09 06:37:09.471924	2025-09-09 06:37:09.471924
339	311	985	1	2025-09-09 06:37:09.471924	2025-09-09 06:37:09.471924
340	312	989	1	2025-09-09 06:37:09.471924	2025-09-09 06:37:09.471924
341	313	992	1	2025-09-09 06:37:09.471924	2025-09-09 06:37:09.471924
342	314	994	1	2025-09-09 06:37:09.471924	2025-09-09 06:37:09.471924
343	315	1000	1	2025-09-09 06:37:09.471924	2025-09-09 06:37:09.471924
344	316	1003	1	2025-09-09 06:37:09.471924	2025-09-09 06:37:09.471924
\.


--
-- Data for Name: mssql_primary_keys; Type: TABLE DATA; Schema: mcl; Owner: postgres
--

COPY mcl.mssql_primary_keys (id, table_id, constraint_name, is_clustered, created_at, updated_at, pk_type, pk_ordinal_position) FROM stdin;
173	1508	PK_accnt	t	2025-09-09 06:37:01.261979	2025-09-09 06:37:01.261979	PRIMARY	1
174	1509	PK_cn	t	2025-09-09 06:37:01.261979	2025-09-09 06:37:01.261979	PRIMARY	1
175	1510	PK_cn_inv	t	2025-09-09 06:37:01.261979	2025-09-09 06:37:01.261979	PRIMARY	1
176	1511	PK_cn_inv_dbt	t	2025-09-09 06:37:01.261979	2025-09-09 06:37:01.261979	PRIMARY	1
177	1512	PK_cn_inv_dbt_upl	t	2025-09-09 06:37:01.261979	2025-09-09 06:37:01.261979	PRIMARY	1
178	1513	PK_cn_inv_dbt_upl_g_p	t	2025-09-09 06:37:01.261979	2025-09-09 06:37:01.261979	PRIMARY	1
179	1514	PK_cn_inv_doc	t	2025-09-09 06:37:01.261979	2025-09-09 06:37:01.261979	PRIMARY	1
180	1515	PK_cn_inv_pm	t	2025-09-09 06:37:01.261979	2025-09-09 06:37:01.261979	PRIMARY	1
181	1516	PK_cn_inv_pm_upl	t	2025-09-09 06:37:01.261979	2025-09-09 06:37:01.261979	PRIMARY	1
182	1517	PK_cn_PrDoc	t	2025-09-09 06:37:01.261979	2025-09-09 06:37:01.261979	PRIMARY	1
183	1518	PK_cn_PrDocP	t	2025-09-09 06:37:01.261979	2025-09-09 06:37:01.261979	PRIMARY	1
184	1519	PK_cn_PrDocT	t	2025-09-09 06:37:01.261979	2025-09-09 06:37:01.261979	PRIMARY	1
185	1520	PK_cn_s	t	2025-09-09 06:37:01.261979	2025-09-09 06:37:01.261979	PRIMARY	1
186	1521	PK_cn_s_org	t	2025-09-09 06:37:01.261979	2025-09-09 06:37:01.261979	PRIMARY	1
187	1522	PK_cn_s_org_smpl	t	2025-09-09 06:37:01.261979	2025-09-09 06:37:01.261979	PRIMARY	1
188	1523	PK_cn_s_type	t	2025-09-09 06:37:01.261979	2025-09-09 06:37:01.261979	PRIMARY	1
189	1524	PK_cnInv	t	2025-09-09 06:37:01.261979	2025-09-09 06:37:01.261979	PRIMARY	1
190	1525	PK_cnInvAccnt	t	2025-09-09 06:37:01.261979	2025-09-09 06:37:01.261979	PRIMARY	1
191	1526	PK_cnInvAccntSmpl	t	2025-09-09 06:37:01.261979	2025-09-09 06:37:01.261979	PRIMARY	1
192	1527	PK_cnInvCmm	t	2025-09-09 06:37:01.261979	2025-09-09 06:37:01.261979	PRIMARY	1
193	1528	PK_cnInvCmmAg	t	2025-09-09 06:37:01.261979	2025-09-09 06:37:01.261979	PRIMARY	1
194	1529	PK_cnInvCmmAgN	t	2025-09-09 06:37:01.261979	2025-09-09 06:37:01.261979	PRIMARY	1
195	1530	PK_cnInvCmmCst	t	2025-09-09 06:37:01.261979	2025-09-09 06:37:01.261979	PRIMARY	1
196	1531	PK_cnInvCmmCstN	t	2025-09-09 06:37:01.261979	2025-09-09 06:37:01.261979	PRIMARY	1
197	1532	PK_cnInvCmmDt	t	2025-09-09 06:37:01.261979	2025-09-09 06:37:01.261979	PRIMARY	1
198	1533	PK_cnInvCmmDtN	t	2025-09-09 06:37:01.261979	2025-09-09 06:37:01.261979	PRIMARY	1
199	1534	PK_cnInvCmmFn	t	2025-09-09 06:37:01.261979	2025-09-09 06:37:01.261979	PRIMARY	1
200	1535	PK_cnInvCmmFnN	t	2025-09-09 06:37:01.261979	2025-09-09 06:37:01.261979	PRIMARY	1
201	1536	PK_cnInvCmmGr	t	2025-09-09 06:37:01.261979	2025-09-09 06:37:01.261979	PRIMARY	1
202	1537	PK_cnInvCmmTp	t	2025-09-09 06:37:01.261979	2025-09-09 06:37:01.261979	PRIMARY	1
203	1538	PK_cnInvGr	t	2025-09-09 06:37:01.261979	2025-09-09 06:37:01.261979	PRIMARY	1
204	1539	PK_cnInvGrNm	t	2025-09-09 06:37:01.261979	2025-09-09 06:37:01.261979	PRIMARY	1
205	1540	PK_cnInvTransfer	t	2025-09-09 06:37:01.261979	2025-09-09 06:37:01.261979	PRIMARY	1
206	1541	PK_cnNum	t	2025-09-09 06:37:01.261979	2025-09-09 06:37:01.261979	PRIMARY	1
207	1542	PK_cnNumType	t	2025-09-09 06:37:01.261979	2025-09-09 06:37:01.261979	PRIMARY	1
208	1543	PK_cst	t	2025-09-09 06:37:01.261979	2025-09-09 06:37:01.261979	PRIMARY	1
209	1544	PK_cstAg	t	2025-09-09 06:37:01.261979	2025-09-09 06:37:01.261979	PRIMARY	1
210	1545	PK_cstAgPn	t	2025-09-09 06:37:01.261979	2025-09-09 06:37:01.261979	PRIMARY	1
211	1546	PK_cstAgPnBranch	t	2025-09-09 06:37:01.261979	2025-09-09 06:37:01.261979	PRIMARY	1
212	1547	PK_cstAgPnMnrl	t	2025-09-09 06:37:01.261979	2025-09-09 06:37:01.261979	PRIMARY	1
213	1549	PK_impGr	t	2025-09-09 06:37:01.261979	2025-09-09 06:37:01.261979	PRIMARY	1
214	1564	PK_inv	t	2025-09-09 06:37:01.261979	2025-09-09 06:37:01.261979	PRIMARY	1
215	1570	PK_invDbt	t	2025-09-09 06:37:01.261979	2025-09-09 06:37:01.261979	PRIMARY	1
216	1571	PK_invDbtTmpCiaRel	t	2025-09-09 06:37:01.261979	2025-09-09 06:37:01.261979	PRIMARY	1
217	1572	PK_invDbtValue	t	2025-09-09 06:37:01.261979	2025-09-09 06:37:01.261979	PRIMARY	1
218	1573	PK_invNum	t	2025-09-09 06:37:01.261979	2025-09-09 06:37:01.261979	PRIMARY	1
219	1574	PK_ipg	t	2025-09-09 06:37:01.261979	2025-09-09 06:37:01.261979	PRIMARY	1
220	1575	PK_ipgCh	t	2025-09-09 06:37:01.261979	2025-09-09 06:37:01.261979	PRIMARY	1
221	1576	PK_ipgChRl	t	2025-09-09 06:37:01.261979	2025-09-09 06:37:01.261979	PRIMARY	1
222	1577	PK_ipgCostIts	t	2025-09-09 06:37:01.261979	2025-09-09 06:37:01.261979	PRIMARY	1
223	1578	PK_ipgCostItsNm	t	2025-09-09 06:37:01.261979	2025-09-09 06:37:01.261979	PRIMARY	1
224	1579	PK_ipgPn	t	2025-09-09 06:37:01.261979	2025-09-09 06:37:01.261979	PRIMARY	1
225	1580	PK_ipgPnLim	t	2025-09-09 06:37:01.261979	2025-09-09 06:37:01.261979	PRIMARY	1
226	1581	PK_ipgSh	t	2025-09-09 06:37:01.261979	2025-09-09 06:37:01.261979	PRIMARY	1
227	1582	PK_ipgSt	t	2025-09-09 06:37:01.261979	2025-09-09 06:37:01.261979	PRIMARY	1
228	1583	PK_ipgStLm	t	2025-09-09 06:37:01.261979	2025-09-09 06:37:01.261979	PRIMARY	1
229	1584	PK_ipgStPn	t	2025-09-09 06:37:01.261979	2025-09-09 06:37:01.261979	PRIMARY	1
230	1585	PK_ipgStRl	t	2025-09-09 06:37:01.261979	2025-09-09 06:37:01.261979	PRIMARY	1
231	1586	PK_ipgStRlSh	t	2025-09-09 06:37:01.261979	2025-09-09 06:37:01.261979	PRIMARY	1
232	1587	PK_ipgStRlShP	t	2025-09-09 06:37:01.261979	2025-09-09 06:37:01.261979	PRIMARY	1
233	1588	PK_ipgUtPl	t	2025-09-09 06:37:01.261979	2025-09-09 06:37:01.261979	PRIMARY	1
234	1589	PK_ipgUtPlGr	t	2025-09-09 06:37:01.261979	2025-09-09 06:37:01.261979	PRIMARY	1
235	1590	PK_ipgUtPlGrP	t	2025-09-09 06:37:01.261979	2025-09-09 06:37:01.261979	PRIMARY	1
236	1591	PK_ipgUtPlP	t	2025-09-09 06:37:01.261979	2025-09-09 06:37:01.261979	PRIMARY	1
237	1592	PK_ipgUtPlPnCostIts	t	2025-09-09 06:37:01.261979	2025-09-09 06:37:01.261979	PRIMARY	1
238	1593	PK_ipgUtPlPnLmMn	t	2025-09-09 06:37:01.261979	2025-09-09 06:37:01.261979	PRIMARY	1
239	1625	PK_ra_change_summ	t	2025-09-09 06:37:01.261979	2025-09-09 06:37:01.261979	PRIMARY	1
240	1594	PK_ipgUtPlPnLmQu	t	2025-09-09 06:37:01.261979	2025-09-09 06:37:01.261979	PRIMARY	1
241	1595	PK_ipgUtPlPnLmYe	t	2025-09-09 06:37:01.261979	2025-09-09 06:37:01.261979	PRIMARY	1
242	1596	PK_JuUnDoc	t	2025-09-09 06:37:01.261979	2025-09-09 06:37:01.261979	PRIMARY	1
243	1597	PK_JuUnDocChng	t	2025-09-09 06:37:01.261979	2025-09-09 06:37:01.261979	PRIMARY	1
244	1598	PK_JuUnDocChngGr	t	2025-09-09 06:37:01.261979	2025-09-09 06:37:01.261979	PRIMARY	1
245	1599	PK_JuUnDocChngGrRel	t	2025-09-09 06:37:01.261979	2025-09-09 06:37:01.261979	PRIMARY	1
246	1600	PK_JuUnDocChngType	t	2025-09-09 06:37:01.261979	2025-09-09 06:37:01.261979	PRIMARY	1
247	1601	PK_JuUnDocImport	t	2025-09-09 06:37:01.261979	2025-09-09 06:37:01.261979	PRIMARY	1
248	1602	PK_JuUnDocPrmr	t	2025-09-09 06:37:01.261979	2025-09-09 06:37:01.261979	PRIMARY	1
249	1603	PK_JuUnDocPrmrGr	t	2025-09-09 06:37:01.261979	2025-09-09 06:37:01.261979	PRIMARY	1
250	1604	PK_JuUnDocPrmrGrRel	t	2025-09-09 06:37:01.261979	2025-09-09 06:37:01.261979	PRIMARY	1
251	1605	PK_JuUnDocPrmrType	t	2025-09-09 06:37:01.261979	2025-09-09 06:37:01.261979	PRIMARY	1
252	1606	PK_JuUnDocReg	t	2025-09-09 06:37:01.261979	2025-09-09 06:37:01.261979	PRIMARY	1
253	1607	PK_JuUnDocRegLink	t	2025-09-09 06:37:01.261979	2025-09-09 06:37:01.261979	PRIMARY	1
254	1608	PK_JuUnDocRelChng	t	2025-09-09 06:37:01.261979	2025-09-09 06:37:01.261979	PRIMARY	1
255	1609	PK_JuUnDocSide	t	2025-09-09 06:37:01.261979	2025-09-09 06:37:01.261979	PRIMARY	1
256	1610	PK_JuUnDocSideOrg	t	2025-09-09 06:37:01.261979	2025-09-09 06:37:01.261979	PRIMARY	1
257	1611	PK_JuUnDocSideType	t	2025-09-09 06:37:01.261979	2025-09-09 06:37:01.261979	PRIMARY	1
258	1612	PK_mmmm	t	2025-09-09 06:37:01.261979	2025-09-09 06:37:01.261979	PRIMARY	1
259	1613	PK_og	t	2025-09-09 06:37:01.261979	2025-09-09 06:37:01.261979	PRIMARY	1
260	1614	PK_ogAg	t	2025-09-09 06:37:01.261979	2025-09-09 06:37:01.261979	PRIMARY	1
261	1615	PK_ogAgFee	t	2025-09-09 06:37:01.261979	2025-09-09 06:37:01.261979	PRIMARY	1
262	1616	PK_ogAgFeeP	t	2025-09-09 06:37:01.261979	2025-09-09 06:37:01.261979	PRIMARY	1
263	1617	PK_ogAgFeePnTest	t	2025-09-09 06:37:01.261979	2025-09-09 06:37:01.261979	PRIMARY	1
264	1618	PK_ogNmF	t	2025-09-09 06:37:01.261979	2025-09-09 06:37:01.261979	PRIMARY	1
265	1620	PK_org_id	t	2025-09-09 06:37:01.261979	2025-09-09 06:37:01.261979	PRIMARY	1
266	1621	PK_org_id_type	t	2025-09-09 06:37:01.261979	2025-09-09 06:37:01.261979	PRIMARY	1
267	1622	PK_qqqq	t	2025-09-09 06:37:01.261979	2025-09-09 06:37:01.261979	PRIMARY	1
268	1623	PK_ra	t	2025-09-09 06:37:01.261979	2025-09-09 06:37:01.261979	PRIMARY	1
269	1624	PK_ra_change	t	2025-09-09 06:37:01.261979	2025-09-09 06:37:01.261979	PRIMARY	1
270	1626	PK_ra_change_summCt	t	2025-09-09 06:37:01.261979	2025-09-09 06:37:01.261979	PRIMARY	1
271	1627	PK_ra_period	t	2025-09-09 06:37:01.261979	2025-09-09 06:37:01.261979	PRIMARY	1
272	1628	PK_ra_summ	t	2025-09-09 06:37:01.261979	2025-09-09 06:37:01.261979	PRIMARY	1
273	1629	PK_ra_summCt	t	2025-09-09 06:37:01.261979	2025-09-09 06:37:01.261979	PRIMARY	1
274	1631	PK_ralpOld	t	2025-09-09 06:37:01.261979	2025-09-09 06:37:01.261979	PRIMARY	1
275	1632	PK_ralpRa	t	2025-09-09 06:37:01.261979	2025-09-09 06:37:01.261979	PRIMARY	1
276	1633	PK_ralpRaAu	t	2025-09-09 06:37:01.261979	2025-09-09 06:37:01.261979	PRIMARY	1
277	1634	PK_rgTaxBuirg	t	2025-09-09 06:37:01.261979	2025-09-09 06:37:01.261979	PRIMARY	1
278	1635	PK_rgTaxIdNumInd	t	2025-09-09 06:37:01.261979	2025-09-09 06:37:01.261979	PRIMARY	1
279	1636	PK_rgTaxIdNumJurPers	t	2025-09-09 06:37:01.261979	2025-09-09 06:37:01.261979	PRIMARY	1
280	1637	PK_rgTaxInd	t	2025-09-09 06:37:01.261979	2025-09-09 06:37:01.261979	PRIMARY	1
281	1638	PK_rgTaxLgEntFrmMtd	t	2025-09-09 06:37:01.261979	2025-09-09 06:37:01.261979	PRIMARY	1
282	1639	PK_rgTaxLgEntTrmMtd	t	2025-09-09 06:37:01.261979	2025-09-09 06:37:01.261979	PRIMARY	1
283	1640	PK_rgTaxMnStRegNum	t	2025-09-09 06:37:01.261979	2025-09-09 06:37:01.261979	PRIMARY	1
284	1641	PK_rgTaxMnStRegNumInd	t	2025-09-09 06:37:01.261979	2025-09-09 06:37:01.261979	PRIMARY	1
285	1642	PK_rgTaxName	t	2025-09-09 06:37:01.261979	2025-09-09 06:37:01.261979	PRIMARY	1
286	1643	PK_rgTaxNameShort	t	2025-09-09 06:37:01.261979	2025-09-09 06:37:01.261979	PRIMARY	1
287	1644	PK_rgTaxOffice	t	2025-09-09 06:37:01.261979	2025-09-09 06:37:01.261979	PRIMARY	1
288	1645	PK_rgTaxReason	t	2025-09-09 06:37:01.261979	2025-09-09 06:37:01.261979	PRIMARY	1
289	1646	PK_rgTaxReasonCode	t	2025-09-09 06:37:01.261979	2025-09-09 06:37:01.261979	PRIMARY	1
290	1647	PK_rgTaxRegion	t	2025-09-09 06:37:01.261979	2025-09-09 06:37:01.261979	PRIMARY	1
291	1648	PK_rgTaxReorAcqui	t	2025-09-09 06:37:01.261979	2025-09-09 06:37:01.261979	PRIMARY	1
292	1649	PK_rgTaxReorDivis	t	2025-09-09 06:37:01.261979	2025-09-09 06:37:01.261979	PRIMARY	1
293	1650	PK_rgTaxReorDivisAcqu	t	2025-09-09 06:37:01.261979	2025-09-09 06:37:01.261979	PRIMARY	1
294	1651	PK_rgTaxReorDivisMerg	t	2025-09-09 06:37:01.261979	2025-09-09 06:37:01.261979	PRIMARY	1
295	1652	PK_rgTaxReorMerge	t	2025-09-09 06:37:01.261979	2025-09-09 06:37:01.261979	PRIMARY	1
296	1653	PK_rgTaxReorSepar	t	2025-09-09 06:37:01.261979	2025-09-09 06:37:01.261979	PRIMARY	1
297	1654	PK_rgTaxReorSeparAcqu	t	2025-09-09 06:37:01.261979	2025-09-09 06:37:01.261979	PRIMARY	1
298	1655	PK_rgTaxReorSeparMerg	t	2025-09-09 06:37:01.261979	2025-09-09 06:37:01.261979	PRIMARY	1
299	1656	PK_rgTaxReorTrans	t	2025-09-09 06:37:01.261979	2025-09-09 06:37:01.261979	PRIMARY	1
300	1657	PK_rgTaxSubDivs	t	2025-09-09 06:37:01.261979	2025-09-09 06:37:01.261979	PRIMARY	1
301	1658	PK_rgTaxSubDivsBuirg	t	2025-09-09 06:37:01.261979	2025-09-09 06:37:01.261979	PRIMARY	1
302	1659	PK_rgTaxSubDivsName	t	2025-09-09 06:37:01.261979	2025-09-09 06:37:01.261979	PRIMARY	1
303	1660	PK_rgTaxSubDivsReas	t	2025-09-09 06:37:01.261979	2025-09-09 06:37:01.261979	PRIMARY	1
304	1661	PK_st	t	2025-09-09 06:37:01.261979	2025-09-09 06:37:01.261979	PRIMARY	1
305	1662	PK_stCost	t	2025-09-09 06:37:01.261979	2025-09-09 06:37:01.261979	PRIMARY	1
306	1663	PK_stCostNm	t	2025-09-09 06:37:01.261979	2025-09-09 06:37:01.261979	PRIMARY	1
307	1664	PK_stiLim	t	2025-09-09 06:37:01.261979	2025-09-09 06:37:01.261979	PRIMARY	1
308	1665	PK_stIpg	t	2025-09-09 06:37:01.261979	2025-09-09 06:37:01.261979	PRIMARY	1
309	1666	PK_stIpgNm	t	2025-09-09 06:37:01.261979	2025-09-09 06:37:01.261979	PRIMARY	1
310	1667	PK_stNet	t	2025-09-09 06:37:01.261979	2025-09-09 06:37:01.261979	PRIMARY	1
311	1668	PK_stNetPn	t	2025-09-09 06:37:01.261979	2025-09-09 06:37:01.261979	PRIMARY	1
312	1669	PK_stRel	t	2025-09-09 06:37:01.261979	2025-09-09 06:37:01.261979	PRIMARY	1
313	1670	PK_stType	t	2025-09-09 06:37:01.261979	2025-09-09 06:37:01.261979	PRIMARY	1
314	1671	PK_yr	t	2025-09-09 06:37:01.261979	2025-09-09 06:37:01.261979	PRIMARY	1
315	1672	PK_yr_upl_p	t	2025-09-09 06:37:01.261979	2025-09-09 06:37:01.261979	PRIMARY	1
316	1673	PK_yyyy	t	2025-09-09 06:37:01.261979	2025-09-09 06:37:01.261979	PRIMARY	1
\.


--
-- Data for Name: mssql_stored_procedures; Type: TABLE DATA; Schema: mcl; Owner: postgres
--

COPY mcl.mssql_stored_procedures (id, task_id, object_name, object_type, schema_name, migration_status, migration_date, error_message, create_date, modify_date, object_id, created_at, updated_at, object_type_description, object_description, procedure_definition, parameter_count, is_encrypted, postgres_function_name, postgres_function_definition, migration_duration) FROM stdin;
\.


--
-- Data for Name: mssql_tables; Type: TABLE DATA; Schema: mcl; Owner: postgres
--

COPY mcl.mssql_tables (id, task_id, object_name, object_type, schema_name, migration_status, migration_date, error_message, create_date, modify_date, object_id, created_at, updated_at, object_type_description, object_description, table_size, row_count, primary_key_count, foreign_key_count, index_count, trigger_count, column_count, max_column_length, migration_duration, data_transfer_size, table_catalog) FROM stdin;
1	\N	ПримерТаблицы	TABLE	dbo	pending	\N	\N	\N	\N	\N	2025-09-02 05:59:39.367837	2025-09-02 05:59:39.367837	\N	\N	1024	100	1	0	1	0	5	50	\N	\N	\N
1508	2	accnt	BASE TABLE	ags	pending	\N	\N	2021-03-03 16:39:54.057	2023-04-18 16:46:56.71	\N	2025-09-03 14:51:36.158142	2025-09-03 14:51:36.158142	Пользовательский объект	Описание отсутствует	20971	16	1	0	1	\N	3	\N	\N	\N	Fish_Eye
1509	2	cn	BASE TABLE	ags	pending	\N	\N	2022-08-02 15:20:00.87	2022-08-02 15:21:47.64	\N	2025-09-03 14:51:36.158142	2025-09-03 14:51:36.158142	Пользовательский объект	Описание отсутствует	335544	2329	1	0	1	\N	7	\N	\N	\N	Fish_Eye
1510	2	cn_inv	BASE TABLE	ags	pending	\N	\N	2021-04-06 13:06:46.067	2021-12-13 12:56:39.213	\N	2025-09-03 14:51:36.158142	2025-09-03 14:51:36.158142	Пользовательский объект	Описание отсутствует	209715	2028	1	1	1	\N	9	\N	\N	\N	Fish_Eye
1511	2	cn_inv_dbt	BASE TABLE	ags	pending	\N	\N	2021-12-15 12:22:21.64	2022-12-05 16:51:08.96	\N	2025-09-03 14:51:36.158142	2025-09-03 14:51:36.158142	Пользовательский объект	Дебиторская задолженность именно в этой выгрузке по этому Документу основания (счет-фактура)	3942645	42367	1	2	2	\N	13	\N	\N	\N	Fish_Eye
1512	2	cn_inv_dbt_upl	BASE TABLE	ags	pending	\N	\N	2022-12-05 16:51:08.633	2023-04-18 16:46:56.7	\N	2025-09-03 14:51:36.158142	2025-09-03 14:51:36.158142	Пользовательский объект	1.5. Отчёт кв. (год) (MS Excel) «Выгрузка Бухгалтерии Ф644»	20971	23	1	0	1	\N	5	\N	\N	\N	Fish_Eye
1513	2	cn_inv_dbt_upl_g_p	BASE TABLE	ags	pending	\N	\N	2021-03-03 17:43:06.593	2022-12-05 16:51:09.227	\N	2025-09-03 14:51:36.158142	2025-09-03 14:51:36.158142	Пользовательский объект	Описание отсутствует	20971	45	1	2	1	\N	3	\N	\N	\N	Fish_Eye
1514	2	cn_inv_doc	BASE TABLE	ags	pending	\N	\N	2021-03-19 09:43:50.257	2021-12-09 13:58:51.34	\N	2025-09-03 14:51:36.158142	2025-09-03 14:51:36.158142	Пользовательский объект	Отдельный документ платежа	8923381	211583	1	0	1	\N	7	\N	\N	\N	Fish_Eye
1515	2	cn_inv_pm	BASE TABLE	ags	pending	\N	\N	2021-12-09 13:58:49.64	2022-04-25 16:51:54.903	\N	2025-09-03 14:51:36.158142	2025-09-03 14:51:36.158142	Пользовательский объект	Здесь живут платежи по отдельному документу для «Расширенной выгрузки» 	103295221	479268	1	4	1	\N	31	\N	\N	\N	Fish_Eye
1516	2	cn_inv_pm_upl	BASE TABLE	ags	pending	\N	\N	2021-03-10 12:18:32.57	2021-12-09 13:58:50.397	\N	2025-09-03 14:51:36.158142	2025-09-03 14:51:36.158142	Пользовательский объект	4.1. Расширенная выгрузка (MS Excel)	20971	45	1	0	1	\N	3	\N	\N	\N	Fish_Eye
1517	2	cn_PrDoc	BASE TABLE	ags	pending	\N	\N	2022-03-31 17:40:08.81	2022-06-30 09:41:03.837	\N	2025-09-03 14:51:36.158142	2025-09-03 14:51:36.158142	Пользовательский объект	Первичные документы	398458	2761	1	2	2	\N	9	\N	\N	\N	Fish_Eye
1518	2	cn_PrDocP	BASE TABLE	ags	pending	\N	\N	2022-06-30 09:41:03.49	2022-06-30 09:41:03.837	\N	2025-09-03 14:51:36.158142	2025-09-03 14:51:36.158142	Пользовательский объект	Пункт закупки. У одного первичного документа может быть больше одного пункта закупки по одной и тот же стройке. Различаются по ОКСам и иным признакам наверное	2631925	3433	1	2	1	\N	34	\N	\N	\N	Fish_Eye
1519	2	cn_PrDocT	BASE TABLE	ags	pending	\N	\N	2021-04-07 11:23:05.257	2022-03-31 17:40:09.023	\N	2025-09-03 14:51:36.158142	2025-09-03 14:51:36.158142	Пользовательский объект	Вид документа закупки	20971	4	1	0	2	\N	4	\N	\N	\N	Fish_Eye
1520	2	cn_s	BASE TABLE	ags	pending	\N	\N	2021-03-03 13:40:12.357	2022-08-02 15:20:00.993	\N	2025-09-03 14:51:36.158142	2025-09-03 14:51:36.158142	Пользовательский объект	Описание отсутствует	136314	3198	1	2	2	\N	3	\N	\N	\N	Fish_Eye
1521	2	cn_s_org	BASE TABLE	ags	pending	\N	\N	2021-12-13 12:56:36.397	2022-03-21 09:25:32.77	\N	2025-09-03 14:51:36.158142	2025-09-03 14:51:36.158142	Пользовательский объект	Описание отсутствует	188743	2993	1	1	3	\N	8	\N	\N	\N	Fish_Eye
1522	2	cn_s_org_smpl	BASE TABLE	ags	pending	\N	\N	2021-12-08 11:42:28.72	2021-12-13 12:56:36.937	\N	2025-09-03 14:51:36.158142	2025-09-03 14:51:36.158142	Пользовательский объект	21-1208 Табличка простой организации-стороны договора 	209715	3326	1	2	2	\N	4	\N	\N	\N	Fish_Eye
1523	2	cn_s_type	BASE TABLE	ags	pending	\N	\N	2021-03-03 13:38:37.96	2021-03-03 13:41:07.607	\N	2025-09-03 14:51:36.158142	2025-09-03 14:51:36.158142	Пользовательский объект	Описание отсутствует	20971	2	1	0	1	\N	2	\N	\N	\N	Fish_Eye
1524	2	cnInv	BASE TABLE	ags	pending	\N	\N	2022-03-21 09:09:45.68	2022-08-02 15:20:00.973	\N	2025-09-03 14:51:36.158142	2025-09-03 14:51:36.158142	Пользовательский объект	Счета фактуры. Вариант второй, связаны непосредственно с договором	5777653	90965	1	2	1	\N	6	\N	\N	\N	Fish_Eye
1525	2	cnInvAccnt	BASE TABLE	ags	pending	\N	\N	2022-01-17 10:36:53.567	2022-12-06 16:48:37.053	\N	2025-09-03 14:51:36.158142	2025-09-03 14:51:36.158142	Пользовательский объект	Табличка, собственно, задолженностей. По состоянию на 07.12.2021 наступило понимание, что задолженность не идентифицируется тройкой договор-СФ-СГК, нужно расширить до четвёрки договор-СФ-СГК-контрагент (с датой). И даже этим не идентифицируется. Ещё нужно имя, так как существует 0818 CR 0096/АА01/, имеющий две задолженности в одной выгрузке для одного счёта и контрагента	796917	12693	1	2	2	\N	7	\N	\N	\N	Fish_Eye
1526	2	cnInvAccntSmpl	BASE TABLE	ags	pending	\N	\N	2021-12-09 13:16:33.023	2022-03-31 17:40:09.03	\N	2025-09-03 14:51:36.158142	2025-09-03 14:51:36.158142	Пользовательский объект	Факты связи тройки: \r\n1. пара *Счёт-фактура + Договор*, \r\n2. счёт главной книги, \r\n3. организации-простой стороне договора.	4330618	91554	1	3	2	\N	6	\N	\N	\N	Fish_Eye
1527	2	cnInvCmm	BASE TABLE	ags	pending	\N	\N	2021-12-20 16:57:03.913	2022-01-17 10:36:59.423	\N	2025-09-03 14:51:36.158142	2025-09-03 14:51:36.158142	Пользовательский объект	Описание отсутствует	8598323	11556	1	3	2	\N	6	\N	\N	\N	Fish_Eye
1528	2	cnInvCmmAg	BASE TABLE	ags	pending	\N	\N	2021-12-21 15:27:03.47	2022-01-17 10:37:00.003	\N	2025-09-03 14:51:36.158142	2025-09-03 14:51:36.158142	Пользовательский объект	Агент, определенный в комментариях	52428	1281	1	3	2	\N	5	\N	\N	\N	Fish_Eye
1529	2	cnInvCmmAgN	BASE TABLE	ags	pending	\N	\N	2021-12-21 15:32:21.837	2021-12-21 15:33:02.43	\N	2025-09-03 14:51:36.158142	2025-09-03 14:51:36.158142	Пользовательский объект	Типы агентов, определённых в комментариях	20971	2	1	0	1	\N	2	\N	\N	\N	Fish_Eye
1530	2	cnInvCmmCst	BASE TABLE	ags	pending	\N	\N	2021-12-21 14:04:40.37	2022-01-17 10:36:55.25	\N	2025-09-03 14:51:36.158142	2025-09-03 14:51:36.158142	Пользовательский объект	Ссылки в комментариях на стройки	272629	5785	1	3	2	\N	5	\N	\N	\N	Fish_Eye
1531	2	cnInvCmmCstN	BASE TABLE	ags	pending	\N	\N	2021-12-21 14:05:08.45	2021-12-21 14:05:08.627	\N	2025-09-03 14:51:36.158142	2025-09-03 14:51:36.158142	Пользовательский объект	Тип ссылок на стройки в комментариях	20971	2	1	0	1	\N	2	\N	\N	\N	Fish_Eye
1532	2	cnInvCmmDt	BASE TABLE	ags	pending	\N	\N	2021-12-20 17:04:24.36	2022-01-17 10:36:58.773	\N	2025-09-03 14:51:36.158142	2025-09-03 14:51:36.158142	Пользовательский объект	комментарии - даты	20971	151	1	3	2	\N	6	\N	\N	\N	Fish_Eye
1533	2	cnInvCmmDtN	BASE TABLE	ags	pending	\N	\N	2021-05-21 11:46:47.423	2021-12-20 17:04:24.393	\N	2025-09-03 14:51:36.158142	2025-09-03 14:51:36.158142	Пользовательский объект	Описание отсутствует	20971	1	1	0	1	\N	2	\N	\N	\N	Fish_Eye
1534	2	cnInvCmmFn	BASE TABLE	ags	pending	\N	\N	2021-12-20 17:09:29.963	2022-01-17 10:36:57.68	\N	2025-09-03 14:51:36.158142	2025-09-03 14:51:36.158142	Пользовательский объект	Описание отсутствует	62914	1123	1	3	2	\N	6	\N	\N	\N	Fish_Eye
1535	2	cnInvCmmFnN	BASE TABLE	ags	pending	\N	\N	2021-05-21 11:35:12.47	2021-12-20 17:09:29.99	\N	2025-09-03 14:51:36.158142	2025-09-03 14:51:36.158142	Пользовательский объект	типы финансовых комментариев к группе комментариев счёта-фактуры	20971	5	1	0	1	\N	2	\N	\N	\N	Fish_Eye
1536	2	cnInvCmmGr	BASE TABLE	ags	pending	\N	\N	2021-05-20 15:46:26.017	2022-05-23 10:38:56.73	\N	2025-09-03 14:51:36.158142	2025-09-03 14:51:36.158142	Пользовательский объект	Описание отсутствует	20971	34	1	0	1	\N	4	\N	\N	\N	Fish_Eye
1537	2	cnInvCmmTp	BASE TABLE	ags	pending	\N	\N	2021-05-20 15:50:35.98	2021-12-20 17:03:47.193	\N	2025-09-03 14:51:36.158142	2025-09-03 14:51:36.158142	Пользовательский объект	тип коомментариев к счёту-фактуре	20971	10	1	0	1	\N	2	\N	\N	\N	Fish_Eye
1538	2	cnInvGr	BASE TABLE	ags	pending	\N	\N	2021-12-20 17:15:07.817	2022-01-17 10:36:57.18	\N	2025-09-03 14:51:36.158142	2025-09-03 14:51:36.158142	Пользовательский объект	Описание отсутствует	20971	160	1	3	2	\N	5	\N	\N	\N	Fish_Eye
1539	2	cnInvGrNm	BASE TABLE	ags	pending	\N	\N	2021-05-20 16:43:16.397	2021-12-20 17:15:07.863	\N	2025-09-03 14:51:36.158142	2025-09-03 14:51:36.158142	Пользовательский объект	Описание отсутствует	20971	3	1	0	1	\N	2	\N	\N	\N	Fish_Eye
1540	2	cnInvTransfer	BASE TABLE	ags	pending	\N	\N	2021-05-13 16:06:38.883	2021-05-13 16:06:38.917	\N	2025-09-03 14:51:36.158142	2025-09-03 14:51:36.158142	Пользовательский объект	Описание отсутствует	62914	2028	1	0	1	\N	3	\N	\N	\N	Fish_Eye
1541	2	cnNum	BASE TABLE	ags	pending	\N	\N	2022-01-11 15:29:50.683	2022-08-02 15:20:00.95	\N	2025-09-03 14:51:36.158142	2025-09-03 14:51:36.158142	Пользовательский объект	Номер договора	398458	2354	1	2	1	\N	7	\N	\N	\N	Fish_Eye
1542	2	cnNumType	BASE TABLE	ags	pending	\N	\N	2022-01-11 09:44:58.65	2022-01-11 15:29:50.733	\N	2025-09-03 14:51:36.158142	2025-09-03 14:51:36.158142	Пользовательский объект	Тип номера договора	20971	3	1	0	1	\N	2	\N	\N	\N	Fish_Eye
1543	2	cst	BASE TABLE	ags	pending	\N	\N	2021-02-25 15:57:13.303	2021-07-29 11:44:52.803	\N	2025-09-03 14:51:36.158142	2025-09-03 14:51:36.158142	Пользовательский объект	Стройки	1384120	5064	1	0	1	\N	5	\N	\N	\N	Fish_Eye
1544	2	cstAg	BASE TABLE	ags	pending	\N	\N	2021-02-25 16:08:16.23	2024-04-03 17:11:29.71	\N	2025-09-03 14:51:36.158142	2025-09-03 14:51:36.158142	Пользовательский объект	Агент по стройке	335544	3129	1	2	2	\N	5	\N	\N	\N	Fish_Eye
1545	2	cstAgPn	BASE TABLE	ags	pending	\N	\N	2021-02-25 16:14:54.543	2024-04-03 17:11:29.74	\N	2025-09-03 14:51:36.158142	2025-09-03 14:51:36.158142	Пользовательский объект	Объект *Стройка-Агент-Код*	398458	4351	1	1	2	\N	7	\N	\N	\N	Fish_Eye
1546	2	cstAgPnBranch	BASE TABLE	ags	pending	\N	\N	2023-04-24 11:45:56.897	2023-04-24 12:30:53.657	\N	2025-09-03 14:51:36.158142	2025-09-03 14:51:36.158142	Пользовательский объект	Описание отсутствует	52428	1015	1	2	1	\N	5	\N	\N	\N	Fish_Eye
1547	2	cstAgPnMnrl	BASE TABLE	ags	pending	\N	\N	2021-04-14 09:32:35.95	2023-11-28 14:29:10.673	\N	2025-09-03 14:51:36.158142	2025-09-03 14:51:36.158142	Пользовательский объект	Общедоступные полезные ископаемые	52428	788	1	1	2	\N	6	\N	\N	\N	Fish_Eye
1548	2	impCstCodeStrange	BASE TABLE	ags	pending	\N	\N	2021-03-22 14:51:39.773	2021-03-22 15:05:17.62	\N	2025-09-03 14:51:36.158142	2025-09-03 14:51:36.158142	Пользовательский объект	Описание отсутствует	136314	555	0	0	0	\N	6	\N	\N	\N	Fish_Eye
1549	2	impGr	BASE TABLE	ags	pending	\N	\N	2021-03-15 12:40:41.377	2022-09-30 10:52:17.573	\N	2025-09-03 14:51:36.158142	2025-09-03 14:51:36.158142	Пользовательский объект	Описание отсутствует	20971	3	1	0	1	\N	3	\N	\N	\N	Fish_Eye
1550	2	importDbt_23-0331_Pir	BASE TABLE	ags	pending	\N	\N	2023-05-17 12:24:34.21	2023-05-17 12:24:34.21	\N	2025-09-03 14:51:36.158142	2025-09-03 14:51:36.158142	Пользовательский объект	Описание отсутствует	136314	60	0	0	0	\N	9	\N	\N	\N	Fish_Eye
1551	2	importDbt_23-0331_Test	BASE TABLE	ags	pending	\N	\N	2023-05-18 09:59:08.877	2023-05-18 09:59:08.877	\N	2025-09-03 14:51:36.158142	2025-09-03 14:51:36.158142	Пользовательский объект	Описание отсутствует	272629	96	0	0	0	\N	9	\N	\N	\N	Fish_Eye
1552	2	importDbt_23-0630_Pir	BASE TABLE	ags	pending	\N	\N	2023-08-08 10:49:57.283	2023-08-08 16:28:24.18	\N	2025-09-03 14:51:36.158142	2025-09-03 14:51:36.158142	Пользовательский объект	Описание отсутствует	209715	65	0	0	0	\N	9	\N	\N	\N	Fish_Eye
1553	2	importDbt_23-0630_Test	BASE TABLE	ags	pending	\N	\N	2023-08-08 16:25:11.293	2023-08-08 16:25:11.293	\N	2025-09-03 14:51:36.158142	2025-09-03 14:51:36.158142	Пользовательский объект	Описание отсутствует	272629	96	0	0	0	\N	9	\N	\N	\N	Fish_Eye
1555	2	importDbt_23-0930_Test	BASE TABLE	ags	pending	\N	\N	2023-11-02 16:44:21.063	2023-11-02 16:44:21.063	\N	2025-09-03 14:51:36.158142	2025-09-03 14:51:36.158142	Пользовательский объект	Описание отсутствует	209715	70	0	0	0	\N	4	\N	\N	\N	Fish_Eye
1557	2	importDbt_23-1231_Test	BASE TABLE	ags	pending	\N	\N	2024-02-26 12:33:34.433	2024-02-26 12:34:17.207	\N	2025-09-03 14:51:36.158142	2025-09-03 14:51:36.158142	Пользовательский объект	Описание отсутствует	136314	64	0	0	0	\N	7	\N	\N	\N	Fish_Eye
1558	2	importDbt_25-0210_Test-Pir	BASE TABLE	ags	pending	\N	\N	2025-02-10 12:56:17.483	2025-02-10 13:14:44.387	\N	2025-09-03 14:51:36.158142	2025-09-03 14:51:36.158142	Пользовательский объект	Описание отсутствует	471859	104	0	0	0	\N	5	\N	\N	\N	Fish_Eye
1559	2	importDbt_25-0529_Test-Pir	BASE TABLE	ags	pending	\N	\N	2025-05-29 12:04:57.45	2025-05-29 12:04:57.45	\N	2025-09-03 14:51:36.158142	2025-09-03 14:51:36.158142	Пользовательский объект	Описание отсутствует	335544	59	0	0	0	\N	5	\N	\N	\N	Fish_Eye
1560	2	importDbt_25-0606_Test-Pir	BASE TABLE	ags	pending	\N	\N	2025-06-06 12:45:06.053	2025-06-06 12:45:06.053	\N	2025-09-03 14:51:36.158142	2025-09-03 14:51:36.158142	Пользовательский объект	Описание отсутствует	398458	96	0	0	0	\N	5	\N	\N	\N	Fish_Eye
1561	2	importDbt_25-0731_Test-Pir	BASE TABLE	ags	pending	\N	\N	2025-07-31 17:41:59.057	2025-07-31 17:42:51.733	\N	2025-09-03 14:51:36.158142	2025-09-03 14:51:36.158142	Пользовательский объект	Описание отсутствует	398458	96	0	0	0	\N	5	\N	\N	\N	Fish_Eye
1562	2	importMnrl_23-1128	BASE TABLE	ags	pending	\N	\N	2023-11-28 15:03:05.6	2023-11-28 15:03:05.6	\N	2025-09-03 14:51:36.158142	2025-09-03 14:51:36.158142	Пользовательский объект	Описание отсутствует	73400	35	0	0	0	\N	6	\N	\N	\N	Fish_Eye
1563	2	impPIR_21	BASE TABLE	ags	pending	\N	\N	2021-07-28 17:34:56.343	2021-07-28 17:36:40.33	\N	2025-09-03 14:51:36.158142	2025-09-03 14:51:36.158142	Пользовательский объект	Описание отсутствует	136314	620	0	0	0	\N	2	\N	\N	\N	Fish_Eye
1564	2	inv	BASE TABLE	ags	pending	\N	\N	2022-01-12 13:49:46.16	2022-12-06 11:07:02.64	\N	2025-09-03 14:51:36.158142	2025-09-03 14:51:36.158142	Пользовательский объект	Основная таблица счётов-фактур. 04.01.2022.	3743416	90806	1	0	1	\N	7	\N	\N	\N	Fish_Eye
1565	2	invBranch_23q1	BASE TABLE	ags	pending	\N	\N	2023-06-21 11:24:19.01	2023-06-21 11:24:19.01	\N	2025-09-03 14:51:36.158142	2025-09-03 14:51:36.158142	Пользовательский объект	Описание отсутствует	73400	549	0	0	0	\N	3	\N	\N	\N	Fish_Eye
1566	2	invBranch_23q2	BASE TABLE	ags	pending	\N	\N	2023-08-15 10:44:45.68	2023-08-15 10:51:29.333	\N	2025-09-03 14:51:36.158142	2025-09-03 14:51:36.158142	Пользовательский объект	Описание отсутствует	136314	586	0	0	0	\N	5	\N	\N	\N	Fish_Eye
1567	2	invBranch_25q0	BASE TABLE	ags	pending	\N	\N	2025-01-21 15:48:55.9	2025-01-21 15:48:55.9	\N	2025-09-03 14:51:36.158142	2025-09-03 14:51:36.158142	Пользовательский объект	Описание отсутствует	94371	479	0	0	0	\N	2	\N	\N	\N	Fish_Eye
1568	2	invBranch_25q1	BASE TABLE	ags	pending	\N	\N	2025-05-28 13:10:21.78	2025-05-28 13:10:21.78	\N	2025-09-03 14:51:36.158142	2025-09-03 14:51:36.158142	Пользовательский объект	Описание отсутствует	73400	516	0	0	0	\N	4	\N	\N	\N	Fish_Eye
1570	2	invDbt	BASE TABLE	ags	pending	\N	\N	2022-12-01 16:51:54.897	2023-04-18 16:46:56.7	\N	2025-09-03 14:51:36.158142	2025-09-03 14:51:36.158142	Пользовательский объект	задолженности по счёту-фактуре	209715	5995	2	1	2	\N	4	\N	\N	\N	Fish_Eye
1571	2	invDbtTmpCiaRel	BASE TABLE	ags	pending	\N	\N	2022-12-06 16:48:37.03	2022-12-06 17:18:17.867	\N	2025-09-03 14:51:36.158142	2025-09-03 14:51:36.158142	Пользовательский объект	временная табличка для связи задолженностей с объектами "Договор, счёт-фактура, счёт главной книги"	209715	6366	3	3	2	\N	3	\N	\N	\N	Fish_Eye
1572	2	invDbtValue	BASE TABLE	ags	pending	\N	\N	2023-04-18 16:46:56.41	2023-04-19 12:45:13.447	\N	2025-09-03 14:51:36.158142	2025-09-03 14:51:36.158142	Пользовательский объект	величина задолженности в выгрузках	0	0	3	6	1	\N	9	\N	\N	\N	Fish_Eye
1573	2	invNum	BASE TABLE	ags	pending	\N	\N	2022-01-11 15:28:44.753	2023-04-18 16:46:56.703	\N	2025-09-03 14:51:36.158142	2025-09-03 14:51:36.158142	Пользовательский объект	Номера счёта-фактуры. 04.01.2022.	5840568	90816	1	1	1	\N	6	\N	\N	\N	Fish_Eye
1574	2	ipg	BASE TABLE	ags	pending	\N	\N	2022-09-07 10:17:11.12	2024-01-10 09:53:50.56	\N	2025-09-03 14:51:36.158142	2025-09-03 14:51:36.158142	Пользовательский объект	Инвестиционная программа	20971	18	1	3	1	\N	10	\N	\N	\N	Fish_Eye
1575	2	ipgCh	BASE TABLE	ags	pending	\N	\N	2021-06-02 09:24:03.433	2022-09-20 11:36:54.587	\N	2025-09-03 14:51:36.158142	2025-09-03 14:51:36.158142	Пользовательский объект	цепочка инвестиционных программ	20971	13	1	0	1	\N	5	\N	\N	\N	Fish_Eye
1576	2	ipgChRl	BASE TABLE	ags	pending	\N	\N	2021-06-02 09:27:18.353	2022-09-07 10:17:12.39	\N	2025-09-03 14:51:36.158142	2025-09-03 14:51:36.158142	Пользовательский объект	вхождение инвестпрограммы в цепочку	20971	26	1	3	1	\N	4	\N	\N	\N	Fish_Eye
1577	2	ipgCostIts	BASE TABLE	ags	pending	\N	\N	2021-06-15 16:12:31.007	2021-10-14 13:46:10.18	\N	2025-09-03 14:51:36.158142	2025-09-03 14:51:36.158142	Пользовательский объект	статьи затрат	73400	62	1	0	1	\N	2	\N	\N	\N	Fish_Eye
1578	2	ipgCostItsNm	BASE TABLE	ags	pending	\N	\N	2021-06-15 16:02:08.497	2021-06-15 16:12:31.143	\N	2025-09-03 14:51:36.158142	2025-09-03 14:51:36.158142	Пользовательский объект	наименования статей затрат	20971	63	1	1	1	\N	3	\N	\N	\N	Fish_Eye
1579	2	ipgPn	BASE TABLE	ags	pending	\N	\N	2024-01-10 09:53:50.1	2024-01-10 09:53:50.947	\N	2025-09-03 14:51:36.158142	2025-09-03 14:51:36.158142	Пользовательский объект	Описание отсутствует	1520435	9726	1	3	2	\N	13	\N	\N	\N	Fish_Eye
1580	2	ipgPnLim	BASE TABLE	ags	pending	\N	\N	2022-04-12 17:26:53.387	2024-01-10 09:53:50.727	\N	2025-09-03 14:51:36.158142	2025-09-03 14:51:36.158142	Пользовательский объект	Лимит по направлению затрат для пункта инвестпрограммы	534773	14628	1	2	2	\N	4	\N	\N	\N	Fish_Eye
1581	2	ipgSh	BASE TABLE	ags	pending	\N	\N	2021-03-02 16:33:15.91	2024-01-10 09:53:50.493	\N	2025-09-03 14:51:36.158142	2025-09-03 14:51:36.158142	Пользовательский объект	схемы реализации инвестиционных проектов	20971	3	1	0	1	\N	2	\N	\N	\N	Fish_Eye
1582	2	ipgSt	BASE TABLE	ags	pending	\N	\N	2021-05-31 09:47:07.503	2022-04-11 16:10:14.79	\N	2025-09-03 14:51:36.158142	2025-09-03 14:51:36.158142	Пользовательский объект	Пункты структуры инвестпрограммы	20971	75	1	1	1	\N	3	\N	\N	\N	Fish_Eye
1583	2	ipgStLm	BASE TABLE	ags	pending	\N	\N	2022-02-07 15:10:06.68	2022-02-07 15:33:17.953	\N	2025-09-03 14:51:36.158142	2025-09-03 14:51:36.158142	Пользовательский объект	Показывает, нужно ли к освоению по пункту структуры добавлять суммы освоенные по каким либо стройкам не входящим в инвестпрограмму	20971	3	1	0	1	\N	2	\N	\N	\N	Fish_Eye
1584	2	ipgStPn	BASE TABLE	ags	pending	\N	\N	2022-05-26 12:24:10.85	2024-01-10 09:53:50.957	\N	2025-09-03 14:51:36.158142	2025-09-03 14:51:36.158142	Пользовательский объект	Связь пункта инвестпрограммы с пунктом структуры	272629	8719	1	2	1	\N	3	\N	\N	\N	Fish_Eye
1585	2	ipgStRl	BASE TABLE	ags	pending	\N	\N	2021-05-31 09:50:19.537	2021-05-31 15:55:43.35	\N	2025-09-03 14:51:36.158142	2025-09-03 14:51:36.158142	Пользовательский объект	Описание отсутствует	20971	84	1	2	1	\N	3	\N	\N	\N	Fish_Eye
1586	2	ipgStRlSh	BASE TABLE	ags	pending	\N	\N	2022-02-09 15:35:48.27	2022-04-11 16:40:56.81	\N	2025-09-03 14:51:36.158142	2025-09-03 14:51:36.158142	Пользовательский объект	схемы структур пунктов инвестпрограммы	20971	2	1	0	1	\N	3	\N	\N	\N	Fish_Eye
1587	2	ipgStRlShP	BASE TABLE	ags	pending	\N	\N	2021-05-31 15:55:43.327	2022-02-09 15:35:48.343	\N	2025-09-03 14:51:36.158142	2025-09-03 14:51:36.158142	Пользовательский объект	принадлежность связи между пунктами структуры схеме структуры	20971	122	1	2	1	\N	4	\N	\N	\N	Fish_Eye
1588	2	ipgUtPl	BASE TABLE	ags	pending	\N	\N	2021-06-15 11:49:16.2	2022-09-07 10:17:12.113	\N	2025-09-03 14:51:36.158142	2025-09-03 14:51:36.158142	Пользовательский объект	планы агентов по своению лимитов инвестиционных программ	41943	194	1	2	1	\N	5	\N	\N	\N	Fish_Eye
1589	2	ipgUtPlGr	BASE TABLE	ags	pending	\N	\N	2021-06-16 15:40:33.853	2022-09-07 10:17:12.94	\N	2025-09-03 14:51:36.158142	2025-09-03 14:51:36.158142	Пользовательский объект	группа планов освоения для инвестпрограммы. Для включения в цепь	20971	17	1	1	1	\N	3	\N	\N	\N	Fish_Eye
1590	2	ipgUtPlGrP	BASE TABLE	ags	pending	\N	\N	2021-06-16 15:47:31.013	2021-06-16 15:48:48.743	\N	2025-09-03 14:51:36.158142	2025-09-03 14:51:36.158142	Пользовательский объект	пункт группы планов освоения	20971	203	1	2	1	\N	3	\N	\N	\N	Fish_Eye
1591	2	ipgUtPlP	BASE TABLE	ags	pending	\N	\N	2021-10-14 13:42:33.347	2024-01-10 09:53:50.863	\N	2025-09-03 14:51:36.158142	2025-09-03 14:51:36.158142	Пользовательский объект	пункт плана агента по освоению лимита инвестиционной программы	2956984	9415	1	3	2	\N	32	\N	\N	\N	Fish_Eye
1592	2	ipgUtPlPnCostIts	BASE TABLE	ags	pending	\N	\N	2021-10-14 13:46:10.007	2021-10-14 13:46:10.183	\N	2025-09-03 14:51:36.158142	2025-09-03 14:51:36.158142	Пользовательский объект	Описание отсутствует	0	0	1	2	1	\N	31	\N	\N	\N	Fish_Eye
1593	2	ipgUtPlPnLmMn	BASE TABLE	ags	pending	\N	\N	2022-04-13 09:05:25.053	2022-04-13 12:18:34.3	\N	2025-09-03 14:51:36.158142	2025-09-03 14:51:36.158142	Пользовательский объект	Планируемое освоение для определенного месяца для пункта уточнённого плана по пункту структуры затрат	1184890	19422	1	3	2	\N	5	\N	\N	\N	Fish_Eye
1625	2	ra_change_summ	BASE TABLE	ags	pending	\N	\N	2021-02-25 17:26:42.487	2022-07-15 11:13:01.11	\N	2025-09-03 14:51:36.158142	2025-09-03 14:51:36.158142	Пользовательский объект	Описание отсутствует	209715	1924	1	1	1	\N	7	\N	\N	\N	Fish_Eye
1594	2	ipgUtPlPnLmQu	BASE TABLE	ags	pending	\N	\N	2022-04-13 09:13:52.273	2022-04-13 12:31:23.627	\N	2025-09-03 14:51:36.158142	2025-09-03 14:51:36.158142	Пользовательский объект	Планируемое освоение для определенного квартала для пункта уточнённого плана по пункту структуры затрат	136314	1484	1	3	1	\N	5	\N	\N	\N	Fish_Eye
1595	2	ipgUtPlPnLmYe	BASE TABLE	ags	pending	\N	\N	2022-04-13 08:49:06.49	2022-04-13 12:36:53.78	\N	2025-09-03 14:51:36.158142	2025-09-03 14:51:36.158142	Пользовательский объект	Планируемое освоение для определенного года для пункта уточнённого плана по пункту структуры затрат	209715	2426	1	2	2	\N	4	\N	\N	\N	Fish_Eye
1596	2	JuUnDoc	BASE TABLE	ags	pending	\N	\N	2023-02-15 16:52:11.547	2023-03-07 12:05:29.14	\N	2025-09-03 14:51:36.158142	2025-09-03 14:51:36.158142	Пользовательский объект	Описание отсутствует	1583349	32063	1	0	2	\N	7	\N	\N	\N	Fish_Eye
1597	2	JuUnDocChng	BASE TABLE	ags	pending	\N	\N	2023-02-15 12:15:14.367	2023-03-07 12:20:26.55	\N	2025-09-03 14:51:36.158142	2025-09-03 14:51:36.158142	Пользовательский объект	документы юротдела, изменения	534773	23845	1	3	1	\N	3	\N	\N	\N	Fish_Eye
1598	2	JuUnDocChngGr	BASE TABLE	ags	pending	\N	\N	2023-03-07 12:15:52.5	2023-03-07 12:19:47.93	\N	2025-09-03 14:51:36.158142	2025-09-03 14:51:36.158142	Пользовательский объект	группы вторичных документов	0	0	1	0	1	\N	2	\N	\N	\N	Fish_Eye
1599	2	JuUnDocChngGrRel	BASE TABLE	ags	pending	\N	\N	2023-03-07 12:13:54.197	2023-03-07 12:20:26.55	\N	2025-09-03 14:51:36.158142	2025-09-03 14:51:36.158142	Пользовательский объект	связь вторичных документов с группами	0	0	1	2	1	\N	3	\N	\N	\N	Fish_Eye
1600	2	JuUnDocChngType	BASE TABLE	ags	pending	\N	\N	2023-02-15 12:25:31.647	2023-02-15 12:26:55.247	\N	2025-09-03 14:51:36.158142	2025-09-03 14:51:36.158142	Пользовательский объект	Описание отсутствует	20971	4	1	0	1	\N	2	\N	\N	\N	Fish_Eye
1601	2	JuUnDocImport	BASE TABLE	ags	pending	\N	\N	2023-02-15 16:50:50.1	2023-02-17 11:58:56.587	\N	2025-09-03 14:51:36.158142	2025-09-03 14:51:36.158142	Пользовательский объект	Описание отсутствует	53267660	31107	1	0	1	\N	27	\N	\N	\N	Fish_Eye
1602	2	JuUnDocPrmr	BASE TABLE	ags	pending	\N	\N	2023-02-14 17:25:09.367	2023-03-07 12:17:31.703	\N	2025-09-03 14:51:36.158142	2025-09-03 14:51:36.158142	Пользовательский объект	документ юротдела, первичный	272629	8218	1	3	1	\N	3	\N	\N	\N	Fish_Eye
1603	2	JuUnDocPrmrGr	BASE TABLE	ags	pending	\N	\N	2023-03-07 11:37:13.14	2023-03-07 12:16:58.233	\N	2025-09-03 14:51:36.158142	2025-09-03 14:51:36.158142	Пользовательский объект	группы первичных документов	41943	115	1	0	1	\N	2	\N	\N	\N	Fish_Eye
1604	2	JuUnDocPrmrGrRel	BASE TABLE	ags	pending	\N	\N	2023-03-07 11:45:38.927	2023-03-07 12:17:31.707	\N	2025-09-03 14:51:36.158142	2025-09-03 14:51:36.158142	Пользовательский объект	связь первичных документов с группами	0	0	1	2	2	\N	3	\N	\N	\N	Fish_Eye
1605	2	JuUnDocPrmrType	BASE TABLE	ags	pending	\N	\N	2023-02-14 17:24:31.723	2023-02-14 17:26:41.383	\N	2025-09-03 14:51:36.158142	2025-09-03 14:51:36.158142	Пользовательский объект	Описание отсутствует	20971	9	1	0	1	\N	2	\N	\N	\N	Fish_Eye
1606	2	JuUnDocReg	BASE TABLE	ags	pending	\N	\N	2023-02-15 09:46:06.203	2023-03-06 14:43:26.32	\N	2025-09-03 14:51:36.158142	2025-09-03 14:51:36.158142	Пользовательский объект	документ юротдела, регистрация	2495610	31105	1	1	3	\N	8	\N	\N	\N	Fish_Eye
1607	2	JuUnDocRegLink	BASE TABLE	ags	pending	\N	\N	2023-03-06 14:42:37.99	2023-03-06 14:43:26.32	\N	2025-09-03 14:51:36.158142	2025-09-03 14:51:36.158142	Пользовательский объект	Описание отсутствует	5054136	30558	1	1	1	\N	3	\N	\N	\N	Fish_Eye
1608	2	JuUnDocRelChng	BASE TABLE	ags	pending	\N	\N	2023-02-15 12:32:37.02	2023-02-15 16:52:12.393	\N	2025-09-03 14:51:36.158142	2025-09-03 14:51:36.158142	Пользовательский объект	связь документов и их изменений	734003	23846	1	2	1	\N	4	\N	\N	\N	Fish_Eye
1609	2	JuUnDocSide	BASE TABLE	ags	pending	\N	\N	2023-02-15 12:51:35.437	2023-02-15 16:52:12.28	\N	2025-09-03 14:51:36.158142	2025-09-03 14:51:36.158142	Пользовательский объект	документ юротдела, сторона	0	0	1	3	2	\N	4	\N	\N	\N	Fish_Eye
1610	2	JuUnDocSideOrg	BASE TABLE	ags	pending	\N	\N	2023-02-15 14:26:02.057	2023-02-15 14:26:56.597	\N	2025-09-03 14:51:36.158142	2025-09-03 14:51:36.158142	Пользовательский объект	Описание отсутствует	0	0	1	0	1	\N	2	\N	\N	\N	Fish_Eye
1611	2	JuUnDocSideType	BASE TABLE	ags	pending	\N	\N	2023-02-15 12:54:13.44	2023-02-15 12:54:52.473	\N	2025-09-03 14:51:36.158142	2025-09-03 14:51:36.158142	Пользовательский объект	Описание отсутствует	0	0	1	0	1	\N	2	\N	\N	\N	Fish_Eye
1612	2	mmmm	BASE TABLE	ags	pending	\N	\N	2021-03-22 17:43:51.043	2023-07-06 15:26:46.243	\N	2025-09-03 14:51:36.158142	2025-09-03 14:51:36.158142	Пользовательский объект	Описание отсутствует	20971	12	1	0	1	\N	6	\N	\N	\N	Fish_Eye
1613	2	og	BASE TABLE	ags	pending	\N	\N	2023-01-24 16:45:38.98	2024-04-03 17:18:55.01	\N	2025-09-03 14:51:36.158142	2025-09-03 14:51:36.158142	Пользовательский объект	Описание отсутствует	178257	425	1	0	2	\N	11	\N	\N	\N	Fish_Eye
1614	2	ogAg	BASE TABLE	ags	pending	\N	\N	2021-02-25 16:42:52.303	2023-07-06 15:26:46.227	\N	2025-09-03 14:51:36.158142	2025-09-03 14:51:36.158142	Пользовательский объект	Описание отсутствует	20971	66	1	1	1	\N	4	\N	\N	\N	Fish_Eye
1615	2	ogAgFee	BASE TABLE	ags	pending	\N	\N	2023-07-06 15:26:46.18	2023-07-07 12:50:48.407	\N	2025-09-03 14:51:36.158142	2025-09-03 14:51:36.158142	Пользовательский объект	Акты по агентскому вознаграждению	335544	837	1	3	1	\N	16	\N	\N	\N	Fish_Eye
1616	2	ogAgFeeP	BASE TABLE	ags	pending	\N	\N	2021-09-06 14:49:12.44	2023-07-07 14:41:29.7	\N	2025-09-03 14:51:36.158142	2025-09-03 14:51:36.158142	Пользовательский объект	Пункт акта по агентскому вознаграждению	3019898	26628	1	2	2	\N	11	\N	\N	\N	Fish_Eye
1617	2	ogAgFeePnTest	BASE TABLE	ags	pending	\N	\N	2023-07-06 12:04:47.943	2023-07-06 12:04:48.03	\N	2025-09-03 14:51:36.158142	2025-09-03 14:51:36.158142	Пользовательский объект	промежуточная табличка для ревизии пунктов отчётов по агентскому вознаграждению	922746	3635	1	0	1	\N	20	\N	\N	\N	Fish_Eye
1618	2	ogNmF	BASE TABLE	ags	pending	\N	\N	2021-04-06 10:25:07.987	2023-01-24 16:45:39.193	\N	2025-09-03 14:51:36.158142	2025-09-03 14:51:36.158142	Пользовательский объект	Различные наименования организаций для ловли	31457	104	1	1	1	\N	6	\N	\N	\N	Fish_Eye
1619	2	org	BASE TABLE	ags	pending	\N	\N	2021-03-03 13:32:20.21	2021-03-03 13:32:20.21	\N	2025-09-03 14:51:36.158142	2025-09-03 14:51:36.158142	Пользовательский объект	Описание отсутствует	73400	135	0	0	0	\N	5	\N	\N	\N	Fish_Eye
1620	2	org_id	BASE TABLE	ags	pending	\N	\N	2021-03-03 13:50:30.117	2023-01-24 16:45:39.537	\N	2025-09-03 14:51:36.158142	2025-09-03 14:51:36.158142	Пользовательский объект	Описание отсутствует	62914	634	1	2	1	\N	6	\N	\N	\N	Fish_Eye
1621	2	org_id_type	BASE TABLE	ags	pending	\N	\N	2021-03-03 13:48:34.18	2021-03-03 13:51:47.653	\N	2025-09-03 14:51:36.158142	2025-09-03 14:51:36.158142	Пользовательский объект	Описание отсутствует	20971	2	1	0	1	\N	2	\N	\N	\N	Fish_Eye
1622	2	qqqq	BASE TABLE	ags	pending	\N	\N	2022-04-12 17:10:35.533	2022-04-13 09:21:15.807	\N	2025-09-03 14:51:36.158142	2025-09-03 14:51:36.158142	Пользовательский объект	Кварталы	20971	4	1	0	1	\N	3	\N	\N	\N	Fish_Eye
1623	2	ra	BASE TABLE	ags	pending	\N	\N	2022-07-15 11:14:11.873	2022-07-18 16:03:17.617	\N	2025-09-03 14:51:36.158142	2025-09-03 14:51:36.158142	Пользовательский объект	Отчёт агента	21894266	49479	1	2	2	\N	20	\N	\N	\N	Fish_Eye
1624	2	ra_change	BASE TABLE	ags	pending	\N	\N	2022-07-15 11:13:00.81	2022-09-23 15:54:01.587	\N	2025-09-03 14:51:36.158142	2025-09-03 14:51:36.158142	Пользовательский объект	Описание отсутствует	1184890	3047	1	1	2	\N	19	\N	\N	\N	Fish_Eye
1626	2	ra_change_summCt	BASE TABLE	ags	pending	\N	\N	2022-04-14 10:09:47.42	2022-04-14 10:16:49.253	\N	2025-09-03 14:51:36.158142	2025-09-03 14:51:36.158142	Пользовательский объект	Суммы изменений отчётов в привязке к направлениям затрат	41943	825	1	2	1	\N	4	\N	\N	\N	Fish_Eye
1627	2	ra_period	BASE TABLE	ags	pending	\N	\N	2021-02-25 17:18:19.377	2022-07-15 11:14:12.53	\N	2025-09-03 14:51:36.158142	2025-09-03 14:51:36.158142	Пользовательский объект	Описание отсутствует	31457	199	1	2	1	\N	5	\N	\N	\N	Fish_Eye
1628	2	ra_summ	BASE TABLE	ags	pending	\N	\N	2021-02-25 17:18:46.23	2022-07-15 11:14:12.673	\N	2025-09-03 14:51:36.158142	2025-09-03 14:51:36.158142	Пользовательский объект	Суммы отчёта агента	2894069	35851	1	1	1	\N	7	\N	\N	\N	Fish_Eye
1629	2	ra_summCt	BASE TABLE	ags	pending	\N	\N	2022-04-14 09:44:59.783	2022-04-14 10:10:02.14	\N	2025-09-03 14:51:36.158142	2025-09-03 14:51:36.158142	Пользовательский объект	Суммы отчётов в привязке к направлениям затрат	660602	19878	1	2	1	\N	4	\N	\N	\N	Fish_Eye
1630	2	ra_typeGr	BASE TABLE	ags	pending	\N	\N	2021-04-13 11:19:25.737	2021-04-13 11:19:25.817	\N	2025-09-03 14:51:36.158142	2025-09-03 14:51:36.158142	Пользовательский объект	Типы группировки принимаемых отчётов	20971	2	0	0	0	\N	1	\N	\N	\N	Fish_Eye
1631	2	ralpOld	BASE TABLE	ags	pending	\N	\N	2021-03-31 15:01:53.817	2021-09-10 13:46:56.913	\N	2025-09-03 14:51:36.158142	2025-09-03 14:51:36.158142	Пользовательский объект	Отчёт по аренде земельных участков	534773	1406	1	0	1	\N	17	\N	\N	\N	Fish_Eye
1632	2	ralpRa	BASE TABLE	ags	pending	\N	\N	2021-09-10 13:45:53.27	2023-01-24 16:45:39.757	\N	2025-09-03 14:51:36.158142	2025-09-03 14:51:36.158142	Пользовательский объект	Отчёты по аренде земельных участков	859832	11138	1	2	2	\N	7	\N	\N	\N	Fish_Eye
1633	2	ralpRaAu	BASE TABLE	ags	pending	\N	\N	2021-09-10 13:25:21.417	2022-06-29 11:41:39.16	\N	2025-09-03 14:51:36.158142	2025-09-03 14:51:36.158142	Пользовательский объект	Рассмотрения отчётов по аренде земли	4791992	11131	1	1	2	\N	12	\N	\N	\N	Fish_Eye
1634	2	rgTaxBuirg	BASE TABLE	ags	pending	\N	\N	2023-01-16 16:44:25.02	2023-04-18 16:46:56.707	\N	2025-09-03 14:51:36.158142	2025-09-03 14:51:36.158142	Пользовательский объект	номера контрагентов	20971	72	1	0	2	\N	2	\N	\N	\N	Fish_Eye
1635	2	rgTaxIdNumInd	BASE TABLE	ags	pending	\N	\N	2023-01-18 17:32:25.97	2023-01-23 11:48:27.653	\N	2025-09-03 14:51:36.158142	2025-09-03 14:51:36.158142	Пользовательский объект	ИНН физического лица	20971	4	2	2	3	\N	4	\N	\N	\N	Fish_Eye
1636	2	rgTaxIdNumJurPers	BASE TABLE	ags	pending	\N	\N	2023-01-17 14:32:57.217	2023-01-24 17:01:45.13	\N	2025-09-03 14:51:36.158142	2025-09-03 14:51:36.158142	Пользовательский объект	ИНН юридического лица. Из раздела "Сведения об учете в налоговом органе" выписки ЕГРЮЛ	20971	78	2	4	4	\N	6	\N	\N	\N	Fish_Eye
1637	2	rgTaxInd	BASE TABLE	ags	pending	\N	\N	2023-01-13 11:27:48.403	2023-01-18 17:32:26.243	\N	2025-09-03 14:51:36.158142	2025-09-03 14:51:36.158142	Пользовательский объект	Individual	20971	4	1	0	1	\N	4	\N	\N	\N	Fish_Eye
1638	2	rgTaxLgEntFrmMtd	BASE TABLE	ags	pending	\N	\N	2023-01-09 11:01:28.07	2023-01-24 17:01:44.21	\N	2025-09-03 14:51:36.158142	2025-09-03 14:51:36.158142	Пользовательский объект	Способ образования юридического лица	20971	11	1	0	1	\N	3	\N	\N	\N	Fish_Eye
1639	2	rgTaxLgEntTrmMtd	BASE TABLE	ags	pending	\N	\N	2022-12-19 12:07:03.73	2023-01-24 17:01:44.217	\N	2025-09-03 14:51:36.158142	2025-09-03 14:51:36.158142	Пользовательский объект	Способ прекращения юридического лица	20971	11	1	0	1	\N	3	\N	\N	\N	Fish_Eye
1640	2	rgTaxMnStRegNum	BASE TABLE	ags	pending	\N	\N	2023-01-24 17:01:43.773	2023-01-25 10:27:40.497	\N	2025-09-03 14:51:36.158142	2025-09-03 14:51:36.158142	Пользовательский объект	Основной государственный регистрационный номер	41943	85	3	5	6	\N	13	\N	\N	\N	Fish_Eye
1641	2	rgTaxMnStRegNumInd	BASE TABLE	ags	pending	\N	\N	2023-01-20 12:54:53.637	2023-01-27 10:46:34.983	\N	2025-09-03 14:51:36.158142	2025-09-03 14:51:36.158142	Пользовательский объект	ОГРНИП	20971	5	1	4	3	\N	14	\N	\N	\N	Fish_Eye
1642	2	rgTaxName	BASE TABLE	ags	pending	\N	\N	2022-12-16 12:38:23.687	2023-01-24 17:01:45.097	\N	2025-09-03 14:51:36.158142	2025-09-03 14:51:36.158142	Пользовательский объект	Полное наименование на русском языке	41943	92	2	1	1	\N	3	\N	\N	\N	Fish_Eye
1643	2	rgTaxNameShort	BASE TABLE	ags	pending	\N	\N	2022-12-16 13:22:57.02	2023-01-24 17:01:45.023	\N	2025-09-03 14:51:36.158142	2025-09-03 14:51:36.158142	Пользовательский объект	Сокращенное наименование на русском языке	20971	89	3	1	1	\N	4	\N	\N	\N	Fish_Eye
1644	2	rgTaxOffice	BASE TABLE	ags	pending	\N	\N	2022-12-09 15:14:28.583	2023-01-18 17:32:26.273	\N	2025-09-03 14:51:36.158142	2025-09-03 14:51:36.158142	Пользовательский объект	КОДЫ НАПРАВЛЕНИЙ ФНС. Коды направлений используются для связи с ФНС по ТКС. В электронной отчетности данный код направления используется как своеобразный электронный почтовый ящик налогового органа, в который направляется отчет, письмо или запрос	272629	714	2	1	2	\N	4	\N	\N	\N	Fish_Eye
1645	2	rgTaxReason	BASE TABLE	ags	pending	\N	\N	2022-12-09 13:17:40.407	2023-01-11 11:43:00.48	\N	2025-09-03 14:51:36.158142	2025-09-03 14:51:36.158142	Пользовательский объект	Для организаций в дополнение к ИНН в связи с постановкой на учёт в налоговых органах по основаниям, предусмотренным Налоговым кодексом Российской Федерации, присваивается код причины постановки на учёт (КПП)	52428	50	1	0	1	\N	4	\N	\N	\N	Fish_Eye
1646	2	rgTaxReasonCode	BASE TABLE	ags	pending	\N	\N	2022-12-22 12:51:03.567	2023-01-17 14:32:57.84	\N	2025-09-03 14:51:36.158142	2025-09-03 14:51:36.158142	Пользовательский объект	Код причины постановки на учёт	20971	81	4	3	2	\N	7	\N	\N	\N	Fish_Eye
1647	2	rgTaxRegion	BASE TABLE	ags	pending	\N	\N	2022-12-09 11:15:00.42	2023-01-24 17:01:44.223	\N	2025-09-03 14:51:36.158142	2025-09-03 14:51:36.158142	Пользовательский объект	Приложение N 3 к Порядку заполнения формы налоговой декларации по налогу на доходы физических лиц (форма 3-НДФЛ), утвержденному приказом ФНС России от 24.12.2014 N ММВ-7-11/671@	20971	98	1	0	1	\N	2	\N	\N	\N	Fish_Eye
1648	2	rgTaxReorAcqui	BASE TABLE	ags	pending	\N	\N	2022-12-21 12:46:27.553	2023-01-24 17:01:44.72	\N	2025-09-03 14:51:36.158142	2025-09-03 14:51:36.158142	Пользовательский объект	присоединение	20971	6	1	3	1	\N	3	\N	\N	\N	Fish_Eye
1649	2	rgTaxReorDivis	BASE TABLE	ags	pending	\N	\N	2022-12-20 11:19:46.303	2023-01-24 17:01:44.967	\N	2025-09-03 14:51:36.158142	2025-09-03 14:51:36.158142	Пользовательский объект	ликвидация путём разделения	20971	1	2	4	2	\N	4	\N	\N	\N	Fish_Eye
1650	2	rgTaxReorDivisAcqu	BASE TABLE	ags	pending	\N	\N	2022-12-20 16:55:42.073	2023-01-24 17:01:44.837	\N	2025-09-03 14:51:36.158142	2025-09-03 14:51:36.158142	Пользовательский объект	разделение и присоединение	20971	1	2	6	2	\N	6	\N	\N	\N	Fish_Eye
1651	2	rgTaxReorDivisMerg	BASE TABLE	ags	pending	\N	\N	2022-12-21 09:42:49.027	2023-01-24 17:01:45.46	\N	2025-09-03 14:51:36.158142	2025-09-03 14:51:36.158142	Пользовательский объект	разделение с последующим слиянием	0	0	2	7	2	\N	7	\N	\N	\N	Fish_Eye
1652	2	rgTaxReorMerge	BASE TABLE	ags	pending	\N	\N	2022-12-21 13:35:25.17	2023-01-24 17:01:44.66	\N	2025-09-03 14:51:36.158142	2025-09-03 14:51:36.158142	Пользовательский объект	реорганизация путём слияния	20971	2	1	3	1	\N	3	\N	\N	\N	Fish_Eye
1653	2	rgTaxReorSepar	BASE TABLE	ags	pending	\N	\N	2022-12-20 13:32:46.067	2023-01-24 17:01:44.91	\N	2025-09-03 14:51:36.158142	2025-09-03 14:51:36.158142	Пользовательский объект	реорганизация путем выделения	20971	3	2	3	2	\N	3	\N	\N	\N	Fish_Eye
1654	2	rgTaxReorSeparAcqu	BASE TABLE	ags	pending	\N	\N	2022-12-20 17:38:16.4	2023-01-24 17:01:45.387	\N	2025-09-03 14:51:36.158142	2025-09-03 14:51:36.158142	Пользовательский объект	выделение и присоединение	20971	2	2	5	2	\N	5	\N	\N	\N	Fish_Eye
1655	2	rgTaxReorSeparMerg	BASE TABLE	ags	pending	\N	\N	2022-12-21 10:46:48.38	2023-01-24 17:01:45.307	\N	2025-09-03 14:51:36.158142	2025-09-03 14:51:36.158142	Пользовательский объект	выделение и слияние	0	0	2	6	2	\N	6	\N	\N	\N	Fish_Eye
1656	2	rgTaxReorTrans	BASE TABLE	ags	pending	\N	\N	2022-12-19 16:57:24.603	2023-01-24 17:01:44.777	\N	2025-09-03 14:51:36.158142	2025-09-03 14:51:36.158142	Пользовательский объект	Описание отсутствует	20971	8	2	4	3	\N	4	\N	\N	\N	Fish_Eye
1657	2	rgTaxSubDivs	BASE TABLE	ags	pending	\N	\N	2023-01-25 10:27:40.283	2023-01-25 16:44:19.573	\N	2025-09-03 14:51:36.158142	2025-09-03 14:51:36.158142	Пользовательский объект	филиалы, представительства и обособленные подразделения	20971	35	1	3	1	\N	7	\N	\N	\N	Fish_Eye
1658	2	rgTaxSubDivsBuirg	BASE TABLE	ags	pending	\N	\N	2023-01-25 16:22:55.98	2023-01-25 16:25:04.623	\N	2025-09-03 14:51:36.158142	2025-09-03 14:51:36.158142	Пользовательский объект	номера контрагентов для подразделения	20971	29	2	3	2	\N	4	\N	\N	\N	Fish_Eye
1659	2	rgTaxSubDivsName	BASE TABLE	ags	pending	\N	\N	2023-01-11 11:42:22.283	2023-01-25 10:27:40.86	\N	2025-09-03 14:51:36.158142	2025-09-03 14:51:36.158142	Пользовательский объект	наименование подразделений	20971	30	1	1	1	\N	4	\N	\N	\N	Fish_Eye
1660	2	rgTaxSubDivsReas	BASE TABLE	ags	pending	\N	\N	2023-01-11 11:43:00.31	2023-01-25 10:27:40.943	\N	2025-09-03 14:51:36.158142	2025-09-03 14:51:36.158142	Пользовательский объект	код причины постановки	20971	30	3	3	2	\N	6	\N	\N	\N	Fish_Eye
1661	2	st	BASE TABLE	ags	pending	\N	\N	2022-04-07 10:38:30.237	2022-04-11 10:38:48.283	\N	2025-09-03 14:51:36.158142	2025-09-03 14:51:36.158142	Пользовательский объект	Структурные элементы. Основа направленного графа с кольцами (циклического наверное)	41943	171	3	1	2	\N	4	\N	\N	\N	Fish_Eye
1662	2	stCost	BASE TABLE	ags	pending	\N	\N	2022-04-07 10:10:11.53	2022-08-09 17:10:35.553	\N	2025-09-03 14:51:36.158142	2025-09-03 14:51:36.158142	Пользовательский объект	Пункт структуры затрат	20971	89	1	2	1	\N	4	\N	\N	\N	Fish_Eye
1663	2	stCostNm	BASE TABLE	ags	pending	\N	\N	2022-04-07 10:10:11.543	2022-04-08 10:57:29.637	\N	2025-09-03 14:51:36.158142	2025-09-03 14:51:36.158142	Пользовательский объект	Описание отсутствует	31457	153	1	1	1	\N	5	\N	\N	\N	Fish_Eye
1664	2	stiLim	BASE TABLE	ags	pending	\N	\N	2022-04-07 09:57:40.323	2022-04-07 10:10:11.5	\N	2025-09-03 14:51:36.158142	2025-09-03 14:51:36.158142	Пользовательский объект	Описание отсутствует	20971	3	1	0	1	\N	2	\N	\N	\N	Fish_Eye
1665	2	stIpg	BASE TABLE	ags	pending	\N	\N	2022-04-07 10:10:11.5	2022-05-26 12:24:11.333	\N	2025-09-03 14:51:36.158142	2025-09-03 14:51:36.158142	Пользовательский объект	Описание отсутствует	31457	82	1	3	1	\N	5	\N	\N	\N	Fish_Eye
1666	2	stIpgNm	BASE TABLE	ags	pending	\N	\N	2022-04-07 10:10:11.507	2022-04-08 10:58:17.617	\N	2025-09-03 14:51:36.158142	2025-09-03 14:51:36.158142	Пользовательский объект	Описание отсутствует	31457	83	1	1	1	\N	5	\N	\N	\N	Fish_Eye
1667	2	stNet	BASE TABLE	ags	pending	\N	\N	2022-04-08 13:35:13.393	2022-09-07 10:17:11.503	\N	2025-09-03 14:51:36.158142	2025-09-03 14:51:36.158142	Пользовательский объект	Схема структуры	20971	3	1	1	1	\N	4	\N	\N	\N	Fish_Eye
1668	2	stNetPn	BASE TABLE	ags	pending	\N	\N	2022-04-08 13:35:51.91	2022-04-11 11:40:09.28	\N	2025-09-03 14:51:36.158142	2025-09-03 14:51:36.158142	Пользовательский объект	Пункт схемы структуры	20971	211	1	2	1	\N	4	\N	\N	\N	Fish_Eye
1669	2	stRel	BASE TABLE	ags	pending	\N	\N	2022-04-08 13:34:44.997	2022-04-11 11:42:45.753	\N	2025-09-03 14:51:36.158142	2025-09-03 14:51:36.158142	Пользовательский объект	Направленная связь между пунктами структуры	20971	170	1	2	2	\N	3	\N	\N	\N	Fish_Eye
1670	2	stType	BASE TABLE	ags	pending	\N	\N	2022-04-07 09:57:39.6	2022-04-08 13:35:13.437	\N	2025-09-03 14:51:36.158142	2025-09-03 14:51:36.158142	Пользовательский объект	Описание отсутствует	20971	2	1	0	1	\N	2	\N	\N	\N	Fish_Eye
1671	2	yr	BASE TABLE	ags	pending	\N	\N	2021-12-27 09:41:00.38	2022-12-05 16:51:09.047	\N	2025-09-03 14:51:36.158142	2025-09-03 14:51:36.158142	Пользовательский объект	Год и его вариант. Здесь к варианту года привинчена «Выгрузка Бухгалтерии Ф644» (за декабрь предыдущего года скорее всего), по которой будет отслеживаться динамика за весь год	31457	6	1	3	1	\N	6	\N	\N	\N	Fish_Eye
1672	2	yr_upl_p	BASE TABLE	ags	pending	\N	\N	2021-03-03 17:25:13.28	2022-12-05 16:51:09.133	\N	2025-09-03 14:51:36.158142	2025-09-03 14:51:36.158142	Пользовательский объект	Здесь указываем, к какому году (вернее варианту года) относится «Выгрузка Бухгалтерии Ф644»  Может относиться к нескольким вариантам	20971	28	1	2	1	\N	3	\N	\N	\N	Fish_Eye
1673	2	yyyy	BASE TABLE	ags	pending	\N	\N	2021-02-25 17:18:18.593	2023-07-06 15:26:46.233	\N	2025-09-03 14:51:36.158142	2025-09-03 14:51:36.158142	Пользовательский объект	Описание отсутствует	20971	26	1	0	2	\N	2	\N	\N	\N	Fish_Eye
1554	2	importDbt_23-0930_Pir	BASE TABLE	ags	pending	\N	\N	2023-11-08 11:31:14.827	2023-11-08 11:31:14.843	\N	2025-09-03 14:51:36.158142	2025-09-03 14:51:36.158142	Пользовательский объект	Описание отсутствует	136314	63	0	0	0	\N	5	\N	\N	\N	Fish_Eye
1556	2	importDbt_23-1231_Pir	BASE TABLE	ags	pending	\N	\N	2024-02-21 17:07:13.823	2024-02-21 17:07:45.063	\N	2025-09-03 14:51:36.158142	2025-09-03 14:51:36.158142	Пользовательский объект	Описание отсутствует	73400	61	0	0	0	\N	5	\N	\N	\N	Fish_Eye
1569	2	invBranch_25q1_new	BASE TABLE	ags	pending	\N	\N	2025-05-28 16:13:05.267	2025-05-28 16:13:46.33	\N	2025-09-03 14:51:36.158142	2025-09-03 14:51:36.158142	Пользовательский объект	Описание отсутствует	73400	30	0	0	0	\N	8	\N	\N	\N	Fish_Eye
\.


--
-- Data for Name: mssql_triggers; Type: TABLE DATA; Schema: mcl; Owner: postgres
--

COPY mcl.mssql_triggers (id, table_id, trigger_name, trigger_type, event_type, is_disabled, is_not_for_replication, definition, created_at, updated_at) FROM stdin;
1	1572	tr_InsteadOfInsert	INSTEAD OF	INSERT	f	f	CREATE TRIGGER [ags].[tr_InsteadOfInsert] ON [ags].[invDbtValue]	2025-09-10 18:38:00.089874	2025-09-10 18:38:00.089874
2	1636	rgTaxIdNumJurPers_upd_inst	AFTER INSERT	INSERT	f	f	CREATE TRIGGER [ags].[rgTaxIdNumJurPers_upd_inst] ON [ags].[rgTaxIdNumJurPers]	2025-09-10 18:38:00.089874	2025-09-10 18:38:00.089874
3	1636	rgTaxIdNumJurPers_ins_inst	AFTER INSERT	INSERT	f	f	CREATE TRIGGER [ags].[rgTaxIdNumJurPers_ins_inst] ON [ags].[rgTaxIdNumJurPers]	2025-09-10 18:38:00.089874	2025-09-10 18:38:00.089874
4	1636	rgTaxIdNumJurPers_del_aftr	AFTER DELETE	DELETE	f	f	CREATE TRIGGER [ags].[rgTaxIdNumJurPers_del_aftr] ON [ags].[rgTaxIdNumJurPers]	2025-09-10 18:38:00.089874	2025-09-10 18:38:00.089874
5	1641	rgTaxMnStRegNumInd_upd_inst	AFTER INSERT	INSERT	f	f	CREATE TRIGGER [ags].[rgTaxMnStRegNumInd_upd_inst] ON [ags].[rgTaxMnStRegNumInd]	2025-09-10 18:38:00.089874	2025-09-10 18:38:00.089874
6	1641	rgTaxMnStRegNumInd_ins_inst	AFTER INSERT	INSERT	f	f	CREATE TRIGGER [ags].[rgTaxMnStRegNumInd_ins_inst] ON [ags].[rgTaxMnStRegNumInd]	2025-09-10 18:38:00.089874	2025-09-10 18:38:00.089874
7	1641	rgTaxMnStRegNumInd_del_aftr	AFTER DELETE	DELETE	f	f	CREATE TRIGGER [ags].[rgTaxMnStRegNumInd_del_aftr] ON [ags].[rgTaxMnStRegNumInd]	2025-09-10 18:38:00.089874	2025-09-10 18:38:00.089874
8	1658	upd_inst	AFTER INSERT	INSERT	f	f	CREATE TRIGGER [ags].[upd_inst] ON [ags].[rgTaxSubDivsBuirg]	2025-09-10 18:38:00.089874	2025-09-10 18:38:00.089874
9	1658	ins_inst	AFTER INSERT	INSERT	f	f	CREATE TRIGGER [ags].[ins_inst] ON [ags].[rgTaxSubDivsBuirg]	2025-09-10 18:38:00.089874	2025-09-10 18:38:00.089874
10	1658	del_aftr	AFTER	UNKNOWN	f	f	CREATE TRIGGER [ags].[del_aftr] ON [ags].[rgTaxSubDivsBuirg]	2025-09-10 18:38:00.089874	2025-09-10 18:38:00.089874
11	1661	st_delete	AFTER DELETE	DELETE	f	f	CREATE TRIGGER [ags].[st_delete] ON [ags].[st]	2025-09-10 18:38:00.089874	2025-09-10 18:38:00.089874
12	1662	stCost_insert	AFTER INSERT	INSERT	f	f	CREATE TRIGGER [ags].[stCost_insert] ON [ags].[stCost]	2025-09-10 18:38:00.089874	2025-09-10 18:38:00.089874
13	1662	stCost_delete	AFTER DELETE	DELETE	f	f	CREATE TRIGGER [ags].[stCost_delete] ON [ags].[stCost]	2025-09-10 18:38:00.089874	2025-09-10 18:38:00.089874
14	1665	stIpg_insert	AFTER INSERT	INSERT	f	f	CREATE TRIGGER [ags].[stIpg_insert] ON [ags].[stIpg]	2025-09-10 18:38:00.089874	2025-09-10 18:38:00.089874
15	1665	stIpg_delete	AFTER DELETE	DELETE	f	f	CREATE TRIGGER [ags].[stIpg_delete] ON [ags].[stIpg]	2025-09-10 18:38:00.089874	2025-09-10 18:38:00.089874
\.


--
-- Data for Name: mssql_unique_constraint_columns; Type: TABLE DATA; Schema: mcl; Owner: postgres
--

COPY mcl.mssql_unique_constraint_columns (id, unique_constraint_id, column_id, ordinal_position, is_descending, created_at, updated_at) FROM stdin;
1	1	96	1	f	2025-09-10 15:59:12.255434	2025-09-10 15:59:12.255434
2	1	97	2	f	2025-09-10 15:59:12.255434	2025-09-10 15:59:12.255434
3	2	240	1	f	2025-09-10 15:59:12.255434	2025-09-10 15:59:12.255434
4	2	239	2	f	2025-09-10 15:59:12.255434	2025-09-10 15:59:12.255434
\.


--
-- Data for Name: mssql_unique_constraints; Type: TABLE DATA; Schema: mcl; Owner: postgres
--

COPY mcl.mssql_unique_constraints (id, table_id, constraint_name, is_disabled, created_at, updated_at) FROM stdin;
1	1520	cn_cnSType	f	2025-09-10 15:58:57.927462	2025-09-10 15:58:57.927462
2	1544	UQ_cstAg	f	2025-09-10 15:58:57.927462	2025-09-10 15:58:57.927462
3	1596	UQ_JuUnDoc_KeyType	f	2025-09-10 15:58:57.927462	2025-09-10 15:58:57.927462
4	1606	UQ_JuUnDocReg_jrDoc	f	2025-09-10 15:58:57.927462	2025-09-10 15:58:57.927462
5	1613	UQ_og_TaxType	f	2025-09-10 15:58:57.927462	2025-09-10 15:58:57.927462
6	1632	IX_ralpRa	f	2025-09-10 15:58:57.927462	2025-09-10 15:58:57.927462
7	1633	IX_ralpRaAu	f	2025-09-10 15:58:57.927462	2025-09-10 15:58:57.927462
8	1634	UQ_rgTaxBuirg_Num_Type	f	2025-09-10 15:58:57.927462	2025-09-10 15:58:57.927462
9	1635	UQ_rgTaxIdNumInd_rtiniCode	f	2025-09-10 15:58:57.927462	2025-09-10 15:58:57.927462
10	1635	UQ_rgTaxIdNumInd_rtiniInd	f	2025-09-10 15:58:57.927462	2025-09-10 15:58:57.927462
\.


--
-- Data for Name: mssql_views; Type: TABLE DATA; Schema: mcl; Owner: postgres
--

COPY mcl.mssql_views (id, task_id, object_name, object_type, schema_name, migration_status, migration_date, error_message, create_date, modify_date, object_id, created_at, updated_at, object_type_description, object_description, view_definition, is_updatable, check_option, is_encrypted, dependency_count, referenced_tables, postgres_view_name, postgres_schema_name, postgres_view_definition, migration_duration, definition_complexity) FROM stdin;
\.


--
-- Data for Name: postgres_base_types; Type: TABLE DATA; Schema: mcl; Owner: postgres
--

COPY mcl.postgres_base_types (id, base_type_name, type_category, type_family, is_user_defined, description, created_at, updated_at, oid, typname, typlen, typbyval, typtype, typcategory, typispreferred, typisdefined, typdelim, typrelid, typelem, typarray, typinput, typoutput, typreceive, typsend, typmodin, typmodout, typanalyze, typalign, typstorage, typnotnull, typbasetype, typtypmod, typndims, typcollation, typdefaultbin, typdefault, typacl) FROM stdin;
1	uuid	U	U	f	Universally Unique Identifier - 128-bit identifier that is globally unique	2025-09-05 13:02:45.134672	2025-09-05 13:02:45.134672	2950	uuid	16	f	b	U	f	t	,	\N	\N	2951	uuid_in	uuid_out	uuid_recv	uuid_send	\N	\N	\N	i	p	f	\N	-1	0	0	\N	\N	\N
2	numeric	N	N	f	Exact numeric with user-specified precision and scale	2025-09-05 13:43:56.283319	2025-09-05 13:43:56.283319	1700	numeric	-1	f	b	N	t	t	,	0	0	1231	numeric_in	numeric_out	numeric_recv	numeric_send	numerictypmodin	numerictypmodout	numeric_analyze	i	m	f	0	-1	0	0	\N	\N	\N
3	timestamp	D	D	f	Date and time without time zone	2025-09-05 14:00:36.188175	2025-09-05 14:00:36.188175	1114	timestamp	8	f	b	D	t	t	,	0	0	1115	timestamp_in	timestamp_out	timestamp_recv	timestamp_send	timestamp_typmodin	timestamp_typmodout	timestamp_analyze	d	p	f	0	-1	0	0	\N	\N	\N
4	double precision	N	N	f	Double precision floating-point number (8 bytes)	2025-09-05 14:23:34.294079	2025-09-05 14:23:34.294079	701	float8	8	t	b	N	t	t	,	0	0	1022	float8in	float8out	float8recv	float8send	-	-	-	d	p	f	0	-1	0	0	\N	\N	\N
5	char	S	S	f	Fixed-length character string	2025-09-05 14:36:17.363612	2025-09-05 14:36:17.363612	1042	bpchar	-1	f	b	S	t	t	,	0	0	1014	bpcharin	bpcharout	bpcharrecv	bpcharsend	bpchartypmodin	bpchartypmodout	bpchar_analyze	i	p	f	0	-1	0	0	\N	\N	\N
6	varchar	S	S	f	Variable-length character string	2025-09-05 14:36:17.363612	2025-09-05 14:36:17.363612	1043	varchar	-1	f	b	S	t	t	,	0	0	1015	varcharin	varcharout	varcharrecv	varcharsend	varchartypmodin	varchartypmodout	varchar_analyze	i	p	f	0	-1	0	0	\N	\N	\N
7	text	S	S	f	Variable-length character string with no limit	2025-09-05 14:36:17.363612	2025-09-05 14:36:17.363612	25	text	-1	f	b	S	t	t	,	0	0	1009	textin	textout	textrecv	textsend	-	-	text_analyze	i	x	f	0	-1	0	0	\N	\N	\N
8	smallint	N	N	f	Small integer, 2 bytes, range -32768 to 32767	2025-09-05 15:20:50.571534	2025-09-05 15:20:50.571534	21	int2	2	t	b	N	t	t	,	0	0	1005	int2in	int2out	int2recv	int2send	-	-	-	s	p	f	0	-1	0	0	\N	\N	\N
9	integer	N	N	f	Integer, 4 bytes, range -2147483648 to 2147483647	2025-09-05 15:20:50.571534	2025-09-05 15:20:50.571534	23	int4	4	t	b	N	t	t	,	0	0	1007	int4in	int4out	int4recv	int4send	-	-	-	i	p	f	0	-1	0	0	\N	\N	\N
10	bigint	N	N	f	Large integer, 8 bytes, range -9223372036854775808 to 9223372036854775807	2025-09-05 15:20:50.571534	2025-09-05 15:20:50.571534	20	int8	8	t	b	N	t	t	,	0	0	1016	int8in	int8out	int8recv	int8send	-	-	-	d	p	f	0	-1	0	0	\N	\N	\N
11	date	D	D	f	Date (year, month, day)	2025-09-05 15:26:31.444587	2025-09-05 15:26:31.444587	1082	date	4	t	b	D	t	t	,	0	0	1182	date_in	date_out	date_recv	date_send	-	-	-	i	p	f	0	-1	0	0	\N	\N	\N
\.


--
-- Data for Name: postgres_check_constraints; Type: TABLE DATA; Schema: mcl; Owner: postgres
--

COPY mcl.postgres_check_constraints (id, table_id, source_check_constraint_id, constraint_name, original_constraint_name, definition, migration_status, migration_date, error_message, created_at, updated_at) FROM stdin;
1	320	8	ck_og_rg_tax_type	CK_og_rgTaxType	([ogRgTaxType]='og' OR [ogRgTaxType]='sd' OR [ogRgTaxType]='ie')	pending	\N	\N	2025-09-10 15:59:19.551649	2025-09-10 15:59:19.551649
4	214	1	ck_inv__bt_id__um	CK_invDbt_idNum	([idNum]>(0))	pending	\N	\N	2025-09-10 16:16:57.702682	2025-09-10 16:16:57.702682
5	236	2	ck_ipg__t__l__n__m__n__0	CK_ipgUtPlPnLmMn<>0	([iuplpmLim]<>(0))	pending	\N	\N	2025-09-10 16:16:57.702682	2025-09-10 16:16:57.702682
6	237	3	ck_ipg__t__l__n__m__u__0	CK_ipgUtPlPnLmQu<>0	([iuplpqLim]<>(0))	pending	\N	\N	2025-09-10 16:16:57.702682	2025-09-10 16:16:57.702682
7	238	4	ck_ipg__t__l__n__m__e__0	CK_ipgUtPlPnLmYe<>0	([iuplpyLim]<>(0))	pending	\N	\N	2025-09-10 16:16:57.702682	2025-09-10 16:16:57.702682
8	239	5	ck__u__n__oc_j__ype	CK_JuUnDoc_jType	([jType]='prmr' OR [jType]='scnd' OR [jType]='chng' OR [jType]='unkn')	pending	\N	\N	2025-09-10 16:16:57.702682	2025-09-10 16:16:57.702682
9	240	6	ck__u__n__oc__hng_jc__oc__ype	CK_JuUnDocChng_jcDocType	([jcDocType]='chng')	pending	\N	\N	2025-09-10 16:16:57.702682	2025-09-10 16:16:57.702682
10	245	7	ck__u__n__oc__rmr_jp__oc__ype	CK_JuUnDocPrmr_jpDocType	([jpDocType]='prmr')	pending	\N	\N	2025-09-10 16:16:57.702682	2025-09-10 16:16:57.702682
11	260	9	ck_ra_change_summ__t__0	CK_ra_change_summCt<>0	([rcscLim]<>(0))	pending	\N	\N	2025-09-10 16:16:57.702682	2025-09-10 16:16:57.702682
12	261	10	ck_ra_summ__t__0	CK_ra_summCt<>0	([rscSumm]<>(0))	pending	\N	\N	2025-09-10 16:16:57.702682	2025-09-10 16:16:57.702682
13	265	11	ck_ralp__a__u	CK_ralpRaAu	([ralpraStatus] like '[0-3]')	pending	\N	\N	2025-09-10 16:16:57.702682	2025-09-10 16:16:57.702682
14	266	12	ck_rg__ax__uirg__ype	CK_rgTaxBuirg_Type	([rtbType]='jp' OR [rtbType]='sd' OR [rtbType]='ie')	pending	\N	\N	2025-09-10 16:16:57.702682	2025-09-10 16:16:57.702682
15	268	13	ck_rg__ax__d__um__ur__ers_rtinjp__uirg__ype	CK_rgTaxIdNumJurPers_rtinjpBuirgType	([rtinjpBuirgType]='jp')	pending	\N	\N	2025-09-10 16:16:57.702682	2025-09-10 16:16:57.702682
16	272	14	ck_rg__ax__n__t__eg__um__ax__ype	CK_rgTaxMnStRegNum_TaxType	([rtmsrnTaxType]='og')	pending	\N	\N	2025-09-10 16:16:57.702682	2025-09-10 16:16:57.702682
17	273	15	ck_rg__ax__n__t__eg__um__nd__uirg__ype	CK_rgTaxMnStRegNumInd_BuirgType	([rtmsrniBuirgType]='ie')	pending	\N	\N	2025-09-10 16:16:57.702682	2025-09-10 16:16:57.702682
18	273	16	ck_rg__ax__n__t__eg__um__nd_rtmsrni__ax__ype	CK_rgTaxMnStRegNumInd_rtmsrniTaxType	([rtmsrniTaxType]='ie')	pending	\N	\N	2025-09-10 16:16:57.702682	2025-09-10 16:16:57.702682
19	273	17	ck_rg__ax__n__t__eg__um__nd__ype	CK_rgTaxMnStRegNumInd_Type	([rtmsrniType]='ипр' OR [rtmsrniType]='кфх')	pending	\N	\N	2025-09-10 16:16:57.702682	2025-09-10 16:16:57.702682
20	280	18	ck_rg__ax__eor__cqui	CK_rgTaxReorAcqui	([rAcquiredTrm]='2.5.0')	pending	\N	\N	2025-09-10 16:16:57.702682	2025-09-10 16:16:57.702682
21	281	19	ck_rg__ax__eor__ivis	CK_rgTaxReorDivis	(([rtrdDivisibleTrmMtd]='2.8.1' OR [rtrdDivisibleTrmMtd]='2.6.1' OR [rtrdDivisibleTrmMtd]='2.3.0') AND [rtrdDividedFrmMtd]='2.3')	pending	\N	\N	2025-09-10 16:16:57.702682	2025-09-10 16:16:57.702682
22	282	20	ck__eor__ivis__cqu	CK_ReorDivisAcqu	([rDivisibleTrm]='2.6.1' AND [rDividedAcquFrm]='2.6' AND [rDividedAcquTrm]='2.6.2')	pending	\N	\N	2025-09-10 16:16:57.702682	2025-09-10 16:16:57.702682
23	283	21	ck__eor__ivis__erg	CK_ReorDivisMerg	([rDivisibleTrm]='2.8.1' AND [rDividedMergFrm]='2.8' AND [rDividedMergTrm]='2.8.2' AND [rMergedFrm]='2.2')	pending	\N	\N	2025-09-10 16:16:57.702682	2025-09-10 16:16:57.702682
24	284	22	ck_rg__ax__eor__erge	CK_rgTaxReorMerge	([rMergerableTrm]='2.2.0')	pending	\N	\N	2025-09-10 16:16:57.702682	2025-09-10 16:16:57.702682
25	285	23	ck_rg__ax__eor__epar	CK_rgTaxReorSepar	([rSeparatedFrmMtd]='2.4')	pending	\N	\N	2025-09-10 16:16:57.702682	2025-09-10 16:16:57.702682
26	286	24	ck_rg__ax__eor__epar__cqu	CK_rgTaxReorSeparAcqu	([rSeparatedAcquFrm]='2.7' AND [rSeparatedAcquTrm]='2.7.0')	pending	\N	\N	2025-09-10 16:16:57.702682	2025-09-10 16:16:57.702682
27	287	25	ck__eor__epar__erg	CK_ReorSeparMerg	([rSeparatedMergFrm]='2.9' AND [rSeparatedMergTrm]='2.9.0' AND [rMergedFrm]='2.2')	pending	\N	\N	2025-09-10 16:16:57.702682	2025-09-10 16:16:57.702682
28	288	26	ck_rg__ax__eor__rans	CK_rgTaxReorTrans	([rtrtTransformableTrmMtd]='2.1.0' AND [rtrtTransformedFrmMtd]='2.1')	pending	\N	\N	2025-09-10 16:16:57.702682	2025-09-10 16:16:57.702682
29	289	27	ck_rg__ax__ub__ivs	CK_rgTaxSubDivs	([rsdType]='подр' OR [rsdType]='пред' OR [rsdType]='филл')	pending	\N	\N	2025-09-10 16:16:57.702682	2025-09-10 16:16:57.702682
30	289	28	ck_rg__ax__ub__ivs_rsd__ax__ype	CK_rgTaxSubDivs_rsdTaxType	([rsdTaxType]='sd')	pending	\N	\N	2025-09-10 16:16:57.702682	2025-09-10 16:16:57.702682
31	290	29	ck_rg__ax__ub__ivs__uirg_r__ax__ype	CK_rgTaxSubDivsBuirg_rTaxType	([rTaxType]='sd')	pending	\N	\N	2025-09-10 16:16:57.702682	2025-09-10 16:16:57.702682
32	299	30	ck_st__et__n__ype__heck	CK_stNetPn_TypeCheck	([ags].[fnStNetPnTypeCheck]([stnpStRel],[stpnStNet])=(1))	pending	\N	\N	2025-09-10 16:16:57.702682	2025-09-10 16:16:57.702682
33	300	31	ck_st__el__ype__heck	CK_stRel_TypeCheck	([ags].[fnStTypeCheck]([strParent],[strChild])=(1))	pending	\N	\N	2025-09-10 16:16:57.702682	2025-09-10 16:16:57.702682
\.


--
-- Data for Name: postgres_columns; Type: TABLE DATA; Schema: mcl; Owner: postgres
--

COPY mcl.postgres_columns (id, table_id, source_column_id, postgres_data_type_id, column_name, ordinal_position, default_value, is_identity, identity_seed, identity_increment, is_computed, computed_definition, type_mapping_quality, data_type_migration_status, data_type_migration_notes, created_at, updated_at) FROM stdin;
1	302	5	66	account_key	1	\N	t	1	1	f		excellent	pending	Identity колонка с seed=1, increment=1	2025-09-08 07:19:34.088959	2025-09-08 07:19:34.088959
2	302	6	66	account_num	2	\N	f	0	0	f		excellent	pending	Стандартная колонка	2025-09-08 07:19:34.088959	2025-09-08 07:19:34.088959
3	302	7	51	account_name	3	\N	f	0	0	f		excellent	pending	Стандартная колонка	2025-09-08 07:19:34.088959	2025-09-08 07:19:34.088959
4	303	8	66	cn_key	1	\N	t	1	1	f		excellent	pending	Identity колонка с seed=1, increment=1	2025-09-08 07:19:34.088959	2025-09-08 07:19:34.088959
5	303	9	52	cn_number	2	\N	f	0	0	t	([ags].[fnCnNum]([cn_key]))	excellent	pending	Вычисляемая колонка: ([ags].[fnCnNum]([cn_key]))	2025-09-08 07:19:34.088959	2025-09-08 07:19:34.088959
6	303	10	70	cn_date	3	\N	f	0	0	f		excellent	pending	Стандартная колонка	2025-09-08 07:19:34.088959	2025-09-08 07:19:34.088959
7	303	11	41	cn_note	4	\N	f	0	0	f		excellent	pending	Стандартная колонка	2025-09-08 07:19:34.088959	2025-09-08 07:19:34.088959
11	304	15	66	cn_inv_key	1	\N	t	1	1	f		excellent	pending	Identity колонка с seed=1, increment=1	2025-09-08 07:19:34.088959	2025-09-08 07:19:34.088959
12	304	16	66	cn_s_kontr	2	\N	f	0	0	f		excellent	pending	Стандартная колонка	2025-09-08 07:19:34.088959	2025-09-08 07:19:34.088959
13	304	17	52	cn_inv_num	3	\N	f	0	0	f		excellent	pending	Стандартная колонка	2025-09-08 07:19:34.088959	2025-09-08 07:19:34.088959
14	304	18	70	cn_inv_date	4	\N	f	0	0	f		excellent	pending	Стандартная колонка	2025-09-08 07:19:34.088959	2025-09-08 07:19:34.088959
15	304	19	41	cn_note	5	\N	f	0	0	f		excellent	pending	Стандартная колонка	2025-09-08 07:19:34.088959	2025-09-08 07:19:34.088959
16	304	20	67	mark	6	\N	f	0	0	f		excellent	pending	Стандартная колонка	2025-09-08 07:19:34.088959	2025-09-08 07:19:34.088959
17	304	21	66	accnt	7	\N	f	0	0	f		excellent	pending	Стандартная колонка	2025-09-08 07:19:34.088959	2025-09-08 07:19:34.088959
18	304	25	67	cn_key	8	\N	f	0	0	f		excellent	pending	Стандартная колонка	2025-09-08 07:19:34.088959	2025-09-08 07:19:34.088959
19	304	26	67	cn_s_agent	9	\N	f	0	0	f		excellent	pending	Стандартная колонка	2025-09-08 07:19:34.088959	2025-09-08 07:19:34.088959
325	204	332	68	col_2025_01_24_cia_key	1	\N	f	0	0	f		excellent	pending	Стандартная колонка	2025-09-08 07:19:34.088959	2025-09-09 04:23:27.049694
326	204	333	68	col_2025_04_21_cia_key	2	\N	f	0	0	f		excellent	pending	Стандартная колонка	2025-09-08 07:19:34.088959	2025-09-09 04:23:27.049694
330	205	337	67	col_2025_01_24_cia_key	1	\N	f	0	0	f		excellent	pending	Стандартная колонка	2025-09-08 07:19:34.088959	2025-09-09 04:23:27.049694
331	205	338	67	col_2025_04_21_cia_key	2	\N	f	0	0	f		excellent	pending	Стандартная колонка	2025-09-08 07:19:34.088959	2025-09-09 04:23:27.049694
335	206	342	67	col_2025_01_24_cia_key	1	\N	f	0	0	f		excellent	pending	Стандартная колонка	2025-09-08 07:19:34.088959	2025-09-09 04:23:27.049694
336	206	343	67	col_2025_07_18_cia_key	2	\N	f	0	0	f		excellent	pending	Стандартная колонка	2025-09-08 07:19:34.088959	2025-09-09 04:23:27.049694
274	196	284	67	col_2023_02_02_cst_ag_pn_key	3	\N	f	0	0	f		excellent	pending	Стандартная колонка	2025-09-08 07:19:34.088959	2025-09-09 04:23:27.049694
275	196	285	67	col_2023_02_02_cia_key	4	\N	f	0	0	f		excellent	pending	Стандартная колонка	2025-09-08 07:19:34.088959	2025-09-09 04:23:27.049694
276	196	286	67	col_2023_04_19_cst_ag_pn_key	5	\N	f	0	0	f		excellent	pending	Стандартная колонка	2025-09-08 07:19:34.088959	2025-09-09 04:23:27.049694
277	196	287	67	col_2023_04_19_cia_key	6	\N	f	0	0	f		excellent	pending	Стандартная колонка	2025-09-08 07:19:34.088959	2025-09-09 04:23:27.049694
282	197	292	3	col_2023_02_02_overd	2	\N	f	0	0	f		excellent	pending	Стандартная колонка	2025-09-08 07:19:34.088959	2025-09-09 04:23:27.049694
283	197	293	67	col_2023_02_02_cst_ag_pn_key	3	\N	f	0	0	f		excellent	pending	Стандартная колонка	2025-09-08 07:19:34.088959	2025-09-09 04:23:27.049694
284	197	294	67	col_2023_02_02_cia_key	4	\N	f	0	0	f		excellent	pending	Стандартная колонка	2025-09-08 07:19:34.088959	2025-09-09 04:23:27.049694
285	197	295	67	col_2023_07_20_cst_ag_pn_key	5	\N	f	0	0	f		excellent	pending	Стандартная колонка	2025-09-08 07:19:34.088959	2025-09-09 04:23:27.049694
286	197	296	67	col_2023_07_20_cia_key	6	\N	f	0	0	f		excellent	pending	Стандартная колонка	2025-09-08 07:19:34.088959	2025-09-09 04:23:27.049694
81	305	27	66	cn_inv_dbt_key	1	\N	t	1	1	f		excellent	pending	Identity колонка с seed=1, increment=1	2025-09-08 07:19:34.088959	2025-09-08 07:19:34.088959
82	305	28	70	cn_inv_date_start	2	\N	f	0	0	f		excellent	pending	Стандартная колонка	2025-09-08 07:19:34.088959	2025-09-08 07:19:34.088959
83	305	29	70	cn_inv_date_maturity	3	\N	f	0	0	f		excellent	pending	Стандартная колонка	2025-09-08 07:19:34.088959	2025-09-08 07:19:34.088959
84	305	30	52	debt_type	4	\N	f	0	0	f		excellent	pending	Стандартная колонка	2025-09-08 07:19:34.088959	2025-09-08 07:19:34.088959
85	305	31	2	dbt_ttl	5	\N	f	0	0	f		excellent	pending	Стандартная колонка	2025-09-08 07:19:34.088959	2025-09-08 07:19:34.088959
86	305	32	2	dbt_overd	6	\N	f	0	0	f		excellent	pending	Стандартная колонка	2025-09-08 07:19:34.088959	2025-09-08 07:19:34.088959
87	305	33	52	doc_base	7	\N	f	0	0	f		excellent	pending	Стандартная колонка	2025-09-08 07:19:34.088959	2025-09-08 07:19:34.088959
88	305	34	52	link	8	\N	f	0	0	f		excellent	pending	Стандартная колонка	2025-09-08 07:19:34.088959	2025-09-08 07:19:34.088959
89	305	35	66	cn_inv_dbt_upl	9	\N	f	0	0	f		excellent	pending	Стандартная колонка	2025-09-08 07:19:34.088959	2025-09-08 07:19:34.088959
90	305	36	66	number	10	\N	f	0	0	f		excellent	pending	Стандартная колонка	2025-09-08 07:19:34.088959	2025-09-08 07:19:34.088959
91	305	37	67	mark	11	\N	f	0	0	f		excellent	pending	Стандартная колонка	2025-09-08 07:19:34.088959	2025-09-08 07:19:34.088959
94	306	40	66	upl_key	1	\N	t	1	1	f		excellent	pending	Identity колонка с seed=1, increment=1	2025-09-08 07:19:34.088959	2025-09-08 07:19:34.088959
96	306	42	69	upl_date	3	\N	f	0	0	f		excellent	pending	Стандартная колонка	2025-09-08 07:19:34.088959	2025-09-08 07:19:34.088959
97	306	43	51	upl_name	4	\N	f	0	0	f		excellent	pending	Стандартная колонка	2025-09-08 07:19:34.088959	2025-09-08 07:19:34.088959
100	307	46	66	cn_inv_pm_upl	2	\N	f	0	0	f		excellent	pending	Стандартная колонка	2025-09-08 07:19:34.088959	2025-09-08 07:19:34.088959
101	307	47	66	cn_inv_dbt_upl	3	\N	f	0	0	f		excellent	pending	Стандартная колонка	2025-09-08 07:19:34.088959	2025-09-08 07:19:34.088959
102	308	48	66	cn_inv_doc_key	1	\N	t	1	1	f		excellent	pending	Identity колонка с seed=1, increment=1	2025-09-08 07:19:34.088959	2025-09-08 07:19:34.088959
103	308	49	6	cn_inv_doc_kod	2	\N	f	0	0	f		excellent	pending	Стандартная колонка	2025-09-08 07:19:34.088959	2025-09-08 07:19:34.088959
104	308	50	70	cn_inv_doc_date	3	\N	f	0	0	f		excellent	pending	Стандартная колонка	2025-09-08 07:19:34.088959	2025-09-08 07:19:34.088959
105	308	51	70	cn_inv_doc_date_entry	4	\N	f	0	0	f		excellent	pending	Стандартная колонка	2025-09-08 07:19:34.088959	2025-09-08 07:19:34.088959
106	308	52	3	cn_inv_doc_sum	5	\N	f	0	0	f		excellent	pending	Стандартная колонка	2025-09-08 07:19:34.088959	2025-09-08 07:19:34.088959
107	308	53	52	cn_inv_doc_link	6	\N	f	0	0	f		excellent	pending	Стандартная колонка	2025-09-08 07:19:34.088959	2025-09-08 07:19:34.088959
108	308	54	67	mark	7	\N	f	0	0	f		excellent	pending	Стандартная колонка	2025-09-08 07:19:34.088959	2025-09-08 07:19:34.088959
99	307	45	66	cidugp_key	1	\N	t	1	1	f		excellent	pending	Identity колонка с seed=1, increment=1	2025-09-08 07:19:34.088959	2025-09-09 05:23:13.017293
116	309	55	66	cn_inv_pm_key	1	\N	t	1	1	f		excellent	pending	Identity колонка с seed=1, increment=1	2025-09-08 07:19:34.088959	2025-09-08 07:19:34.088959
117	309	56	67	cn_inv_key	2	\N	f	0	0	f		excellent	pending	Стандартная колонка	2025-09-08 07:19:34.088959	2025-09-08 07:19:34.088959
118	309	57	67	cn_s_agent	3	\N	f	0	0	f		excellent	pending	Стандартная колонка	2025-09-08 07:19:34.088959	2025-09-08 07:19:34.088959
119	309	58	66	cn_inv_doc	4	\N	f	0	0	f		excellent	pending	Стандартная колонка	2025-09-08 07:19:34.088959	2025-09-08 07:19:34.088959
120	309	59	52	constract_code	5	\N	f	0	0	f		excellent	pending	Стандартная колонка	2025-09-08 07:19:34.088959	2025-09-08 07:19:34.088959
121	309	60	70	cn_inv_pm_due	6	\N	f	0	0	f		excellent	pending	Стандартная колонка	2025-09-08 07:19:34.088959	2025-09-08 07:19:34.088959
122	309	61	2	dbt_blns	7	\N	f	0	0	f		excellent	pending	Стандартная колонка	2025-09-08 07:19:34.088959	2025-09-08 07:19:34.088959
123	309	62	2	dbt_blns_overd	8	\N	f	0	0	f		excellent	pending	Стандартная колонка	2025-09-08 07:19:34.088959	2025-09-08 07:19:34.088959
124	309	63	2	dbt_blns_not_overd	9	\N	f	0	0	f		excellent	pending	Стандартная колонка	2025-09-08 07:19:34.088959	2025-09-08 07:19:34.088959
125	309	64	2	cdt_blns	10	\N	f	0	0	f		excellent	pending	Стандартная колонка	2025-09-08 07:19:34.088959	2025-09-08 07:19:34.088959
126	309	65	2	cdt_blns_overd	11	\N	f	0	0	f		excellent	pending	Стандартная колонка	2025-09-08 07:19:34.088959	2025-09-08 07:19:34.088959
127	309	66	2	cdt_blns_not_overd	12	\N	f	0	0	f		excellent	pending	Стандартная колонка	2025-09-08 07:19:34.088959	2025-09-08 07:19:34.088959
128	309	68	2	blns	13	\N	f	0	0	f		excellent	pending	Стандартная колонка	2025-09-08 07:19:34.088959	2025-09-08 07:19:34.088959
129	309	69	70	alignment_date	14	\N	f	0	0	f		excellent	pending	Стандартная колонка	2025-09-08 07:19:34.088959	2025-09-08 07:19:34.088959
130	309	70	70	base_date	15	\N	f	0	0	f		excellent	pending	Стандартная колонка	2025-09-08 07:19:34.088959	2025-09-08 07:19:34.088959
131	309	71	41	storno_reason	16	\N	f	0	0	f		excellent	pending	Стандартная колонка	2025-09-08 07:19:34.088959	2025-09-08 07:19:34.088959
132	309	72	6	storno_doc	17	\N	f	0	0	f		excellent	pending	Стандартная колонка	2025-09-08 07:19:34.088959	2025-09-08 07:19:34.088959
133	309	73	66	cn_inv_pm_upl	18	\N	f	0	0	f		excellent	pending	Стандартная колонка	2025-09-08 07:19:34.088959	2025-09-08 07:19:34.088959
134	309	74	66	number	19	\N	f	0	0	f		excellent	pending	Стандартная колонка	2025-09-08 07:19:34.088959	2025-09-08 07:19:34.088959
135	309	75	67	mark	20	\N	f	0	0	f		excellent	pending	Стандартная колонка	2025-09-08 07:19:34.088959	2025-09-08 07:19:34.088959
137	309	77	70	cn_inv_doc_date	22	\N	f	0	0	f		excellent	pending	Стандартная колонка	2025-09-08 07:19:34.088959	2025-09-08 07:19:34.088959
138	309	78	70	cn_inv_doc_date_entry	23	\N	f	0	0	f		excellent	pending	Стандартная колонка	2025-09-08 07:19:34.088959	2025-09-08 07:19:34.088959
139	309	79	3	cn_inv_doc_sum	24	\N	f	0	0	f		excellent	pending	Стандартная колонка	2025-09-08 07:19:34.088959	2025-09-08 07:19:34.088959
140	309	80	52	cn_inv_doc_link	25	\N	f	0	0	f		excellent	pending	Стандартная колонка	2025-09-08 07:19:34.088959	2025-09-08 07:19:34.088959
147	310	87	66	cn_inv_pm_key	1	\N	t	1	1	f		excellent	pending	Identity колонка с seed=1, increment=1	2025-09-08 07:19:34.088959	2025-09-08 07:19:34.088959
148	310	88	69	cn_inv_pm_date	2	\N	f	0	0	f		excellent	pending	Стандартная колонка	2025-09-08 07:19:34.088959	2025-09-08 07:19:34.088959
149	310	89	52	cn_inv_pm_name	3	\N	f	0	0	f		excellent	pending	Стандартная колонка	2025-09-08 07:19:34.088959	2025-09-08 07:19:34.088959
174	168	107	52	status_of_dictext	4	\N	f	0	0	f		excellent	pending	Стандартная колонка	2025-09-08 07:19:34.088959	2025-09-08 08:04:36.273898
178	168	111	3	sum_tax	8	\N	f	0	0	f		excellent	pending	Стандартная колонка	2025-09-08 07:19:34.088959	2025-09-08 08:04:36.273898
180	168	113	52	sppelement	10	\N	f	0	0	f		excellent	pending	Стандартная колонка	2025-09-08 07:19:34.088959	2025-09-08 08:04:36.273898
183	168	116	70	account_date	13	\N	f	0	0	f		excellent	pending	Стандартная колонка	2025-09-08 07:19:34.088959	2025-09-08 08:04:36.273898
188	168	121	52	text_of_agent	18	\N	f	0	0	f		excellent	pending	Стандартная колонка	2025-09-08 07:19:34.088959	2025-09-08 08:04:36.273898
176	168	109	3	summ	6	\N	f	0	0	f		excellent	pending	Стандартная колонка	2025-09-08 07:19:34.088959	2025-09-08 07:19:34.088959
177	168	110	3	cost	7	\N	f	0	0	f		excellent	pending	Стандартная колонка	2025-09-08 07:19:34.088959	2025-09-08 07:19:34.088959
187	168	120	67	agent	17	\N	f	0	0	f		excellent	pending	Стандартная колонка	2025-09-08 07:19:34.088959	2025-09-08 07:19:34.088959
193	168	126	52	object	23	\N	f	0	0	f		excellent	pending	Стандартная колонка	2025-09-08 07:19:34.088959	2025-09-08 07:19:34.088959
192	168	125	52	parent_spp_element_num	22	\N	f	0	0	f		excellent	pending	Стандартная колонка	2025-09-08 07:19:34.088959	2025-09-08 08:04:36.273898
198	168	131	52	correction_num	28	\N	f	0	0	f		excellent	pending	Стандартная колонка	2025-09-08 07:19:34.088959	2025-09-08 08:04:36.273898
199	168	132	70	correction_date	29	\N	f	0	0	f		excellent	pending	Стандартная колонка	2025-09-08 07:19:34.088959	2025-09-08 08:04:36.273898
209	311	142	66	cn_s_key	1	\N	t	1	1	f		excellent	pending	Identity колонка с seed=1, increment=1	2025-09-08 07:19:34.088959	2025-09-08 07:19:34.088959
210	311	96	66	cn_key	2	\N	f	0	0	f		excellent	pending	Стандартная колонка	2025-09-08 07:19:34.088959	2025-09-08 07:19:34.088959
211	311	97	66	cn_s_type	3	\N	f	0	0	f		excellent	pending	Стандартная колонка	2025-09-08 07:19:34.088959	2025-09-08 07:19:34.088959
212	312	98	66	cn_s_org_key	1	\N	t	1	1	f		excellent	pending	Identity колонка с seed=1, increment=1	2025-09-08 07:19:34.088959	2025-09-08 07:19:34.088959
213	312	99	70	date_beg	2	\N	f	0	0	f		excellent	pending	Стандартная колонка	2025-09-08 07:19:34.088959	2025-09-08 07:19:34.088959
214	312	100	70	date_end	3	\N	f	0	0	f		excellent	pending	Стандартная колонка	2025-09-08 07:19:34.088959	2025-09-08 07:19:34.088959
224	314	151	66	cn_s_t_key	1	\N	t	1	1	f		excellent	pending	Identity колонка с seed=1, increment=1	2025-09-08 07:19:34.088959	2025-09-08 07:19:34.088959
225	314	152	52	cn_s_t_name	2	\N	f	0	0	f		excellent	pending	Стандартная колонка	2025-09-08 07:19:34.088959	2025-09-08 07:19:34.088959
255	193	266	52	spp_element	2	\N	f	0	0	f		excellent	pending	Стандартная колонка	2025-09-08 07:19:34.088959	2025-09-08 08:04:36.273898
257	193	268	52	project_code_new	4	\N	f	0	0	f		excellent	pending	Стандартная колонка	2025-09-08 07:19:34.088959	2025-09-08 08:04:36.273898
258	193	269	52	spp_element_code_new	5	\N	f	0	0	f		excellent	pending	Стандартная колонка	2025-09-08 07:19:34.088959	2025-09-08 08:04:36.273898
264	195	274	3	col_2023_02_02_overd	2	\N	f	0	0	f		excellent	pending	Стандартная колонка	2025-09-08 07:19:34.088959	2025-09-09 04:23:27.049694
265	195	275	67	col_2023_02_02_cst_ag_pn_key	3	\N	f	0	0	f		excellent	pending	Стандартная колонка	2025-09-08 07:19:34.088959	2025-09-09 04:23:27.049694
266	195	276	67	col_2023_02_02_cia_key	4	\N	f	0	0	f		excellent	pending	Стандартная колонка	2025-09-08 07:19:34.088959	2025-09-09 04:23:27.049694
269	195	279	52	cur	7	\N	f	0	0	f		excellent	pending	Стандартная колонка	2025-09-08 07:19:34.088959	2025-09-08 07:19:34.088959
270	195	280	41	mery	8	\N	f	0	0	f		excellent	pending	Стандартная колонка	2025-09-08 07:19:34.088959	2025-09-08 07:19:34.088959
267	195	277	67	col_2023_04_19_cst_ag_pn_key	5	\N	f	0	0	f		excellent	pending	Стандартная колонка	2025-09-08 07:19:34.088959	2025-09-09 04:23:27.049694
268	195	278	67	col_2023_04_19_cia_key	6	\N	f	0	0	f		excellent	pending	Стандартная колонка	2025-09-08 07:19:34.088959	2025-09-09 04:23:27.049694
278	196	288	52	cur	7	\N	f	0	0	f		excellent	pending	Стандартная колонка	2025-09-08 07:19:34.088959	2025-09-08 07:19:34.088959
279	196	289	41	mery	8	\N	f	0	0	f		excellent	pending	Стандартная колонка	2025-09-08 07:19:34.088959	2025-09-08 07:19:34.088959
273	196	283	3	col_2023_02_02_overd	2	\N	f	0	0	f		excellent	pending	Стандартная колонка	2025-09-08 07:19:34.088959	2025-09-09 04:23:27.049694
287	197	297	52	cur	7	\N	f	0	0	f		excellent	pending	Стандартная колонка	2025-09-08 07:19:34.088959	2025-09-08 07:19:34.088959
288	197	298	41	mery	8	\N	f	0	0	f		excellent	pending	Стандартная колонка	2025-09-08 07:19:34.088959	2025-09-08 07:19:34.088959
296	198	303	52	cur	7	\N	f	0	0	f		excellent	pending	Стандартная колонка	2025-09-08 07:19:34.088959	2025-09-08 07:19:34.088959
297	198	304	41	mery	8	\N	f	0	0	f		excellent	pending	Стандартная колонка	2025-09-08 07:19:34.088959	2025-09-08 07:19:34.088959
301	199	308	51	curator	3	\N	f	0	0	f		excellent	pending	Стандартная колонка	2025-09-08 07:19:34.088959	2025-09-08 07:19:34.088959
302	199	309	40	mery	4	\N	f	0	0	f		excellent	pending	Стандартная колонка	2025-09-08 07:19:34.088959	2025-09-08 07:19:34.088959
303	199	310	51	cst	5	\N	f	0	0	f		excellent	pending	Стандартная колонка	2025-09-08 07:19:34.088959	2025-09-08 07:19:34.088959
305	200	312	52	cur	2	\N	f	0	0	f		excellent	pending	Стандартная колонка	2025-09-08 07:19:34.088959	2025-09-08 07:19:34.088959
306	200	313	41	mery	3	\N	f	0	0	f		excellent	pending	Стандартная колонка	2025-09-08 07:19:34.088959	2025-09-08 07:19:34.088959
310	201	317	52	curator	3	\N	f	0	0	f		excellent	pending	Стандартная колонка	2025-09-08 07:19:34.088959	2025-09-08 07:19:34.088959
311	201	318	41	comment	4	\N	f	0	0	f		excellent	pending	Стандартная колонка	2025-09-08 07:19:34.088959	2025-09-08 07:19:34.088959
312	201	319	52	cst	5	\N	f	0	0	f		excellent	pending	Стандартная колонка	2025-09-08 07:19:34.088959	2025-09-08 07:19:34.088959
317	202	324	52	curator	5	\N	f	0	0	f		excellent	pending	Стандартная колонка	2025-09-08 07:19:34.088959	2025-09-08 07:19:34.088959
318	202	325	41	comment	6	\N	f	0	0	f		excellent	pending	Стандартная колонка	2025-09-08 07:19:34.088959	2025-09-08 07:19:34.088959
319	202	326	52	cst	7	\N	f	0	0	f		excellent	pending	Стандартная колонка	2025-09-08 07:19:34.088959	2025-09-08 07:19:34.088959
322	203	329	52	cur_new	3	\N	f	0	0	f		excellent	pending	Стандартная колонка	2025-09-08 07:19:34.088959	2025-09-08 07:19:34.088959
323	203	330	41	comm_new	4	\N	f	0	0	f		excellent	pending	Стандартная колонка	2025-09-08 07:19:34.088959	2025-09-08 07:19:34.088959
324	203	331	52	cst_new	5	\N	f	0	0	f		excellent	pending	Стандартная колонка	2025-09-08 07:19:34.088959	2025-09-08 07:19:34.088959
327	204	334	52	cur_new	3	\N	f	0	0	f		excellent	pending	Стандартная колонка	2025-09-08 07:19:34.088959	2025-09-08 07:19:34.088959
328	204	335	41	mery_new	4	\N	f	0	0	f		excellent	pending	Стандартная колонка	2025-09-08 07:19:34.088959	2025-09-08 07:19:34.088959
332	205	339	52	cur_new	3	\N	f	0	0	f		excellent	pending	Стандартная колонка	2025-09-08 07:19:34.088959	2025-09-08 07:19:34.088959
333	205	340	41	mery_new	4	\N	f	0	0	f		excellent	pending	Стандартная колонка	2025-09-08 07:19:34.088959	2025-09-08 07:19:34.088959
337	206	344	52	cur_new	3	\N	f	0	0	f		excellent	pending	Стандартная колонка	2025-09-08 07:19:34.088959	2025-09-08 07:19:34.088959
338	206	345	41	mery_new	4	\N	f	0	0	f		excellent	pending	Стандартная колонка	2025-09-08 07:19:34.088959	2025-09-08 07:19:34.088959
291	198	301	3	col_2023_02_02_overd	2	\N	f	0	0	f		excellent	pending	Стандартная колонка	2025-09-08 07:19:34.088959	2025-09-09 04:23:27.049694
292	198	302	67	col_2023_02_02_cst_ag_pn_key	3	\N	f	0	0	f		excellent	pending	Стандартная колонка	2025-09-08 07:19:34.088959	2025-09-09 04:23:27.049694
293	198	248	67	col_2023_02_02_cia_key	4	\N	f	0	0	f		excellent	pending	Стандартная колонка	2025-09-08 07:19:34.088959	2025-09-09 04:23:27.049694
294	198	249	67	col_2023_07_20_cst_ag_pn_key	5	\N	f	0	0	f		excellent	pending	Стандартная колонка	2025-09-08 07:19:34.088959	2025-09-09 04:23:27.049694
295	198	250	67	col_2023_07_20_cia_key	6	\N	f	0	0	f		excellent	pending	Стандартная колонка	2025-09-08 07:19:34.088959	2025-09-09 04:23:27.049694
308	201	315	20	col_2023_02_02_cia_key	1	\N	f	0	0	f		excellent	pending	Стандартная колонка	2025-09-08 07:19:34.088959	2025-09-09 04:23:27.049694
309	201	316	20	col_2024_01_30_cia_key	2	\N	f	0	0	f		excellent	pending	Стандартная колонка	2025-09-08 07:19:34.088959	2025-09-09 04:23:27.049694
315	202	322	67	col_2023_02_02_cia_key	3	\N	f	0	0	f		excellent	pending	Стандартная колонка	2025-09-08 07:19:34.088959	2025-09-09 04:23:27.049694
316	202	323	67	col_2024_01_30_cia_key	4	\N	f	0	0	f		excellent	pending	Стандартная колонка	2025-09-08 07:19:34.088959	2025-09-09 04:23:27.049694
320	203	327	67	col_2024_01_30_cia_key	1	\N	f	0	0	f		excellent	pending	Стандартная колонка	2025-09-08 07:19:34.088959	2025-09-09 04:23:27.049694
321	203	328	67	col_2025_01_24_cia_key	2	\N	f	0	0	f		excellent	pending	Стандартная колонка	2025-09-08 07:19:34.088959	2025-09-09 04:23:27.049694
342	207	349	3	summ	3	\N	f	0	0	f		excellent	pending	Стандартная колонка	2025-09-08 07:19:34.088959	2025-09-08 07:19:34.088959
361	210	368	52	branch	4	\N	f	0	0	f		excellent	pending	Стандартная колонка	2025-09-08 07:19:34.088959	2025-09-08 07:19:34.088959
363	211	370	52	cst	1	\N	f	0	0	f		excellent	pending	Стандартная колонка	2025-09-08 07:19:34.088959	2025-09-08 07:19:34.088959
364	211	371	52	branch	2	\N	f	0	0	f		excellent	pending	Стандартная колонка	2025-09-08 07:19:34.088959	2025-09-08 07:19:34.088959
365	212	372	52	og	1	\N	f	0	0	f		excellent	pending	Стандартная колонка	2025-09-08 07:19:34.088959	2025-09-08 07:19:34.088959
366	212	373	52	sheme	2	\N	f	0	0	f		excellent	pending	Стандартная колонка	2025-09-08 07:19:34.088959	2025-09-08 07:19:34.088959
367	212	374	52	cons	3	\N	f	0	0	f		excellent	pending	Стандартная колонка	2025-09-08 07:19:34.088959	2025-09-08 07:19:34.088959
368	212	375	52	const_old	4	\N	f	0	0	f		excellent	pending	Стандартная колонка	2025-09-08 07:19:34.088959	2025-09-08 07:19:34.088959
369	213	376	52	og	1	\N	f	0	0	f		excellent	pending	Стандартная колонка	2025-09-08 07:19:34.088959	2025-09-08 07:19:34.088959
370	213	377	52	cons	2	\N	f	0	0	f		excellent	pending	Стандартная колонка	2025-09-08 07:19:34.088959	2025-09-08 07:19:34.088959
371	213	378	52	const_old	3	\N	f	0	0	f		excellent	pending	Стандартная колонка	2025-09-08 07:19:34.088959	2025-09-08 07:19:34.088959
374	213	381	20	cnt	6	\N	f	0	0	f		excellent	pending	Стандартная колонка	2025-09-08 07:19:34.088959	2025-09-08 07:19:34.088959
376	213	383	52	rslt	8	\N	f	0	0	f		excellent	pending	Стандартная колонка	2025-09-08 07:19:34.088959	2025-09-08 07:19:34.088959
736	326	739	66	rac_ra	2	\N	f	0	0	f		excellent	pending	Стандартная колонка	2025-09-08 07:19:34.088959	2025-09-09 04:23:27.049694
737	326	740	51	rac_num	3	\N	f	0	0	f		excellent	pending	Стандартная колонка	2025-09-08 07:19:34.088959	2025-09-09 04:23:27.049694
738	326	741	70	rac_date	4	\N	f	0	0	f		excellent	pending	Стандартная колонка	2025-09-08 07:19:34.088959	2025-09-09 04:23:27.049694
699	321	702	66	org_key	1	\N	f	0	0	f		excellent	pending	Стандартная колонка	2025-09-08 07:19:34.088959	2025-09-08 07:19:34.088959
700	321	703	51	org_name_s	2	\N	f	0	0	f		excellent	pending	Стандартная колонка	2025-09-08 07:19:34.088959	2025-09-08 07:19:34.088959
701	321	704	52	org_name_l	3	\N	f	0	0	f		excellent	pending	Стандартная колонка	2025-09-08 07:19:34.088959	2025-09-08 07:19:34.088959
702	321	705	52	org_name_os	4	\N	f	0	0	f		excellent	pending	Стандартная колонка	2025-09-08 07:19:34.088959	2025-09-08 07:19:34.088959
703	321	706	52	org_name_ol	5	\N	f	0	0	f		excellent	pending	Стандартная колонка	2025-09-08 07:19:34.088959	2025-09-08 07:19:34.088959
704	322	707	66	org_id_key	1	\N	t	1	1	f		excellent	pending	Identity колонка с seed=1, increment=1	2025-09-08 07:19:34.088959	2025-09-08 07:19:34.088959
705	322	708	66	org	2	\N	f	0	0	f		excellent	pending	Стандартная колонка	2025-09-08 07:19:34.088959	2025-09-08 07:19:34.088959
706	322	709	66	org_id_type	3	\N	f	0	0	f		excellent	pending	Стандартная колонка	2025-09-08 07:19:34.088959	2025-09-08 07:19:34.088959
707	322	710	67	org_id_value_l	4	\N	f	0	0	f		excellent	pending	Стандартная колонка	2025-09-08 07:19:34.088959	2025-09-08 07:19:34.088959
708	322	711	52	org_id_value_t	5	\N	f	0	0	f		excellent	pending	Стандартная колонка	2025-09-08 07:19:34.088959	2025-09-08 07:19:34.088959
709	322	712	52	org_id_value_t_ext	6	\N	f	0	0	f		excellent	pending	Стандартная колонка	2025-09-08 07:19:34.088959	2025-09-08 07:19:34.088959
710	323	713	66	org_id_type_key	1	\N	t	1	1	f		excellent	pending	Identity колонка с seed=1, increment=1	2025-09-08 07:19:34.088959	2025-09-08 07:19:34.088959
711	323	714	51	org_id_type_name	2	\N	f	0	0	f		excellent	pending	Стандартная колонка	2025-09-08 07:19:34.088959	2025-09-08 07:19:34.088959
715	325	718	66	ra_key	1	\N	t	1	1	f		excellent	pending	Identity колонка с seed=1, increment=1	2025-09-08 07:19:34.088959	2025-09-08 07:19:34.088959
716	325	719	51	ra_num	2	\N	f	0	0	f		excellent	pending	Стандартная колонка	2025-09-08 07:19:34.088959	2025-09-08 07:19:34.088959
717	325	720	70	ra_date	3	\N	f	0	0	f		excellent	pending	Стандартная колонка	2025-09-08 07:19:34.088959	2025-09-08 07:19:34.088959
718	325	721	66	ra_cac	4	\N	f	0	0	f		excellent	pending	Стандартная колонка	2025-09-08 07:19:34.088959	2025-09-08 07:19:34.088959
719	325	722	51	ra_type	5	\N	f	0	0	f		excellent	pending	Стандартная колонка	2025-09-08 07:19:34.088959	2025-09-08 07:19:34.088959
720	325	723	52	ra_work_type	6	\N	f	0	0	f		excellent	pending	Стандартная колонка	2025-09-08 07:19:34.088959	2025-09-08 07:19:34.088959
721	325	724	66	ra_period	7	\N	f	0	0	f		excellent	pending	Стандартная колонка	2025-09-08 07:19:34.088959	2025-09-08 07:19:34.088959
722	325	725	52	ra_arrived	8	\N	f	0	0	f		excellent	pending	Стандартная колонка	2025-09-08 07:19:34.088959	2025-09-08 07:19:34.088959
723	325	726	70	ra_arrived_date	9	\N	f	0	0	f		excellent	pending	Стандартная колонка	2025-09-08 07:19:34.088959	2025-09-08 07:19:34.088959
725	325	728	52	ra_returned	11	\N	f	0	0	f		excellent	pending	Стандартная колонка	2025-09-08 07:19:34.088959	2025-09-08 07:19:34.088959
726	325	729	70	ra_returned_date	12	\N	f	0	0	f		excellent	pending	Стандартная колонка	2025-09-08 07:19:34.088959	2025-09-08 07:19:34.088959
728	325	731	52	ra_sent	14	\N	f	0	0	f		excellent	pending	Стандартная колонка	2025-09-08 07:19:34.088959	2025-09-08 07:19:34.088959
729	325	732	70	ra_sent_date	15	\N	f	0	0	f		excellent	pending	Стандартная колонка	2025-09-08 07:19:34.088959	2025-09-08 07:19:34.088959
730	325	733	41	ra_note_t	16	\N	f	0	0	f		excellent	pending	Стандартная колонка	2025-09-08 07:19:34.088959	2025-09-08 07:19:34.088959
731	325	734	4	ra_created	17	(getdate())	f	0	0	f		excellent	pending	Стандартная колонка	2025-09-08 07:19:34.088959	2025-09-08 07:19:34.088959
732	325	735	66	ra_org_sender	18	\N	f	0	0	f		excellent	pending	Стандартная колонка	2025-09-08 07:19:34.088959	2025-09-08 07:19:34.088959
733	325	736	41	ra_note	19	\N	f	0	0	f		excellent	pending	Стандартная колонка	2025-09-08 07:19:34.088959	2025-09-08 07:19:34.088959
735	326	738	66	rac_key	1	\N	t	1	1	f		excellent	pending	Identity колонка с seed=1, increment=1	2025-09-08 07:19:34.088959	2025-09-08 07:19:34.088959
739	326	742	66	ra_period	5	\N	f	0	0	f		excellent	pending	Стандартная колонка	2025-09-08 07:19:34.088959	2025-09-08 07:19:34.088959
740	326	743	52	ra_arrived	6	\N	f	0	0	f		excellent	pending	Стандартная колонка	2025-09-08 07:19:34.088959	2025-09-08 07:19:34.088959
741	326	744	70	ra_arrived_date	7	\N	f	0	0	f		excellent	pending	Стандартная колонка	2025-09-08 07:19:34.088959	2025-09-08 07:19:34.088959
754	318	758	66	racs_key	1	\N	t	1	1	f		excellent	pending	Identity колонка с seed=1, increment=1	2025-09-08 07:19:34.088959	2025-09-09 04:23:27.049694
743	326	746	52	ra_returned	9	\N	f	0	0	f		excellent	pending	Стандартная колонка	2025-09-08 07:19:34.088959	2025-09-08 07:19:34.088959
744	326	747	70	ra_returned_date	10	\N	f	0	0	f		excellent	pending	Стандартная колонка	2025-09-08 07:19:34.088959	2025-09-08 07:19:34.088959
755	318	759	66	racs_rac	2	\N	f	0	0	f		excellent	pending	Стандартная колонка	2025-09-08 07:19:34.088959	2025-09-09 04:23:27.049694
746	326	749	52	ra_sent	12	\N	f	0	0	f		excellent	pending	Стандартная колонка	2025-09-08 07:19:34.088959	2025-09-08 07:19:34.088959
747	326	750	70	ra_sent_date	13	\N	f	0	0	f		excellent	pending	Стандартная колонка	2025-09-08 07:19:34.088959	2025-09-08 07:19:34.088959
748	326	751	41	ra_note_t	14	\N	f	0	0	f		excellent	pending	Стандартная колонка	2025-09-08 07:19:34.088959	2025-09-08 07:19:34.088959
749	326	752	5	ra_created	15	(getdate())	f	0	0	f		excellent	pending	Стандартная колонка	2025-09-08 07:19:34.088959	2025-09-08 07:19:34.088959
750	326	753	66	ra_org_sender	16	\N	f	0	0	f		excellent	pending	Стандартная колонка	2025-09-08 07:19:34.088959	2025-09-08 07:19:34.088959
751	326	754	41	ra_note	17	\N	f	0	0	f		excellent	pending	Стандартная колонка	2025-09-08 07:19:34.088959	2025-09-08 07:19:34.088959
756	318	760	3	racs_total	3	\N	f	0	0	f		excellent	pending	Стандартная колонка	2025-09-08 07:19:34.088959	2025-09-09 04:23:27.049694
757	318	761	3	racs_work	4	\N	f	0	0	f		excellent	pending	Стандартная колонка	2025-09-08 07:19:34.088959	2025-09-09 04:23:27.049694
758	318	762	3	racs_equip	5	\N	f	0	0	f		excellent	pending	Стандартная колонка	2025-09-08 07:19:34.088959	2025-09-09 04:23:27.049694
759	318	763	3	racs_others	6	\N	f	0	0	f		excellent	pending	Стандартная колонка	2025-09-08 07:19:34.088959	2025-09-09 04:23:27.049694
760	318	764	4	racs_date	7	(getdate())	f	0	0	f		excellent	pending	Стандартная колонка	2025-09-08 07:19:34.088959	2025-09-09 04:23:27.049694
801	327	769	66	rap_key	1	\N	t	1	1	f		excellent	pending	Identity колонка с seed=1, increment=1	2025-09-08 07:19:34.088959	2025-09-09 05:23:13.017293
802	327	770	66	y	2	\N	f	0	0	f		excellent	pending	Стандартная колонка	2025-09-08 07:19:34.088959	2025-09-08 07:19:34.088959
803	327	771	66	m	3	\N	f	0	0	f		excellent	pending	Стандартная колонка	2025-09-08 07:19:34.088959	2025-09-08 07:19:34.088959
804	327	772	51	p	4	\N	f	0	0	f		excellent	pending	Стандартная колонка	2025-09-08 07:19:34.088959	2025-09-08 07:19:34.088959
806	328	774	66	ras_key	1	\N	t	1	1	f		excellent	pending	Identity колонка с seed=1, increment=1	2025-09-08 07:19:34.088959	2025-09-08 07:19:34.088959
807	328	775	66	ras_ra	2	\N	f	0	0	f		excellent	pending	Стандартная колонка	2025-09-08 07:19:34.088959	2025-09-08 07:19:34.088959
808	328	776	3	ras_total	3	\N	f	0	0	f		excellent	pending	Стандартная колонка	2025-09-08 07:19:34.088959	2025-09-08 07:19:34.088959
809	328	777	3	ras_work	4	\N	f	0	0	f		excellent	pending	Стандартная колонка	2025-09-08 07:19:34.088959	2025-09-08 07:19:34.088959
810	328	778	3	ras_equip	5	\N	f	0	0	f		excellent	pending	Стандартная колонка	2025-09-08 07:19:34.088959	2025-09-08 07:19:34.088959
811	328	779	3	ras_others	6	\N	f	0	0	f		excellent	pending	Стандартная колонка	2025-09-08 07:19:34.088959	2025-09-08 07:19:34.088959
812	328	780	4	ras_date	7	(getdate())	f	0	0	f		excellent	pending	Стандартная колонка	2025-09-08 07:19:34.088959	2025-09-08 07:19:34.088959
991	330	994	66	yr_key	1	\N	t	1	1	f		excellent	pending	Identity колонка с seed=1, increment=1	2025-09-08 07:19:34.088959	2025-09-08 07:19:34.088959
992	330	995	51	yr_variant	2	\N	f	0	0	f		excellent	pending	Стандартная колонка	2025-09-08 07:19:34.088959	2025-09-08 07:19:34.088959
993	330	996	66	cn_inv_dbt_upl	3	\N	f	0	0	f		excellent	pending	Стандартная колонка	2025-09-08 07:19:34.088959	2025-09-08 07:19:34.088959
994	330	997	66	yyyy	4	\N	f	0	0	f		excellent	pending	Стандартная колонка	2025-09-08 07:19:34.088959	2025-09-08 07:19:34.088959
997	331	1000	66	yr_upl_p_key	1	\N	t	1	1	f		excellent	pending	Identity колонка с seed=1, increment=1	2025-09-08 07:19:34.088959	2025-09-08 07:19:34.088959
998	331	1001	66	yr_upl_p_yr	2	\N	f	0	0	f		excellent	pending	Стандартная колонка	2025-09-08 07:19:34.088959	2025-09-08 07:19:34.088959
999	331	1002	66	cn_inv_dbt_upl	3	\N	f	0	0	f		excellent	pending	Стандартная колонка	2025-09-08 07:19:34.088959	2025-09-08 07:19:34.088959
1001	332	1004	66	yyyy	2	\N	f	0	0	f		excellent	pending	Стандартная колонка	2025-09-08 07:19:34.088959	2025-09-08 07:19:34.088959
8	303	12	67	cn_mark	5	\N	f	0	0	f		excellent	pending	Стандартная колонка	2025-09-08 07:19:34.088959	2025-09-08 07:53:06.848251
9	303	13	5	cn_time_of_entry	6	\N	f	0	0	f		excellent	pending	Стандартная колонка	2025-09-08 07:19:34.088959	2025-09-08 07:53:06.848251
10	303	14	52	cn_name	7	\N	f	0	0	t	([ags].[fnCnName]([cn_key]))	excellent	pending	Вычисляемая колонка: ([ags].[fnCnName]([cn_key]))	2025-09-08 07:19:34.088959	2025-09-08 07:53:06.848251
20	170	153	66	ci_key	1	\N	t	1	1	f		excellent	pending	Identity колонка с seed=1, increment=1	2025-09-08 07:19:34.088959	2025-09-08 07:53:06.848251
21	170	154	66	ci_cn	2	\N	f	0	0	f		excellent	pending	Стандартная колонка	2025-09-08 07:19:34.088959	2025-09-08 07:53:06.848251
22	170	155	41	ci_note	3	\N	f	0	0	f		excellent	pending	Стандартная колонка	2025-09-08 07:19:34.088959	2025-09-08 07:53:06.848251
23	170	156	67	ci_mark	4	\N	f	0	0	f		excellent	pending	Стандартная колонка	2025-09-08 07:19:34.088959	2025-09-08 07:53:06.848251
24	170	157	66	ci_inv	5	\N	f	0	0	f		excellent	pending	Стандартная колонка	2025-09-08 07:19:34.088959	2025-09-08 07:53:06.848251
25	170	158	5	ci_time_of_entry	6	\N	f	0	0	f		excellent	pending	Стандартная колонка	2025-09-08 07:19:34.088959	2025-09-08 07:53:06.848251
26	171	159	66	cia_key	1	\N	t	1	1	f		excellent	pending	Identity колонка с seed=1, increment=1	2025-09-08 07:19:34.088959	2025-09-08 07:53:06.848251
27	171	160	66	cia_cn_s_org	2	\N	f	0	0	f		excellent	pending	Стандартная колонка	2025-09-08 07:19:34.088959	2025-09-08 07:53:06.848251
28	171	161	52	cia_name	3	\N	f	0	0	f		excellent	pending	Стандартная колонка	2025-09-08 07:19:34.088959	2025-09-08 07:53:06.848251
29	171	162	60	cia_note	4	\N	f	0	0	f		excellent	pending	Стандартная колонка	2025-09-08 07:19:34.088959	2025-09-08 07:53:06.848251
30	171	163	66	cia_cn_inv_accnt_smpl	5	\N	f	0	0	f		excellent	pending	Стандартная колонка	2025-09-08 07:19:34.088959	2025-09-08 07:53:06.848251
31	171	164	4	cia_time_of_entry	6	(getdate())	f	0	0	f		excellent	pending	Стандартная колонка	2025-09-08 07:19:34.088959	2025-09-08 07:53:06.848251
353	316	360	52	i_name	6	\N	f	0	0	t	([ags].[fnInvName]([iKey]))	excellent	pending	Вычисляемая колонка: ([ags].[fnInvName]([iKey]))	2025-09-08 07:19:34.088959	2025-09-08 07:53:06.848251
32	171	165	52	cia_name_null	7	\N	f	0	0	t	(case when [ciaName] IS NULL then 'NullИлиПусто' else case when [ciaName]='' then 'NullИлиПусто' else [ciaName] end end)	excellent	pending	Вычисляемая колонка: (case when [ciaName] IS NULL then 'NullИлиПусто' else case when [ciaName]='' then 'NullИлиПусто' else [ciaName] end end)	2025-09-08 07:19:34.088959	2025-09-08 07:53:06.848251
33	172	166	66	cias_key	1	\N	t	1	1	f		excellent	pending	Identity колонка с seed=1, increment=1	2025-09-08 07:19:34.088959	2025-09-08 07:53:06.848251
34	172	167	66	cias_cn_inv	2	\N	f	0	0	f		excellent	pending	Стандартная колонка	2025-09-08 07:19:34.088959	2025-09-08 07:53:06.848251
35	172	168	66	cias_accnt	3	\N	f	0	0	f		excellent	pending	Стандартная колонка	2025-09-08 07:19:34.088959	2025-09-08 07:53:06.848251
36	172	169	66	cias_cn_s_org_smpl	4	\N	f	0	0	f		excellent	pending	Стандартная колонка	2025-09-08 07:19:34.088959	2025-09-08 07:53:06.848251
37	172	170	60	cias_note	5	\N	f	0	0	f		excellent	pending	Стандартная колонка	2025-09-08 07:19:34.088959	2025-09-08 07:53:06.848251
38	172	171	4	cias_time_of_entry	6	(getdate())	f	0	0	f		excellent	pending	Стандартная колонка	2025-09-08 07:19:34.088959	2025-09-08 07:53:06.848251
39	173	172	66	cnic_key	1	\N	t	1	1	f		excellent	pending	Identity колонка с seed=1, increment=1	2025-09-08 07:19:34.088959	2025-09-08 07:53:06.848251
40	173	173	66	cnic_type	2	\N	f	0	0	f		excellent	pending	Стандартная колонка	2025-09-08 07:19:34.088959	2025-09-08 07:53:06.848251
41	173	174	66	cnic_group	3	\N	f	0	0	f		excellent	pending	Стандартная колонка	2025-09-08 07:19:34.088959	2025-09-08 07:53:06.848251
42	173	175	67	cnic_inv	4	\N	f	0	0	f		excellent	pending	Стандартная колонка	2025-09-08 07:19:34.088959	2025-09-08 07:53:06.848251
43	173	176	40	cnic_text	5	\N	f	0	0	f		excellent	pending	Стандартная колонка	2025-09-08 07:19:34.088959	2025-09-08 07:53:06.848251
44	173	177	66	cnic_inv_accnt	6	\N	f	0	0	f		excellent	pending	Стандартная колонка	2025-09-08 07:19:34.088959	2025-09-08 07:53:06.848251
45	174	178	66	cica_key	1	\N	t	1	1	f		excellent	pending	Identity колонка с seed=1, increment=1	2025-09-08 07:19:34.088959	2025-09-08 07:53:06.848251
46	174	179	66	cica_cmm_gr	2	\N	f	0	0	f		excellent	pending	Стандартная колонка	2025-09-08 07:19:34.088959	2025-09-08 07:53:06.848251
47	174	180	66	cica_type	3	\N	f	0	0	f		excellent	pending	Стандартная колонка	2025-09-08 07:19:34.088959	2025-09-08 07:53:06.848251
48	174	181	66	cica_og_ag	4	\N	f	0	0	f		excellent	pending	Стандартная колонка	2025-09-08 07:19:34.088959	2025-09-08 07:53:06.848251
49	174	182	66	cica_inv_accnt	5	\N	f	0	0	f		excellent	pending	Стандартная колонка	2025-09-08 07:19:34.088959	2025-09-08 07:53:06.848251
50	175	183	66	cican_key	1	\N	t	1	1	f		excellent	pending	Identity колонка с seed=1, increment=1	2025-09-08 07:19:34.088959	2025-09-08 07:53:06.848251
51	175	184	51	cican_name	2	\N	f	0	0	f		excellent	pending	Стандартная колонка	2025-09-08 07:19:34.088959	2025-09-08 07:53:06.848251
52	176	185	66	cicc_key	1	\N	t	1	1	f		excellent	pending	Identity колонка с seed=1, increment=1	2025-09-08 07:19:34.088959	2025-09-08 07:53:06.848251
53	176	186	66	cicc_cmm_gr	2	\N	f	0	0	f		excellent	pending	Стандартная колонка	2025-09-08 07:19:34.088959	2025-09-08 07:53:06.848251
54	176	187	66	cicc_type	3	\N	f	0	0	f		excellent	pending	Стандартная колонка	2025-09-08 07:19:34.088959	2025-09-08 07:53:06.848251
55	176	188	66	cicc_cst_ag_pn	4	\N	f	0	0	f		excellent	pending	Стандартная колонка	2025-09-08 07:19:34.088959	2025-09-08 07:53:06.848251
56	176	189	66	cicc_inv_accnt	5	\N	f	0	0	f		excellent	pending	Стандартная колонка	2025-09-08 07:19:34.088959	2025-09-08 07:53:06.848251
57	177	190	66	ciccn_key	1	\N	t	1	1	f		excellent	pending	Identity колонка с seed=1, increment=1	2025-09-08 07:19:34.088959	2025-09-08 07:53:06.848251
58	177	191	51	ciccn_name	2	\N	f	0	0	f		excellent	pending	Стандартная колонка	2025-09-08 07:19:34.088959	2025-09-08 07:53:06.848251
59	178	192	66	cnicd_key	1	\N	t	1	1	f		excellent	pending	Identity колонка с seed=1, increment=1	2025-09-08 07:19:34.088959	2025-09-08 07:53:06.848251
60	178	193	66	cnicd_name	2	\N	f	0	0	f		excellent	pending	Стандартная колонка	2025-09-08 07:19:34.088959	2025-09-08 07:53:06.848251
61	178	194	66	cnicd_cmm_gr	3	\N	f	0	0	f		excellent	pending	Стандартная колонка	2025-09-08 07:19:34.088959	2025-09-08 07:53:06.848251
62	178	195	67	cnicd_inv	4	\N	f	0	0	f		excellent	pending	Стандартная колонка	2025-09-08 07:19:34.088959	2025-09-08 07:53:06.848251
63	178	196	69	cnicd_date	5	\N	f	0	0	f		excellent	pending	Стандартная колонка	2025-09-08 07:19:34.088959	2025-09-08 07:53:06.848251
64	178	197	66	cnicd_inv_accnt	6	\N	f	0	0	f		excellent	pending	Стандартная колонка	2025-09-08 07:19:34.088959	2025-09-08 07:53:06.848251
65	179	198	66	cnicdn_key	1	\N	t	1	1	f		excellent	pending	Identity колонка с seed=1, increment=1	2025-09-08 07:19:34.088959	2025-09-08 07:53:06.848251
66	179	199	51	cnicdn_name	2	\N	f	0	0	f		excellent	pending	Стандартная колонка	2025-09-08 07:19:34.088959	2025-09-08 07:53:06.848251
67	180	200	66	cnicf_key	1	\N	t	1	1	f		excellent	pending	Identity колонка с seed=1, increment=1	2025-09-08 07:19:34.088959	2025-09-08 07:53:06.848251
68	180	201	66	cnicf_name	2	\N	f	0	0	f		excellent	pending	Стандартная колонка	2025-09-08 07:19:34.088959	2025-09-08 07:53:06.848251
69	180	202	66	cnicf_cmm_gr	3	\N	f	0	0	f		excellent	pending	Стандартная колонка	2025-09-08 07:19:34.088959	2025-09-08 07:53:06.848251
70	180	203	67	cnicf_inv	4	\N	f	0	0	f		excellent	pending	Стандартная колонка	2025-09-08 07:19:34.088959	2025-09-08 07:53:06.848251
71	180	204	2	cnicf_value	5	\N	f	0	0	f		excellent	pending	Стандартная колонка	2025-09-08 07:19:34.088959	2025-09-08 07:53:06.848251
72	180	205	66	cnicf_inv_accnt	6	\N	f	0	0	f		excellent	pending	Стандартная колонка	2025-09-08 07:19:34.088959	2025-09-08 07:53:06.848251
73	181	206	66	cnicfn_key	1	\N	t	1	1	f		excellent	pending	Identity колонка с seed=1, increment=1	2025-09-08 07:19:34.088959	2025-09-08 07:53:06.848251
74	181	207	51	cnicfn_name	2	\N	f	0	0	f		excellent	pending	Стандартная колонка	2025-09-08 07:19:34.088959	2025-09-08 07:53:06.848251
75	182	208	66	cnicg_key	1	\N	t	1	1	f		excellent	pending	Identity колонка с seed=1, increment=1	2025-09-08 07:19:34.088959	2025-09-08 07:53:06.848251
76	182	209	53	cnicg_nm_cs	2	\N	f	0	0	t	((CONVERT([nvarchar](10),[cnicgDate],(23))+' ')+[cnicgName])	excellent	pending	Вычисляемая колонка: ((CONVERT([nvarchar](10),[cnicgDate],(23))+' ')+[cnicgName])	2025-09-08 07:19:34.088959	2025-09-08 07:53:06.848251
77	182	210	69	cnicg_date	3	\N	f	0	0	f		excellent	pending	Стандартная колонка	2025-09-08 07:19:34.088959	2025-09-08 07:53:06.848251
78	182	211	51	cnicg_name	4	\N	f	0	0	f		excellent	pending	Стандартная колонка	2025-09-08 07:19:34.088959	2025-09-08 07:53:06.848251
79	183	212	66	cnict_key	1	\N	t	1	1	f		excellent	pending	Identity колонка с seed=1, increment=1	2025-09-08 07:19:34.088959	2025-09-08 07:53:06.848251
80	183	213	51	cnict_name	2	\N	f	0	0	f		excellent	pending	Стандартная колонка	2025-09-08 07:19:34.088959	2025-09-08 07:53:06.848251
92	305	38	66	cid_cn_inv_accnt_ctpt	12	\N	f	0	0	f		excellent	pending	Стандартная колонка	2025-09-08 07:19:34.088959	2025-09-08 07:53:06.848251
93	305	39	5	cid_time_of_entry	13	\N	f	0	0	f		excellent	pending	Стандартная колонка	2025-09-08 07:19:34.088959	2025-09-08 07:53:06.848251
95	306	41	53	upl_nm_cs	2	\N	f	0	0	t	((CONVERT([nvarchar](10),[upl_date],(23))+' ')+[upl_name])	excellent	pending	Вычисляемая колонка: ((CONVERT([nvarchar](10),[upl_date],(23))+' ')+[upl_name])	2025-09-08 07:19:34.088959	2025-09-08 07:53:06.848251
98	306	44	69	upl_status_on_date	5	\N	f	0	0	f		excellent	pending	Стандартная колонка	2025-09-08 07:19:34.088959	2025-09-08 07:53:06.848251
109	184	214	66	cnig_key	1	\N	t	1	1	f		excellent	pending	Identity колонка с seed=1, increment=1	2025-09-08 07:19:34.088959	2025-09-08 07:53:06.848251
110	184	215	67	cnig_inv	2	\N	f	0	0	f		excellent	pending	Стандартная колонка	2025-09-08 07:19:34.088959	2025-09-08 07:53:06.848251
111	184	216	66	cnig_cmm_gr	3	\N	f	0	0	f		excellent	pending	Стандартная колонка	2025-09-08 07:19:34.088959	2025-09-08 07:53:06.848251
112	184	217	66	cnig_gr_name	4	\N	f	0	0	f		excellent	pending	Стандартная колонка	2025-09-08 07:19:34.088959	2025-09-08 07:53:06.848251
113	184	218	66	cnig_inv_accnt	5	\N	f	0	0	f		excellent	pending	Стандартная колонка	2025-09-08 07:19:34.088959	2025-09-08 07:53:06.848251
114	185	219	66	cnign_key	1	\N	t	1	1	f		excellent	pending	Identity колонка с seed=1, increment=1	2025-09-08 07:19:34.088959	2025-09-08 07:53:06.848251
115	185	220	51	cnign_name	2	\N	f	0	0	f		excellent	pending	Стандартная колонка	2025-09-08 07:19:34.088959	2025-09-08 07:53:06.848251
136	309	76	67	cnip_cst_ag_pn	21	\N	f	0	0	f		excellent	pending	Стандартная колонка	2025-09-08 07:19:34.088959	2025-09-08 07:53:06.848251
141	309	81	67	cn_inv_key_new	26	\N	f	0	0	f		excellent	pending	Стандартная колонка	2025-09-08 07:19:34.088959	2025-09-08 07:53:06.848251
142	309	82	67	cip_cn_inv_accnt	27	\N	f	0	0	f		excellent	pending	Стандартная колонка	2025-09-08 07:19:34.088959	2025-09-08 07:53:06.848251
143	309	83	5	cip_time_of_entry	28	\N	f	0	0	f		excellent	pending	Стандартная колонка	2025-09-08 07:19:34.088959	2025-09-08 07:53:06.848251
144	309	84	67	cid_cn_inv_accnt_ctpt	29	\N	f	0	0	f		excellent	pending	Стандартная колонка	2025-09-08 07:19:34.088959	2025-09-08 07:53:06.848251
145	309	85	67	cso_cn_s_org_smpl	30	\N	f	0	0	f		excellent	pending	Стандартная колонка	2025-09-08 07:19:34.088959	2025-09-08 07:53:06.848251
146	309	86	66	cia_cn_inv_accnt_smpl	31	\N	f	0	0	f		excellent	pending	Стандартная колонка	2025-09-08 07:19:34.088959	2025-09-08 07:53:06.848251
150	186	221	66	cio_key	1	\N	t	1	1	f		excellent	pending	Identity колонка с seed=1, increment=1	2025-09-08 07:19:34.088959	2025-09-08 07:53:06.848251
151	186	222	67	cio_old_key	2	\N	f	0	0	f		excellent	pending	Стандартная колонка	2025-09-08 07:19:34.088959	2025-09-08 07:53:06.848251
152	186	223	67	cio_new_key	3	\N	f	0	0	f		excellent	pending	Стандартная колонка	2025-09-08 07:19:34.088959	2025-09-08 07:53:06.848251
153	187	224	66	cnn_key	1	\N	t	1	1	f		excellent	pending	Identity колонка с seed=1, increment=1	2025-09-08 07:19:34.088959	2025-09-08 07:53:06.848251
154	187	225	52	cnn_num	2	\N	f	0	0	f		excellent	pending	Стандартная колонка	2025-09-08 07:19:34.088959	2025-09-08 07:53:06.848251
155	187	226	66	cnn_cn	3	\N	f	0	0	f		excellent	pending	Стандартная колонка	2025-09-08 07:19:34.088959	2025-09-08 07:53:06.848251
156	187	227	66	cnn_type	4	\N	f	0	0	f		excellent	pending	Стандартная колонка	2025-09-08 07:19:34.088959	2025-09-08 07:53:06.848251
157	187	228	41	cnn_note	5	\N	f	0	0	f		excellent	pending	Стандартная колонка	2025-09-08 07:19:34.088959	2025-09-08 07:53:06.848251
158	187	229	4	cnn_time_of_entry	6	\N	f	0	0	f		excellent	pending	Стандартная колонка	2025-09-08 07:19:34.088959	2025-09-08 07:53:06.848251
159	187	230	52	cnn_num_null	7	\N	f	0	0	t	(case when [cnnNum] IS NULL then 'NullИлиПусто' else case when [cnnNum]='' then 'NullИлиПусто' else rtrim(ltrim([cnnNum])) end end)	excellent	pending	Вычисляемая колонка: (case when [cnnNum] IS NULL then 'NullИлиПусто' else case when [cnnNum]='' then 'NullИлиПусто' else rtrim(ltrim([cnnNum])) end end)	2025-09-08 07:19:34.088959	2025-09-08 07:53:06.848251
160	188	231	66	cnnt_key	1	\N	t	1	1	f		excellent	pending	Identity колонка с seed=1, increment=1	2025-09-08 07:19:34.088959	2025-09-08 07:53:06.848251
161	188	232	47	cnnt_name	2	\N	f	0	0	f		excellent	pending	Стандартная колонка	2025-09-08 07:19:34.088959	2025-09-08 07:53:06.848251
162	167	90	66	cnpd_key	1	\N	t	1	1	f		excellent	pending	Identity колонка с seed=1, increment=1	2025-09-08 07:19:34.088959	2025-09-08 07:53:06.848251
163	167	91	66	cnpd_tp_ord	2	\N	f	0	0	f		excellent	pending	Стандартная колонка	2025-09-08 07:19:34.088959	2025-09-08 07:53:06.848251
164	167	92	52	cnpd_num	3	\N	f	0	0	f		excellent	pending	Стандартная колонка	2025-09-08 07:19:34.088959	2025-09-08 07:53:06.848251
165	167	93	52	cnpd_num_null	4	\N	f	0	0	t	(case when [cnpdNum] IS NULL then 'NullИлиПусто' else [cnpdNum] end)	excellent	pending	Вычисляемая колонка: (case when [cnpdNum] IS NULL then 'NullИлиПусто' else [cnpdNum] end)	2025-09-08 07:19:34.088959	2025-09-08 07:53:06.848251
166	167	94	70	cnpd_date	5	\N	f	0	0	f		excellent	pending	Стандартная колонка	2025-09-08 07:19:34.088959	2025-09-08 07:53:06.848251
167	167	95	70	cnpd_date_null	6	\N	f	0	0	t	(case when [cnpdDate] IS NULL then CONVERT([date],'01.01.1900',(0)) else [cnpdDate] end)	excellent	pending	Вычисляемая колонка: (case when [cnpdDate] IS NULL then CONVERT([date],'01.01.1900',(0)) else [cnpdDate] end)	2025-09-08 07:19:34.088959	2025-09-08 07:53:06.848251
168	167	102	66	cnpd_cn_inv_accnt_smpl	7	\N	f	0	0	f		excellent	pending	Стандартная колонка	2025-09-08 07:19:34.088959	2025-09-08 07:53:06.848251
169	167	103	60	cnpd_note	8	\N	f	0	0	f		excellent	pending	Стандартная колонка	2025-09-08 07:19:34.088959	2025-09-08 07:53:06.848251
170	167	67	5	cnpd_timeof_entry	9	(getdate())	f	0	0	f		excellent	pending	Стандартная колонка	2025-09-08 07:19:34.088959	2025-09-08 07:53:06.848251
171	168	104	66	pdp_key	1	\N	t	1	1	f		excellent	pending	Identity колонка с seed=1, increment=1	2025-09-08 07:19:34.088959	2025-09-08 07:53:06.848251
172	168	105	66	pdp_pr_doc	2	\N	f	0	0	f		excellent	pending	Стандартная колонка	2025-09-08 07:19:34.088959	2025-09-08 07:53:06.848251
173	168	106	66	pdp_cst_ag_pn	3	\N	f	0	0	f		excellent	pending	Стандартная колонка	2025-09-08 07:19:34.088959	2025-09-08 07:53:06.848251
175	168	108	52	satstus_of_oukvtext	5	\N	f	0	0	f		excellent	pending	Стандартная колонка	2025-09-08 07:19:34.088959	2025-09-08 07:53:06.848251
179	168	112	3	cost_vat	9	\N	f	0	0	f		excellent	pending	Стандартная колонка	2025-09-08 07:19:34.088959	2025-09-08 07:53:06.848251
181	168	114	48	doc_of_account_num	11	\N	f	0	0	f		excellent	pending	Стандартная колонка	2025-09-08 07:19:34.088959	2025-09-08 07:53:06.848251
182	168	115	48	doc_of_account_num_null	12	\N	f	0	0	t	(case when [docOfAccountNum] IS NULL OR [docOfAccountNum]='' then 'NullИлиПусто' else [docOfAccountNum] end)	excellent	pending	Вычисляемая колонка: (case when [docOfAccountNum] IS NULL OR [docOfAccountNum]='' then 'NullИлиПусто' else [docOfAccountNum] end)	2025-09-08 07:19:34.088959	2025-09-08 07:53:06.848251
184	168	117	69	positing_date	14	\N	f	0	0	f		excellent	pending	Стандартная колонка	2025-09-08 07:19:34.088959	2025-09-08 07:53:06.848251
185	168	118	52	accounting_doc	15	\N	f	0	0	f		excellent	pending	Стандартная колонка	2025-09-08 07:19:34.088959	2025-09-08 07:53:06.848251
186	168	119	52	accounting_doc_null	16	\N	f	0	0	t	(case when [accountingDoc] IS NULL OR [accountingDoc]='' then 'NullИлиПусто' else [accountingDoc] end)	excellent	pending	Вычисляемая колонка: (case when [accountingDoc] IS NULL OR [accountingDoc]='' then 'NullИлиПусто' else [accountingDoc] end)	2025-09-08 07:19:34.088959	2025-09-08 07:53:06.848251
189	168	122	52	prjct_definition	19	\N	f	0	0	f		excellent	pending	Стандартная колонка	2025-09-08 07:19:34.088959	2025-09-08 07:53:06.848251
190	168	123	52	prjct_definition_sort	20	\N	f	0	0	f		excellent	pending	Стандартная колонка	2025-09-08 07:19:34.088959	2025-09-08 07:53:06.848251
191	168	124	67	prjct_hierarchy_level	21	\N	f	0	0	f		excellent	pending	Стандартная колонка	2025-09-08 07:19:34.088959	2025-09-08 07:53:06.848251
194	168	127	52	object_null	24	\N	f	0	0	t	(case when [object] IS NULL OR [object]='' then 'NullИлиПусто' else [object] end)	excellent	pending	Вычисляемая колонка: (case when [object] IS NULL OR [object]='' then 'NullИлиПусто' else [object] end)	2025-09-08 07:19:34.088959	2025-09-08 07:53:06.848251
195	168	128	52	cst_dsw	25	\N	f	0	0	f		excellent	pending	Стандартная колонка	2025-09-08 07:19:34.088959	2025-09-08 07:53:06.848251
196	168	129	52	ra_num	26	\N	f	0	0	f		excellent	pending	Стандартная колонка	2025-09-08 07:19:34.088959	2025-09-08 07:53:06.848251
197	168	130	70	ra_date	27	\N	f	0	0	f		excellent	pending	Стандартная колонка	2025-09-08 07:19:34.088959	2025-09-08 07:53:06.848251
200	168	133	52	accounting_doc_name	30	\N	f	0	0	f		excellent	pending	Стандартная колонка	2025-09-08 07:19:34.088959	2025-09-08 07:53:06.848251
201	168	134	52	purchasing_group	31	\N	f	0	0	f		excellent	pending	Стандартная колонка	2025-09-08 07:19:34.088959	2025-09-08 07:53:06.848251
202	168	135	52	purchasing_group_name	32	\N	f	0	0	f		excellent	pending	Стандартная колонка	2025-09-08 07:19:34.088959	2025-09-08 07:53:06.848251
203	168	136	52	pdp_note	33	\N	f	0	0	f		excellent	pending	Стандартная колонка	2025-09-08 07:19:34.088959	2025-09-08 07:53:06.848251
204	168	137	5	pdp_time_of_entry	34	\N	f	0	0	f		excellent	pending	Стандартная колонка	2025-09-08 07:19:34.088959	2025-09-08 07:53:06.848251
205	169	138	66	pdto_key	1	\N	t	1	1	f		excellent	pending	Identity колонка с seed=1, increment=1	2025-09-08 07:19:34.088959	2025-09-08 07:53:06.848251
206	169	139	42	pdto_type	2	\N	f	0	0	f		excellent	pending	Стандартная колонка	2025-09-08 07:19:34.088959	2025-09-08 07:53:06.848251
207	169	140	47	pdto_code	3	\N	f	0	0	f		excellent	pending	Стандартная колонка	2025-09-08 07:19:34.088959	2025-09-08 07:53:06.848251
208	169	141	51	pdto_text	4	\N	f	0	0	f		excellent	pending	Стандартная колонка	2025-09-08 07:19:34.088959	2025-09-08 07:53:06.848251
215	312	101	52	cso_asbu_id	4	\N	f	0	0	f		excellent	pending	Стандартная колонка	2025-09-08 07:19:34.088959	2025-09-08 07:53:06.848251
216	312	143	70	cso_cn_date	5	\N	f	0	0	f		excellent	pending	Стандартная колонка	2025-09-08 07:19:34.088959	2025-09-08 07:53:06.848251
217	312	144	66	cso_cn_s_org_smpl	6	\N	f	0	0	f		excellent	pending	Стандартная колонка	2025-09-08 07:19:34.088959	2025-09-08 07:53:06.848251
218	312	145	70	cso_cn_date_null	7	\N	f	0	0	t	(case when [csoCnDate] IS NULL then CONVERT([date],'01.01.1900',0) else [csoCnDate] end)	excellent	pending	Вычисляемая колонка: (case when [csoCnDate] IS NULL then CONVERT([date],'01.01.1900',0) else [csoCnDate] end)	2025-09-08 07:19:34.088959	2025-09-08 07:53:06.848251
219	312	146	5	cso_time_of_entry	8	\N	f	0	0	f		excellent	pending	Стандартная колонка	2025-09-08 07:19:34.088959	2025-09-08 07:53:06.848251
220	313	147	66	csos_key	1	\N	t	1	1	f		excellent	pending	Identity колонка с seed=1, increment=1	2025-09-08 07:19:34.088959	2025-09-08 07:53:06.848251
221	313	148	66	csos_cn_s	2	\N	f	0	0	f		excellent	pending	Стандартная колонка	2025-09-08 07:19:34.088959	2025-09-08 07:53:06.848251
222	313	149	66	csos_org_id	3	\N	f	0	0	f		excellent	pending	Стандартная колонка	2025-09-08 07:19:34.088959	2025-09-08 07:53:06.848251
223	313	150	5	csos_time_of_entry	4	\N	f	0	0	f		excellent	pending	Стандартная колонка	2025-09-08 07:19:34.088959	2025-09-08 07:53:06.848251
226	315	233	66	cst_key	1	\N	t	1	1	f		excellent	pending	Identity колонка с seed=1, increment=1	2025-09-08 07:19:34.088959	2025-09-08 07:53:06.848251
227	315	234	40	cst_name	2	\N	f	0	0	f		excellent	pending	Стандартная колонка	2025-09-08 07:19:34.088959	2025-09-08 07:53:06.848251
228	315	235	52	cst_bus_sgm	3	\N	f	0	0	f		excellent	pending	Стандартная колонка	2025-09-08 07:19:34.088959	2025-09-08 07:53:06.848251
229	315	236	1	cst_oid_old	4	\N	f	0	0	f		excellent	pending	Стандартная колонка	2025-09-08 07:19:34.088959	2025-09-08 07:53:06.848251
230	315	237	67	cst_mark	5	\N	f	0	0	f		excellent	pending	Стандартная колонка	2025-09-08 07:19:34.088959	2025-09-08 07:53:06.848251
231	189	238	66	csta_key	1	\N	t	1	1	f		excellent	pending	Identity колонка с seed=1, increment=1	2025-09-08 07:19:34.088959	2025-09-08 07:53:06.848251
232	189	239	66	csta_ag	2	\N	f	0	0	f		excellent	pending	Стандартная колонка	2025-09-08 07:19:34.088959	2025-09-08 07:53:06.848251
233	189	240	66	csta_cst	3	\N	f	0	0	f		excellent	pending	Стандартная колонка	2025-09-08 07:19:34.088959	2025-09-08 07:53:06.848251
234	189	241	1	csta_oid_old	4	\N	f	0	0	f		excellent	pending	Стандартная колонка	2025-09-08 07:19:34.088959	2025-09-08 07:53:06.848251
235	189	242	67	csta_investor	5	((7))	f	0	0	f		excellent	pending	Стандартная колонка	2025-09-08 07:19:34.088959	2025-09-08 07:53:06.848251
236	190	243	66	cstap_key	1	\N	t	1	1	f		excellent	pending	Identity колонка с seed=1, increment=1	2025-09-08 07:19:34.088959	2025-09-08 07:53:06.848251
237	190	244	66	cstap_csta	2	\N	f	0	0	f		excellent	pending	Стандартная колонка	2025-09-08 07:19:34.088959	2025-09-08 07:53:06.848251
238	190	245	51	cstap_ipg_pn_n	3	\N	f	0	0	f		excellent	pending	Стандартная колонка	2025-09-08 07:19:34.088959	2025-09-08 07:53:06.848251
239	190	246	1	cstap_oid_old	4	\N	f	0	0	f		excellent	pending	Стандартная колонка	2025-09-08 07:19:34.088959	2025-09-08 07:53:06.848251
240	190	247	41	cstap_cst_name	5	\N	f	0	0	t	([ags].[fnCstAgPnCstName]([cstapKey]))	excellent	pending	Вычисляемая колонка: ([ags].[fnCstAgPnCstName]([cstapKey]))	2025-09-08 07:19:34.088959	2025-09-08 07:53:06.848251
241	190	252	52	cstap_cst_name255	6	\N	f	0	0	t	([ags].[fnCstAgPnCstName255]([cstapKey]))	excellent	pending	Вычисляемая колонка: ([ags].[fnCstAgPnCstName255]([cstapKey]))	2025-09-08 07:19:34.088959	2025-09-08 07:53:06.848251
242	190	253	52	cstap_og_name	7	\N	f	0	0	t	([ags].[fnCstAgPnOgName]([cstapKey]))	excellent	pending	Вычисляемая колонка: ([ags].[fnCstAgPnOgName]([cstapKey]))	2025-09-08 07:19:34.088959	2025-09-08 07:53:06.848251
243	191	254	66	cstapb_key	1	\N	t	1	1	f		excellent	pending	Identity колонка с seed=1, increment=1	2025-09-08 07:19:34.088959	2025-09-08 07:53:06.848251
244	191	255	66	cstapb_cst_ag_pn	2	\N	f	0	0	f		excellent	pending	Стандартная колонка	2025-09-08 07:19:34.088959	2025-09-08 07:53:06.848251
245	191	256	66	cstapb_branch	3	\N	f	0	0	f		excellent	pending	Стандартная колонка	2025-09-08 07:19:34.088959	2025-09-08 07:53:06.848251
246	191	257	70	cstapb_start	4	\N	f	0	0	f		excellent	pending	Стандартная колонка	2025-09-08 07:19:34.088959	2025-09-08 07:53:06.848251
247	191	258	70	cstapb_end	5	\N	f	0	0	f		excellent	pending	Стандартная колонка	2025-09-08 07:19:34.088959	2025-09-08 07:53:06.848251
248	192	259	66	am_key	1	\N	t	1	1	f		excellent	pending	Identity колонка с seed=1, increment=1	2025-09-08 07:19:34.088959	2025-09-08 07:53:06.848251
249	192	260	66	am_cst_ag_pn	2	\N	f	0	0	f		excellent	pending	Стандартная колонка	2025-09-08 07:19:34.088959	2025-09-08 07:53:06.848251
250	192	261	69	am_positing	3	\N	f	0	0	f		excellent	pending	Стандартная колонка	2025-09-08 07:19:34.088959	2025-09-08 07:53:06.848251
251	192	262	2	am_sum	4	\N	f	0	0	f		excellent	pending	Стандартная колонка	2025-09-08 07:19:34.088959	2025-09-08 07:53:06.848251
252	192	263	48	am_type	5	\N	f	0	0	f		excellent	pending	Стандартная колонка	2025-09-08 07:19:34.088959	2025-09-08 07:53:06.848251
253	192	264	67	am_branch	6	\N	f	0	0	f		excellent	pending	Стандартная колонка	2025-09-08 07:19:34.088959	2025-09-08 07:53:06.848251
254	193	265	52	project_definition	1	\N	f	0	0	f		excellent	pending	Стандартная колонка	2025-09-08 07:19:34.088959	2025-09-08 07:53:06.848251
256	193	267	52	designation	3	\N	f	0	0	f		excellent	pending	Стандартная колонка	2025-09-08 07:19:34.088959	2025-09-08 07:53:06.848251
259	193	270	67	csta	6	\N	f	0	0	f		excellent	pending	Стандартная колонка	2025-09-08 07:19:34.088959	2025-09-08 07:53:06.848251
260	194	271	66	igr_key	1	\N	t	1	1	f		excellent	pending	Identity колонка с seed=1, increment=1	2025-09-08 07:19:34.088959	2025-09-08 07:53:06.848251
261	194	272	51	igr_nm	2	\N	f	0	0	f		excellent	pending	Стандартная колонка	2025-09-08 07:19:34.088959	2025-09-08 07:53:06.848251
262	194	22	69	igr_date	3	\N	f	0	0	f		excellent	pending	Стандартная колонка	2025-09-08 07:19:34.088959	2025-09-08 07:53:06.848251
263	195	273	67	i_key	1	\N	f	0	0	f		excellent	pending	Стандартная колонка	2025-09-08 07:19:34.088959	2025-09-08 07:53:06.848251
271	195	281	52	cst_ag_pn	9	\N	f	0	0	f		excellent	pending	Стандартная колонка	2025-09-08 07:19:34.088959	2025-09-08 07:53:06.848251
272	196	282	67	i_key	1	\N	f	0	0	f		excellent	pending	Стандартная колонка	2025-09-08 07:19:34.088959	2025-09-08 07:53:06.848251
280	196	290	52	cst_ag_pn	9	\N	f	0	0	f		excellent	pending	Стандартная колонка	2025-09-08 07:19:34.088959	2025-09-08 07:53:06.848251
281	197	291	67	i_key	1	\N	f	0	0	f		excellent	pending	Стандартная колонка	2025-09-08 07:19:34.088959	2025-09-08 07:53:06.848251
289	197	299	52	cst_ag_pn	9	\N	f	0	0	f		excellent	pending	Стандартная колонка	2025-09-08 07:19:34.088959	2025-09-08 07:53:06.848251
290	198	300	67	i_key	1	\N	f	0	0	f		excellent	pending	Стандартная колонка	2025-09-08 07:19:34.088959	2025-09-08 07:53:06.848251
298	198	305	52	cst_ag_pn	9	\N	f	0	0	f		excellent	pending	Стандартная колонка	2025-09-08 07:19:34.088959	2025-09-08 07:53:06.848251
299	199	306	66	cia_22_iv	1	\N	f	0	0	f		excellent	pending	Стандартная колонка	2025-09-08 07:19:34.088959	2025-09-08 07:53:06.848251
300	199	307	67	cia_23_iii	2	\N	f	0	0	f		excellent	pending	Стандартная колонка	2025-09-08 07:19:34.088959	2025-09-08 07:53:06.848251
304	200	311	67	cia_key	1	\N	f	0	0	f		excellent	pending	Стандартная колонка	2025-09-08 07:19:34.088959	2025-09-08 07:53:06.848251
307	200	314	52	cst_ag_pn	4	\N	f	0	0	f		excellent	pending	Стандартная колонка	2025-09-08 07:19:34.088959	2025-09-08 07:53:06.848251
313	202	320	52	inv_num_enum_n	1	\N	f	0	0	f		excellent	pending	Стандартная колонка	2025-09-08 07:19:34.088959	2025-09-08 07:53:06.848251
314	202	321	52	cia_name_nulln	2	\N	f	0	0	f		excellent	pending	Стандартная колонка	2025-09-08 07:19:34.088959	2025-09-08 07:53:06.848251
329	204	336	52	cst_code_new	5	\N	f	0	0	f		excellent	pending	Стандартная колонка	2025-09-08 07:19:34.088959	2025-09-08 07:53:06.848251
334	205	341	52	cst_ag_pn_new	5	\N	f	0	0	f		excellent	pending	Стандартная колонка	2025-09-08 07:19:34.088959	2025-09-08 07:53:06.848251
339	206	346	52	cst_ag_pn_new	5	\N	f	0	0	f		excellent	pending	Стандартная колонка	2025-09-08 07:19:34.088959	2025-09-08 07:53:06.848251
340	207	347	52	cst_ag_pn	1	\N	f	0	0	f		excellent	pending	Стандартная колонка	2025-09-08 07:19:34.088959	2025-09-08 07:53:06.848251
341	207	348	52	ag_branch	2	\N	f	0	0	f		excellent	pending	Стандартная колонка	2025-09-08 07:19:34.088959	2025-09-08 07:53:06.848251
343	207	350	52	sm_type	4	\N	f	0	0	f		excellent	pending	Стандартная колонка	2025-09-08 07:19:34.088959	2025-09-08 07:53:06.848251
344	207	351	5	date_positing	5	\N	f	0	0	f		excellent	pending	Стандартная колонка	2025-09-08 07:19:34.088959	2025-09-08 07:53:06.848251
345	207	352	67	org_branch	6	\N	f	0	0	f		excellent	pending	Стандартная колонка	2025-09-08 07:19:34.088959	2025-09-08 07:53:06.848251
346	208	353	52	cst_ag_pn	1	\N	f	0	0	f		excellent	pending	Стандартная колонка	2025-09-08 07:19:34.088959	2025-09-08 07:53:06.848251
347	208	354	52	cst_name	2	\N	f	0	0	f		excellent	pending	Стандартная колонка	2025-09-08 07:19:34.088959	2025-09-08 07:53:06.848251
348	316	355	66	i_key	1	\N	t	1	1	f		excellent	pending	Identity колонка с seed=1, increment=1	2025-09-08 07:19:34.088959	2025-09-08 07:53:06.848251
349	316	356	70	i_date	2	\N	f	0	0	f		excellent	pending	Стандартная колонка	2025-09-08 07:19:34.088959	2025-09-08 07:53:06.848251
350	316	357	41	i_note	3	\N	f	0	0	f		excellent	pending	Стандартная колонка	2025-09-08 07:19:34.088959	2025-09-08 07:53:06.848251
351	316	358	4	i_time_of_entry	4	(getdate())	f	0	0	f		excellent	pending	Стандартная колонка	2025-09-08 07:19:34.088959	2025-09-08 07:53:06.848251
352	316	359	70	i_date_null	5	\N	f	0	0	t	(case when [iDate] IS NULL then CONVERT([date],'01.01.1900',(0)) else [iDate] end)	excellent	pending	Вычисляемая колонка: (case when [iDate] IS NULL then CONVERT([date],'01.01.1900',(0)) else [iDate] end)	2025-09-08 07:19:34.088959	2025-09-08 07:53:06.848251
825	268	830	25	rtinjp_tax_office	2	\N	f	0	0	f		excellent	pending	Стандартная колонка	2025-09-08 07:19:34.088959	2025-09-08 07:53:06.848251
354	316	361	52	i_num	7	\N	f	0	0	t	([ags].[fnInvNum]([iKey]))	excellent	pending	Вычисляемая колонка: ([ags].[fnInvNum]([iKey]))	2025-09-08 07:19:34.088959	2025-09-08 07:53:06.848251
355	209	362	52	cst_ag_pn	1	\N	f	0	0	f		excellent	pending	Стандартная колонка	2025-09-08 07:19:34.088959	2025-09-08 07:53:06.848251
356	209	363	52	inv_branch	2	\N	f	0	0	f		excellent	pending	Стандартная колонка	2025-09-08 07:19:34.088959	2025-09-08 07:53:06.848251
357	209	364	20	og_key	3	\N	f	0	0	f		excellent	pending	Стандартная колонка	2025-09-08 07:19:34.088959	2025-09-08 07:53:06.848251
358	210	365	52	cst_ag_pn	1	\N	f	0	0	f		excellent	pending	Стандартная колонка	2025-09-08 07:19:34.088959	2025-09-08 07:53:06.848251
359	210	366	52	cst_name	2	\N	f	0	0	f		excellent	pending	Стандартная колонка	2025-09-08 07:19:34.088959	2025-09-08 07:53:06.848251
360	210	367	20	cst_lim	3	\N	f	0	0	f		excellent	pending	Стандартная колонка	2025-09-08 07:19:34.088959	2025-09-08 07:53:06.848251
362	210	369	67	og_key	5	\N	f	0	0	f		excellent	pending	Стандартная колонка	2025-09-08 07:19:34.088959	2025-09-08 07:53:06.848251
372	213	379	20	cstap_key	4	\N	f	0	0	f		excellent	pending	Стандартная колонка	2025-09-08 07:19:34.088959	2025-09-08 07:53:06.848251
373	213	380	20	og_key	5	\N	f	0	0	f		excellent	pending	Стандартная колонка	2025-09-08 07:19:34.088959	2025-09-08 07:53:06.848251
375	213	382	20	cstapb_branch	7	\N	f	0	0	f		excellent	pending	Стандартная колонка	2025-09-08 07:19:34.088959	2025-09-08 07:53:06.848251
377	214	384	66	id_inv	1	\N	f	0	0	f		excellent	pending	Стандартная колонка	2025-09-08 07:19:34.088959	2025-09-08 07:53:06.848251
378	214	385	63	id_num	2	((1))	f	0	0	f		excellent	pending	Стандартная колонка	2025-09-08 07:19:34.088959	2025-09-08 07:53:06.848251
379	214	386	52	id_note	3	\N	f	0	0	f		excellent	pending	Стандартная колонка	2025-09-08 07:19:34.088959	2025-09-08 07:53:06.848251
380	214	387	4	id_time_of_entry	4	(getdate())	f	0	0	f		excellent	pending	Стандартная колонка	2025-09-08 07:19:34.088959	2025-09-08 07:53:06.848251
381	215	388	66	idcia_inv_dbt_inv	1	\N	f	0	0	f		excellent	pending	Стандартная колонка	2025-09-08 07:19:34.088959	2025-09-08 07:53:06.848251
382	215	389	63	idcia_inv_dbt_num	2	\N	f	0	0	f		excellent	pending	Стандартная колонка	2025-09-08 07:19:34.088959	2025-09-08 07:53:06.848251
383	215	390	66	idcia_cia	3	\N	f	0	0	f		excellent	pending	Стандартная колонка	2025-09-08 07:19:34.088959	2025-09-08 07:53:06.848251
384	216	391	66	idv_dbt_inv	1	\N	f	0	0	f		excellent	pending	Стандартная колонка	2025-09-08 07:19:34.088959	2025-09-08 07:53:06.848251
385	216	392	66	idv_dbt_inv_num	2	\N	f	0	0	f		excellent	pending	Стандартная колонка	2025-09-08 07:19:34.088959	2025-09-08 07:53:06.848251
386	216	393	63	idv_dbt_num	3	\N	f	0	0	f		excellent	pending	Стандартная колонка	2025-09-08 07:19:34.088959	2025-09-08 07:53:06.848251
387	216	394	66	idv_upl	4	\N	f	0	0	f		excellent	pending	Стандартная колонка	2025-09-08 07:19:34.088959	2025-09-08 07:53:06.848251
388	216	396	67	idv_accnt	5	\N	f	0	0	f		excellent	pending	Стандартная колонка	2025-09-08 07:19:34.088959	2025-09-08 07:53:06.848251
389	216	397	67	idv_cn_party_org	6	\N	f	0	0	f		excellent	pending	Стандартная колонка	2025-09-08 07:19:34.088959	2025-09-08 07:53:06.848251
390	216	398	67	idv_org_name	7	\N	f	0	0	f		excellent	pending	Стандартная колонка	2025-09-08 07:19:34.088959	2025-09-08 07:53:06.848251
391	216	399	67	idv_org_num	8	\N	f	0	0	f		excellent	pending	Стандартная колонка	2025-09-08 07:19:34.088959	2025-09-08 07:53:06.848251
392	216	400	62	idv_org_tin	9	\N	f	0	0	f		excellent	pending	Стандартная колонка	2025-09-08 07:19:34.088959	2025-09-08 07:53:06.848251
393	217	401	66	in_key	1	\N	t	1	1	f		excellent	pending	Identity колонка с seed=1, increment=1	2025-09-08 07:19:34.088959	2025-09-08 07:53:06.848251
394	217	402	52	in_num	2	\N	f	0	0	f		excellent	pending	Стандартная колонка	2025-09-08 07:19:34.088959	2025-09-08 07:53:06.848251
395	217	403	52	in_note	3	\N	f	0	0	f		excellent	pending	Стандартная колонка	2025-09-08 07:19:34.088959	2025-09-08 07:53:06.848251
396	217	251	66	in_inv	4	\N	f	0	0	f		excellent	pending	Стандартная колонка	2025-09-08 07:19:34.088959	2025-09-08 07:53:06.848251
397	217	404	4	in_time_of_entry	5	(getdate())	f	0	0	f		excellent	pending	Стандартная колонка	2025-09-08 07:19:34.088959	2025-09-08 07:53:06.848251
398	217	405	52	in_num_null	6	\N	f	0	0	t	(case when [inNum] IS NULL then 'NullИлиПусто' else case when [inNum]='' then 'NullИлиПусто' else rtrim(ltrim([inNum])) end end)	excellent	pending	Вычисляемая колонка: (case when [inNum] IS NULL then 'NullИлиПусто' else case when [inNum]='' then 'NullИлиПусто' else rtrim(ltrim([inNum])) end end)	2025-09-08 07:19:34.088959	2025-09-08 07:53:06.848251
399	317	406	66	ipg_key	1	\N	t	1	1	f		excellent	pending	Identity колонка с seed=1, increment=1	2025-09-08 07:19:34.088959	2025-09-08 07:53:06.848251
400	317	407	66	ipg_og	2	\N	f	0	0	f		excellent	pending	Стандартная колонка	2025-09-08 07:19:34.088959	2025-09-08 07:53:06.848251
401	317	408	50	ipg_nm	3	\N	f	0	0	f		excellent	pending	Стандартная колонка	2025-09-08 07:19:34.088959	2025-09-08 07:53:06.848251
402	317	409	66	ipg_yy	4	\N	f	0	0	f		excellent	pending	Стандартная колонка	2025-09-08 07:19:34.088959	2025-09-08 07:53:06.848251
403	317	410	64	ipg_num	5	\N	f	0	0	f		excellent	pending	Стандартная колонка	2025-09-08 07:19:34.088959	2025-09-08 07:53:06.848251
404	317	23	69	ipg_str	6	\N	f	0	0	f		excellent	pending	Стандартная колонка	2025-09-08 07:19:34.088959	2025-09-08 07:53:06.848251
405	317	411	70	ipg_end	7	\N	f	0	0	f		excellent	pending	Стандартная колонка	2025-09-08 07:19:34.088959	2025-09-08 07:53:06.848251
406	317	412	67	ipg_repl	8	\N	f	0	0	f		excellent	pending	Стандартная колонка	2025-09-08 07:19:34.088959	2025-09-08 07:53:06.848251
407	317	413	66	ipg_st_rl_sh	9	\N	f	0	0	f		excellent	pending	Стандартная колонка	2025-09-08 07:19:34.088959	2025-09-08 07:53:06.848251
408	317	414	67	ipg_yy_year	10	\N	f	0	0	t	([ags].[fnYyyyYear]([ipgYy]))	excellent	pending	Вычисляемая колонка: ([ags].[fnYyyyYear]([ipgYy]))	2025-09-08 07:19:34.088959	2025-09-08 07:53:06.848251
409	218	415	66	ipgc_key	1	\N	t	1	1	f		excellent	pending	Identity колонка с seed=1, increment=1	2025-09-08 07:19:34.088959	2025-09-08 07:53:06.848251
410	218	416	51	ipgc_name	2	\N	f	0	0	f		excellent	pending	Стандартная колонка	2025-09-08 07:19:34.088959	2025-09-08 07:53:06.848251
411	218	417	67	ipgc_st_net_ipg	3	\N	f	0	0	t	([ags].[fnIpgChainStNet]([ipgcKey]))	excellent	pending	Вычисляемая колонка: ([ags].[fnIpgChainStNet]([ipgcKey]))	2025-09-08 07:19:34.088959	2025-09-08 07:53:06.848251
412	218	418	67	ipgc_ipg_late	4	\N	f	0	0	t	([ags].[fnIpgChainIpgLate]([ipgcKey]))	excellent	pending	Вычисляемая колонка: ([ags].[fnIpgChainIpgLate]([ipgcKey]))	2025-09-08 07:19:34.088959	2025-09-08 07:53:06.848251
413	218	419	67	ipgc_yyyy	5	\N	f	0	0	t	([ags].[fnIpgChainYyyy]([ipgcKey]))	excellent	pending	Вычисляемая колонка: ([ags].[fnIpgChainYyyy]([ipgcKey]))	2025-09-08 07:19:34.088959	2025-09-08 07:53:06.848251
414	219	420	66	ipgcr_key	1	\N	t	1	1	f		excellent	pending	Identity колонка с seed=1, increment=1	2025-09-08 07:19:34.088959	2025-09-08 07:53:06.848251
415	219	421	66	ipgcr_chain	2	\N	f	0	0	f		excellent	pending	Стандартная колонка	2025-09-08 07:19:34.088959	2025-09-08 07:53:06.848251
416	219	422	66	ipgcr_ipg	3	\N	f	0	0	f		excellent	pending	Стандартная колонка	2025-09-08 07:19:34.088959	2025-09-08 07:53:06.848251
417	219	423	67	ipgcr_ut_pl_gr	4	\N	f	0	0	f		excellent	pending	Стандартная колонка	2025-09-08 07:19:34.088959	2025-09-08 07:53:06.848251
418	220	424	66	ici_key	1	\N	t	1	1	f		excellent	pending	Identity колонка с seed=1, increment=1	2025-09-08 07:19:34.088959	2025-09-08 07:53:06.848251
419	220	425	51	ici_name	2	\N	f	0	0	f		excellent	pending	Стандартная колонка	2025-09-08 07:19:34.088959	2025-09-08 07:53:06.848251
420	221	426	66	icin_key	1	\N	t	1	1	f		excellent	pending	Identity колонка с seed=1, increment=1	2025-09-08 07:19:34.088959	2025-09-08 07:53:06.848251
421	221	427	51	icin_nm	2	\N	f	0	0	f		excellent	pending	Стандартная колонка	2025-09-08 07:19:34.088959	2025-09-08 07:53:06.848251
422	221	428	66	icin_cost_its	3	\N	f	0	0	f		excellent	pending	Стандартная колонка	2025-09-08 07:19:34.088959	2025-09-08 07:53:06.848251
423	222	429	66	ipgp_key	1	\N	t	1	1	f		excellent	pending	Identity колонка с seed=1, increment=1	2025-09-08 07:19:34.088959	2025-09-08 07:53:06.848251
424	222	430	66	ipgp_ipg	2	\N	f	0	0	f		excellent	pending	Стандартная колонка	2025-09-08 07:19:34.088959	2025-09-08 07:53:06.848251
425	222	431	67	ipgp_num	3	\N	f	0	0	f		excellent	pending	Стандартная колонка	2025-09-08 07:19:34.088959	2025-09-08 07:53:06.848251
426	222	432	66	ipgp_cst_ag_pn	4	\N	f	0	0	f		excellent	pending	Стандартная колонка	2025-09-08 07:19:34.088959	2025-09-08 07:53:06.848251
427	222	433	8	ipgp_sm_ttl	5	\N	f	0	0	f		excellent	pending	Стандартная колонка	2025-09-08 07:19:34.088959	2025-09-08 07:53:06.848251
428	222	434	8	ipgp_sm_wrk	6	\N	f	0	0	f		excellent	pending	Стандартная колонка	2025-09-08 07:19:34.088959	2025-09-08 07:53:06.848251
429	222	435	8	ipgp_sm_equ	7	\N	f	0	0	f		excellent	pending	Стандартная колонка	2025-09-08 07:19:34.088959	2025-09-08 07:53:06.848251
430	222	436	8	ipgp_sm_oth	8	\N	f	0	0	f		excellent	pending	Стандартная колонка	2025-09-08 07:19:34.088959	2025-09-08 07:53:06.848251
431	222	437	8	ipgp_sm_ag_fee	9	\N	f	0	0	f		excellent	pending	Стандартная колонка	2025-09-08 07:19:34.088959	2025-09-08 07:53:06.848251
432	222	438	8	ipgp_cost_adjust	10	\N	f	0	0	f		excellent	pending	Стандартная колонка	2025-09-08 07:19:34.088959	2025-09-08 07:53:06.848251
433	222	440	8	ipgp_sm_reserv	11	\N	f	0	0	f		excellent	pending	Стандартная колонка	2025-09-08 07:19:34.088959	2025-09-08 07:53:06.848251
434	222	441	52	ipgp_tsk_cms	12	\N	f	0	0	f		excellent	pending	Стандартная колонка	2025-09-08 07:19:34.088959	2025-09-08 07:53:06.848251
435	222	442	66	ipgp_sh	13	\N	f	0	0	f		excellent	pending	Стандартная колонка	2025-09-08 07:19:34.088959	2025-09-08 07:53:06.848251
436	223	443	66	ipgpl_key	1	\N	t	1	1	f		excellent	pending	Identity колонка с seed=1, increment=1	2025-09-08 07:19:34.088959	2025-09-08 07:53:06.848251
437	223	444	66	ipgpl_pn	2	\N	f	0	0	f		excellent	pending	Стандартная колонка	2025-09-08 07:19:34.088959	2025-09-08 07:53:06.848251
438	223	445	66	ipgpl_st_cost	3	\N	f	0	0	f		excellent	pending	Стандартная колонка	2025-09-08 07:19:34.088959	2025-09-08 07:53:06.848251
439	223	446	7	ipgpl_lim	4	\N	f	0	0	f		excellent	pending	Стандартная колонка	2025-09-08 07:19:34.088959	2025-09-08 07:53:06.848251
440	224	4	66	ipgs_key	1	\N	t	1	1	f		excellent	pending	Identity колонка с seed=1, increment=1	2025-09-08 07:19:34.088959	2025-09-08 07:53:06.848251
441	224	447	45	ipgs_nm	2	\N	f	0	0	f		excellent	pending	Стандартная колонка	2025-09-08 07:19:34.088959	2025-09-08 07:53:06.848251
442	225	448	66	ipg_st_key	1	\N	t	1	1	f		excellent	pending	Identity колонка с seed=1, increment=1	2025-09-08 07:19:34.088959	2025-09-08 07:53:06.848251
443	225	449	51	ipg_st_name	2	\N	f	0	0	f		excellent	pending	Стандартная колонка	2025-09-08 07:19:34.088959	2025-09-08 07:53:06.848251
444	225	450	67	ipgs_lm	3	\N	f	0	0	f		excellent	pending	Стандартная колонка	2025-09-08 07:19:34.088959	2025-09-08 07:53:06.848251
445	226	451	66	ipgspl_key	1	\N	t	1	1	f		excellent	pending	Identity колонка с seed=1, increment=1	2025-09-08 07:19:34.088959	2025-09-08 07:53:06.848251
446	226	452	47	ipgspl_name	2	\N	f	0	0	f		excellent	pending	Стандартная колонка	2025-09-08 07:19:34.088959	2025-09-08 07:53:06.848251
447	227	453	66	ipgsp_key	1	\N	t	1	1	f		excellent	pending	Identity колонка с seed=1, increment=1	2025-09-08 07:19:34.088959	2025-09-08 07:53:06.848251
448	227	454	66	ipgsp_st	2	\N	f	0	0	f		excellent	pending	Стандартная колонка	2025-09-08 07:19:34.088959	2025-09-08 07:53:06.848251
449	227	455	66	ipgsp_pn	3	\N	f	0	0	f		excellent	pending	Стандартная колонка	2025-09-08 07:19:34.088959	2025-09-08 07:53:06.848251
450	228	456	66	ipgsr_key	1	\N	t	1	1	f		excellent	pending	Identity колонка с seed=1, increment=1	2025-09-08 07:19:34.088959	2025-09-08 07:53:06.848251
451	228	457	66	ipgsr_parent	2	\N	f	0	0	f		excellent	pending	Стандартная колонка	2025-09-08 07:19:34.088959	2025-09-08 07:53:06.848251
452	228	458	66	ipgsr_chaild	3	\N	f	0	0	f		excellent	pending	Стандартная колонка	2025-09-08 07:19:34.088959	2025-09-08 07:53:06.848251
453	229	459	66	ipgstrsh_key	1	\N	t	1	1	f		excellent	pending	Identity колонка с seed=1, increment=1	2025-09-08 07:19:34.088959	2025-09-08 07:53:06.848251
454	229	460	51	ipgstrsh_name	2	\N	f	0	0	f		excellent	pending	Стандартная колонка	2025-09-08 07:19:34.088959	2025-09-08 07:53:06.848251
455	229	461	66	ipgstrsh_root	3	\N	f	0	0	f		excellent	pending	Стандартная колонка	2025-09-08 07:19:34.088959	2025-09-08 07:53:06.848251
456	230	462	66	ipgstrshp_key	1	\N	t	1	1	f		excellent	pending	Identity колонка с seed=1, increment=1	2025-09-08 07:19:34.088959	2025-09-08 07:53:06.848251
457	230	463	66	ipgstrshp_sh	2	\N	f	0	0	f		excellent	pending	Стандартная колонка	2025-09-08 07:19:34.088959	2025-09-08 07:53:06.848251
458	230	464	66	ipgstrshp_st_rl	3	\N	f	0	0	f		excellent	pending	Стандартная колонка	2025-09-08 07:19:34.088959	2025-09-08 07:53:06.848251
459	230	465	66	ipgstrshp_num	4	\N	f	0	0	f		excellent	pending	Стандартная колонка	2025-09-08 07:19:34.088959	2025-09-08 07:53:06.848251
460	231	466	66	iupl_key	1	\N	t	1	1	f		excellent	pending	Identity колонка с seed=1, increment=1	2025-09-08 07:19:34.088959	2025-09-08 07:53:06.848251
461	231	467	51	iupl_nm	2	\N	f	0	0	f		excellent	pending	Стандартная колонка	2025-09-08 07:19:34.088959	2025-09-08 07:53:06.848251
462	231	468	69	iupl_date	3	\N	f	0	0	f		excellent	pending	Стандартная колонка	2025-09-08 07:19:34.088959	2025-09-08 07:53:06.848251
463	231	469	66	iupl_ag	4	\N	f	0	0	f		excellent	pending	Стандартная колонка	2025-09-08 07:19:34.088959	2025-09-08 07:53:06.848251
464	231	470	66	iupl_ipg	5	\N	f	0	0	f		excellent	pending	Стандартная колонка	2025-09-08 07:19:34.088959	2025-09-08 07:53:06.848251
465	232	471	66	iuplg_key	1	\N	t	1	1	f		excellent	pending	Identity колонка с seed=1, increment=1	2025-09-08 07:19:34.088959	2025-09-08 07:53:06.848251
466	232	472	66	iuplg_ipg	2	\N	f	0	0	f		excellent	pending	Стандартная колонка	2025-09-08 07:19:34.088959	2025-09-08 07:53:06.848251
467	232	473	51	iuplg_nm	3	\N	f	0	0	f		excellent	pending	Стандартная колонка	2025-09-08 07:19:34.088959	2025-09-08 07:53:06.848251
468	233	474	66	iuplgp_key	1	\N	t	1	1	f		excellent	pending	Identity колонка с seed=1, increment=1	2025-09-08 07:19:34.088959	2025-09-08 07:53:06.848251
469	233	475	66	iuplgp_gr	2	\N	f	0	0	f		excellent	pending	Стандартная колонка	2025-09-08 07:19:34.088959	2025-09-08 07:53:06.848251
470	233	476	66	iuplgp_pl	3	\N	f	0	0	f		excellent	pending	Стандартная колонка	2025-09-08 07:19:34.088959	2025-09-08 07:53:06.848251
471	234	477	66	iuplp_key	1	\N	t	1	1	f		excellent	pending	Identity колонка с seed=1, increment=1	2025-09-08 07:19:34.088959	2025-09-08 07:53:06.848251
472	234	478	66	iuplp_pl	2	\N	f	0	0	f		excellent	pending	Стандартная колонка	2025-09-08 07:19:34.088959	2025-09-08 07:53:06.848251
473	234	479	8	iuplp_lim	3	\N	f	0	0	f		excellent	pending	Стандартная колонка	2025-09-08 07:19:34.088959	2025-09-08 07:53:06.848251
474	234	480	8	iuplp_q1	4	\N	f	0	0	f		excellent	pending	Стандартная колонка	2025-09-08 07:19:34.088959	2025-09-08 07:53:06.848251
475	234	481	8	iuplp_m01	5	\N	f	0	0	f		excellent	pending	Стандартная колонка	2025-09-08 07:19:34.088959	2025-09-08 07:53:06.848251
476	234	482	8	iuplp_m02	6	\N	f	0	0	f		excellent	pending	Стандартная колонка	2025-09-08 07:19:34.088959	2025-09-08 07:53:06.848251
477	234	483	8	iuplp_m03	7	\N	f	0	0	f		excellent	pending	Стандартная колонка	2025-09-08 07:19:34.088959	2025-09-08 07:53:06.848251
478	234	484	8	iuplp_q2	8	\N	f	0	0	f		excellent	pending	Стандартная колонка	2025-09-08 07:19:34.088959	2025-09-08 07:53:06.848251
479	234	485	8	iuplp_m04	9	\N	f	0	0	f		excellent	pending	Стандартная колонка	2025-09-08 07:19:34.088959	2025-09-08 07:53:06.848251
480	234	486	8	iuplp_m05	10	\N	f	0	0	f		excellent	pending	Стандартная колонка	2025-09-08 07:19:34.088959	2025-09-08 07:53:06.848251
481	234	487	8	iuplp_m06	11	\N	f	0	0	f		excellent	pending	Стандартная колонка	2025-09-08 07:19:34.088959	2025-09-08 07:53:06.848251
482	234	488	8	iuplp_q3	12	\N	f	0	0	f		excellent	pending	Стандартная колонка	2025-09-08 07:19:34.088959	2025-09-08 07:53:06.848251
483	234	489	8	iuplp_m07	13	\N	f	0	0	f		excellent	pending	Стандартная колонка	2025-09-08 07:19:34.088959	2025-09-08 07:53:06.848251
484	234	490	8	iuplp_m08	14	\N	f	0	0	f		excellent	pending	Стандартная колонка	2025-09-08 07:19:34.088959	2025-09-08 07:53:06.848251
485	234	491	8	iuplp_m09	15	\N	f	0	0	f		excellent	pending	Стандартная колонка	2025-09-08 07:19:34.088959	2025-09-08 07:53:06.848251
486	234	492	8	iuplp_q4	16	\N	f	0	0	f		excellent	pending	Стандартная колонка	2025-09-08 07:19:34.088959	2025-09-08 07:53:06.848251
487	234	395	8	iuplp_m10	17	\N	f	0	0	f		excellent	pending	Стандартная колонка	2025-09-08 07:19:34.088959	2025-09-08 07:53:06.848251
488	234	439	8	iuplp_m11	18	\N	f	0	0	f		excellent	pending	Стандартная колонка	2025-09-08 07:19:34.088959	2025-09-08 07:53:06.848251
489	234	493	8	iuplp_m12	19	\N	f	0	0	f		excellent	pending	Стандартная колонка	2025-09-08 07:19:34.088959	2025-09-08 07:53:06.848251
490	234	494	67	iuplp_sub_ag	20	\N	f	0	0	f		excellent	pending	Стандартная колонка	2025-09-08 07:19:34.088959	2025-09-08 07:53:06.848251
491	234	495	66	iuplp_ipg_pn	21	\N	f	0	0	f		excellent	pending	Стандартная колонка	2025-09-08 07:19:34.088959	2025-09-08 07:53:06.848251
492	234	496	9	iuplp_m02accum	22	\N	f	0	0	t	(isnull([iuplpM01],(0))+isnull([iuplpM02],(0)))	excellent	pending	Вычисляемая колонка: (isnull([iuplpM01],(0))+isnull([iuplpM02],(0)))	2025-09-08 07:19:34.088959	2025-09-08 07:53:06.848251
493	234	497	10	iuplp_m03accum	23	\N	f	0	0	t	((isnull([iuplpM01],(0))+isnull([iuplpM02],(0)))+isnull([iuplpM03],(0)))	excellent	pending	Вычисляемая колонка: ((isnull([iuplpM01],(0))+isnull([iuplpM02],(0)))+isnull([iuplpM03],(0)))	2025-09-08 07:19:34.088959	2025-09-08 07:53:06.848251
494	234	498	11	iuplp_m04accum	24	\N	f	0	0	t	(((isnull([iuplpM01],(0))+isnull([iuplpM02],(0)))+isnull([iuplpM03],(0)))+isnull([iuplpM04],(0)))	excellent	pending	Вычисляемая колонка: (((isnull([iuplpM01],(0))+isnull([iuplpM02],(0)))+isnull([iuplpM03],(0)))+isnull([iuplpM04],(0)))	2025-09-08 07:19:34.088959	2025-09-08 07:53:06.848251
495	234	499	12	iuplp_m05accum	25	\N	f	0	0	t	((((isnull([iuplpM01],(0))+isnull([iuplpM02],(0)))+isnull([iuplpM03],(0)))+isnull([iuplpM04],(0)))+isnull([iuplpM05],(0)))	excellent	pending	Вычисляемая колонка: ((((isnull([iuplpM01],(0))+isnull([iuplpM02],(0)))+isnull([iuplpM03],(0)))+isnull([iuplpM04],(0)))+isnull([iuplpM05],(0)))	2025-09-08 07:19:34.088959	2025-09-08 07:53:06.848251
496	234	501	13	iuplp_m06accum	26	\N	f	0	0	t	(((((isnull([iuplpM01],(0))+isnull([iuplpM02],(0)))+isnull([iuplpM03],(0)))+isnull([iuplpM04],(0)))+isnull([iuplpM05],(0)))+isnull([iuplpM06],(0)))	excellent	pending	Вычисляемая колонка: (((((isnull([iuplpM01],(0))+isnull([iuplpM02],(0)))+isnull([iuplpM03],(0)))+isnull([iuplpM04],(0)))+isnull([iuplpM05],(0)))+isnull([iuplpM06],(0)))	2025-09-08 07:19:34.088959	2025-09-08 07:53:06.848251
497	234	502	14	iuplp_m07accum	27	\N	f	0	0	t	((((((isnull([iuplpM01],(0))+isnull([iuplpM02],(0)))+isnull([iuplpM03],(0)))+isnull([iuplpM04],(0)))+isnull([iuplpM05],(0)))+isnull([iuplpM06],(0)))+isnull([iuplpM07],(0)))	excellent	pending	Вычисляемая колонка: ((((((isnull([iuplpM01],(0))+isnull([iuplpM02],(0)))+isnull([iuplpM03],(0)))+isnull([iuplpM04],(0)))+isnull([iuplpM05],(0)))+isnull([iuplpM06],(0)))+isnull([iuplpM07],(0)))	2025-09-08 07:19:34.088959	2025-09-08 07:53:06.848251
498	234	503	15	iuplp_m08accum	28	\N	f	0	0	t	(((((((isnull([iuplpM01],(0))+isnull([iuplpM02],(0)))+isnull([iuplpM03],(0)))+isnull([iuplpM04],(0)))+isnull([iuplpM05],(0)))+isnull([iuplpM06],(0)))+isnull([iuplpM07],(0)))+isnull([iuplpM08],(0)))	excellent	pending	Вычисляемая колонка: (((((((isnull([iuplpM01],(0))+isnull([iuplpM02],(0)))+isnull([iuplpM03],(0)))+isnull([iuplpM04],(0)))+isnull([iuplpM05],(0)))+isnull([iuplpM06],(0)))+isnull([iuplpM07],(0)))+isnull([iuplpM08],(0)))	2025-09-08 07:19:34.088959	2025-09-08 07:53:06.848251
499	234	504	16	iuplp_m09accum	29	\N	f	0	0	t	((((((((isnull([iuplpM01],(0))+isnull([iuplpM02],(0)))+isnull([iuplpM03],(0)))+isnull([iuplpM04],(0)))+isnull([iuplpM05],(0)))+isnull([iuplpM06],(0)))+isnull([iuplpM07],(0)))+isnull([iuplpM08],(0)))+isnull([iuplpM09],(0)))	excellent	pending	Вычисляемая колонка: ((((((((isnull([iuplpM01],(0))+isnull([iuplpM02],(0)))+isnull([iuplpM03],(0)))+isnull([iuplpM04],(0)))+isnull([iuplpM05],(0)))+isnull([iuplpM06],(0)))+isnull([iuplpM07],(0)))+isnull([iuplpM08],(0)))+isnull([iuplpM09],(0)))	2025-09-08 07:19:34.088959	2025-09-08 07:53:06.848251
500	234	505	17	iuplp_m10accum	30	\N	f	0	0	t	(((((((((isnull([iuplpM01],(0))+isnull([iuplpM02],(0)))+isnull([iuplpM03],(0)))+isnull([iuplpM04],(0)))+isnull([iuplpM05],(0)))+isnull([iuplpM06],(0)))+isnull([iuplpM07],(0)))+isnull([iuplpM08],(0)))+isnull([iuplpM09],(0)))+isnull([iuplpM10],(0)))	excellent	pending	Вычисляемая колонка: (((((((((isnull([iuplpM01],(0))+isnull([iuplpM02],(0)))+isnull([iuplpM03],(0)))+isnull([iuplpM04],(0)))+isnull([iuplpM05],(0)))+isnull([iuplpM06],(0)))+isnull([iuplpM07],(0)))+isnull([iuplpM08],(0)))+isnull([iuplpM09],(0)))+isnull([iuplpM10],(0)))	2025-09-08 07:19:34.088959	2025-09-08 07:53:06.848251
501	234	506	18	iuplp_m11accum	31	\N	f	0	0	t	((((((((((isnull([iuplpM01],(0))+isnull([iuplpM02],(0)))+isnull([iuplpM03],(0)))+isnull([iuplpM04],(0)))+isnull([iuplpM05],(0)))+isnull([iuplpM06],(0)))+isnull([iuplpM07],(0)))+isnull([iuplpM08],(0)))+isnull([iuplpM09],(0)))+isnull([iuplpM10],(0)))+isnull([iuplpM11],(0)))	excellent	pending	Вычисляемая колонка: ((((((((((isnull([iuplpM01],(0))+isnull([iuplpM02],(0)))+isnull([iuplpM03],(0)))+isnull([iuplpM04],(0)))+isnull([iuplpM05],(0)))+isnull([iuplpM06],(0)))+isnull([iuplpM07],(0)))+isnull([iuplpM08],(0)))+isnull([iuplpM09],(0)))+isnull([iuplpM10],(0)))+isnull([iuplpM11],(0)))	2025-09-08 07:19:34.088959	2025-09-08 07:53:06.848251
502	234	507	19	iuplp_m12accum	32	\N	f	0	0	t	(((((((((((isnull([iuplpM01],(0))+isnull([iuplpM02],(0)))+isnull([iuplpM03],(0)))+isnull([iuplpM04],(0)))+isnull([iuplpM05],(0)))+isnull([iuplpM06],(0)))+isnull([iuplpM07],(0)))+isnull([iuplpM08],(0)))+isnull([iuplpM09],(0)))+isnull([iuplpM10],(0)))+isnull([iuplpM11],(0)))+isnull([iuplpM12],(0)))	excellent	pending	Вычисляемая колонка: (((((((((((isnull([iuplpM01],(0))+isnull([iuplpM02],(0)))+isnull([iuplpM03],(0)))+isnull([iuplpM04],(0)))+isnull([iuplpM05],(0)))+isnull([iuplpM06],(0)))+isnull([iuplpM07],(0)))+isnull([iuplpM08],(0)))+isnull([iuplpM09],(0)))+isnull([iuplpM10],(0)))+isnull([iuplpM11],(0)))+isnull([iuplpM12],(0)))	2025-09-08 07:19:34.088959	2025-09-08 07:53:06.848251
503	235	508	66	iuplpc_key	1	\N	t	1	1	f		excellent	pending	Identity колонка с seed=1, increment=1	2025-09-08 07:19:34.088959	2025-09-08 07:53:06.848251
504	235	509	66	iuplpc_pl_pn	2	\N	f	0	0	f		excellent	pending	Стандартная колонка	2025-09-08 07:19:34.088959	2025-09-08 07:53:06.848251
505	235	510	8	iuplpc_lim	3	\N	f	0	0	f		excellent	pending	Стандартная колонка	2025-09-08 07:19:34.088959	2025-09-08 07:53:06.848251
506	235	511	8	iuplpc_q1	4	\N	f	0	0	f		excellent	pending	Стандартная колонка	2025-09-08 07:19:34.088959	2025-09-08 07:53:06.848251
507	235	512	8	iuplpc_m01	5	\N	f	0	0	f		excellent	pending	Стандартная колонка	2025-09-08 07:19:34.088959	2025-09-08 07:53:06.848251
508	235	513	8	iuplpc_m02	6	\N	f	0	0	f		excellent	pending	Стандартная колонка	2025-09-08 07:19:34.088959	2025-09-08 07:53:06.848251
509	235	514	8	iuplpc_m03	7	\N	f	0	0	f		excellent	pending	Стандартная колонка	2025-09-08 07:19:34.088959	2025-09-08 07:53:06.848251
510	235	515	8	iuplpc_q2	8	\N	f	0	0	f		excellent	pending	Стандартная колонка	2025-09-08 07:19:34.088959	2025-09-08 07:53:06.848251
511	235	516	8	iuplpc_m04	9	\N	f	0	0	f		excellent	pending	Стандартная колонка	2025-09-08 07:19:34.088959	2025-09-08 07:53:06.848251
512	235	517	8	iuplpc_m05	10	\N	f	0	0	f		excellent	pending	Стандартная колонка	2025-09-08 07:19:34.088959	2025-09-08 07:53:06.848251
513	235	518	8	iuplpc_m06	11	\N	f	0	0	f		excellent	pending	Стандартная колонка	2025-09-08 07:19:34.088959	2025-09-08 07:53:06.848251
514	235	519	8	iuplpc_q3	12	\N	f	0	0	f		excellent	pending	Стандартная колонка	2025-09-08 07:19:34.088959	2025-09-08 07:53:06.848251
515	235	520	8	iuplpc_m07	13	\N	f	0	0	f		excellent	pending	Стандартная колонка	2025-09-08 07:19:34.088959	2025-09-08 07:53:06.848251
516	235	521	8	iuplpc_m08	14	\N	f	0	0	f		excellent	pending	Стандартная колонка	2025-09-08 07:19:34.088959	2025-09-08 07:53:06.848251
517	235	522	8	iuplpc_m09	15	\N	f	0	0	f		excellent	pending	Стандартная колонка	2025-09-08 07:19:34.088959	2025-09-08 07:53:06.848251
518	235	523	8	iuplpc_q4	16	\N	f	0	0	f		excellent	pending	Стандартная колонка	2025-09-08 07:19:34.088959	2025-09-08 07:53:06.848251
519	235	524	8	iuplpc_m10	17	\N	f	0	0	f		excellent	pending	Стандартная колонка	2025-09-08 07:19:34.088959	2025-09-08 07:53:06.848251
520	235	525	8	iuplpc_m11	18	\N	f	0	0	f		excellent	pending	Стандартная колонка	2025-09-08 07:19:34.088959	2025-09-08 07:53:06.848251
521	235	526	8	iuplpc_m12	19	\N	f	0	0	f		excellent	pending	Стандартная колонка	2025-09-08 07:19:34.088959	2025-09-08 07:53:06.848251
522	235	527	66	iuplpc_cost_its	20	\N	f	0	0	f		excellent	pending	Стандартная колонка	2025-09-08 07:19:34.088959	2025-09-08 07:53:06.848251
523	235	528	9	iuplpc_m02accum	21	\N	f	0	0	t	(isnull([iuplpcM01],(0))+isnull([iuplpcM02],(0)))	excellent	pending	Вычисляемая колонка: (isnull([iuplpcM01],(0))+isnull([iuplpcM02],(0)))	2025-09-08 07:19:34.088959	2025-09-08 07:53:06.848251
524	235	529	10	iuplpc_m03accum	22	\N	f	0	0	t	((isnull([iuplpcM01],(0))+isnull([iuplpcM02],(0)))+isnull([iuplpcM03],(0)))	excellent	pending	Вычисляемая колонка: ((isnull([iuplpcM01],(0))+isnull([iuplpcM02],(0)))+isnull([iuplpcM03],(0)))	2025-09-08 07:19:34.088959	2025-09-08 07:53:06.848251
525	235	530	11	iuplpc_m04accum	23	\N	f	0	0	t	(((isnull([iuplpcM01],(0))+isnull([iuplpcM02],(0)))+isnull([iuplpcM03],(0)))+isnull([iuplpcM04],(0)))	excellent	pending	Вычисляемая колонка: (((isnull([iuplpcM01],(0))+isnull([iuplpcM02],(0)))+isnull([iuplpcM03],(0)))+isnull([iuplpcM04],(0)))	2025-09-08 07:19:34.088959	2025-09-08 07:53:06.848251
526	235	531	12	iuplpc_m05accum	24	\N	f	0	0	t	((((isnull([iuplpcM01],(0))+isnull([iuplpcM02],(0)))+isnull([iuplpcM03],(0)))+isnull([iuplpcM04],(0)))+isnull([iuplpcM05],(0)))	excellent	pending	Вычисляемая колонка: ((((isnull([iuplpcM01],(0))+isnull([iuplpcM02],(0)))+isnull([iuplpcM03],(0)))+isnull([iuplpcM04],(0)))+isnull([iuplpcM05],(0)))	2025-09-08 07:19:34.088959	2025-09-08 07:53:06.848251
527	235	532	13	iuplpc_m06accum	25	\N	f	0	0	t	(((((isnull([iuplpcM01],(0))+isnull([iuplpcM02],(0)))+isnull([iuplpcM03],(0)))+isnull([iuplpcM04],(0)))+isnull([iuplpcM05],(0)))+isnull([iuplpcM06],(0)))	excellent	pending	Вычисляемая колонка: (((((isnull([iuplpcM01],(0))+isnull([iuplpcM02],(0)))+isnull([iuplpcM03],(0)))+isnull([iuplpcM04],(0)))+isnull([iuplpcM05],(0)))+isnull([iuplpcM06],(0)))	2025-09-08 07:19:34.088959	2025-09-08 07:53:06.848251
528	235	535	14	iuplpc_m07accum	26	\N	f	0	0	t	((((((isnull([iuplpcM01],(0))+isnull([iuplpcM02],(0)))+isnull([iuplpcM03],(0)))+isnull([iuplpcM04],(0)))+isnull([iuplpcM05],(0)))+isnull([iuplpcM06],(0)))+isnull([iuplpcM07],(0)))	excellent	pending	Вычисляемая колонка: ((((((isnull([iuplpcM01],(0))+isnull([iuplpcM02],(0)))+isnull([iuplpcM03],(0)))+isnull([iuplpcM04],(0)))+isnull([iuplpcM05],(0)))+isnull([iuplpcM06],(0)))+isnull([iuplpcM07],(0)))	2025-09-08 07:19:34.088959	2025-09-08 07:53:06.848251
823	267	828	35	rtini_code	4	\N	f	0	0	t	(CONVERT([char](12),concat([rtiniTaxOffice],[rtiniNum]),(0)))	excellent	pending	Вычисляемая колонка: (CONVERT([char](12),concat([rtiniTaxOffice],[rtiniNum]),(0)))	2025-09-08 07:19:34.088959	2025-09-08 07:53:06.848251
824	268	829	36	rtinjp_msrn	1	\N	f	0	0	f		excellent	pending	Стандартная колонка	2025-09-08 07:19:34.088959	2025-09-08 07:53:06.848251
529	235	536	15	iuplpc_m08accum	27	\N	f	0	0	t	(((((((isnull([iuplpcM01],(0))+isnull([iuplpcM02],(0)))+isnull([iuplpcM03],(0)))+isnull([iuplpcM04],(0)))+isnull([iuplpcM05],(0)))+isnull([iuplpcM06],(0)))+isnull([iuplpcM07],(0)))+isnull([iuplpcM08],(0)))	excellent	pending	Вычисляемая колонка: (((((((isnull([iuplpcM01],(0))+isnull([iuplpcM02],(0)))+isnull([iuplpcM03],(0)))+isnull([iuplpcM04],(0)))+isnull([iuplpcM05],(0)))+isnull([iuplpcM06],(0)))+isnull([iuplpcM07],(0)))+isnull([iuplpcM08],(0)))	2025-09-08 07:19:34.088959	2025-09-08 07:53:06.848251
530	235	537	16	iuplpc_m09accum	28	\N	f	0	0	t	((((((((isnull([iuplpcM01],(0))+isnull([iuplpcM02],(0)))+isnull([iuplpcM03],(0)))+isnull([iuplpcM04],(0)))+isnull([iuplpcM05],(0)))+isnull([iuplpcM06],(0)))+isnull([iuplpcM07],(0)))+isnull([iuplpcM08],(0)))+isnull([iuplpcM09],(0)))	excellent	pending	Вычисляемая колонка: ((((((((isnull([iuplpcM01],(0))+isnull([iuplpcM02],(0)))+isnull([iuplpcM03],(0)))+isnull([iuplpcM04],(0)))+isnull([iuplpcM05],(0)))+isnull([iuplpcM06],(0)))+isnull([iuplpcM07],(0)))+isnull([iuplpcM08],(0)))+isnull([iuplpcM09],(0)))	2025-09-08 07:19:34.088959	2025-09-08 07:53:06.848251
531	235	538	17	iuplpc_m10accum	29	\N	f	0	0	t	(((((((((isnull([iuplpcM01],(0))+isnull([iuplpcM02],(0)))+isnull([iuplpcM03],(0)))+isnull([iuplpcM04],(0)))+isnull([iuplpcM05],(0)))+isnull([iuplpcM06],(0)))+isnull([iuplpcM07],(0)))+isnull([iuplpcM08],(0)))+isnull([iuplpcM09],(0)))+isnull([iuplpcM10],(0)))	excellent	pending	Вычисляемая колонка: (((((((((isnull([iuplpcM01],(0))+isnull([iuplpcM02],(0)))+isnull([iuplpcM03],(0)))+isnull([iuplpcM04],(0)))+isnull([iuplpcM05],(0)))+isnull([iuplpcM06],(0)))+isnull([iuplpcM07],(0)))+isnull([iuplpcM08],(0)))+isnull([iuplpcM09],(0)))+isnull([iuplpcM10],(0)))	2025-09-08 07:19:34.088959	2025-09-08 07:53:06.848251
532	235	539	18	iuplpc_m11accum	30	\N	f	0	0	t	((((((((((isnull([iuplpcM01],(0))+isnull([iuplpcM02],(0)))+isnull([iuplpcM03],(0)))+isnull([iuplpcM04],(0)))+isnull([iuplpcM05],(0)))+isnull([iuplpcM06],(0)))+isnull([iuplpcM07],(0)))+isnull([iuplpcM08],(0)))+isnull([iuplpcM09],(0)))+isnull([iuplpcM10],(0)))+isnull([iuplpcM11],(0)))	excellent	pending	Вычисляемая колонка: ((((((((((isnull([iuplpcM01],(0))+isnull([iuplpcM02],(0)))+isnull([iuplpcM03],(0)))+isnull([iuplpcM04],(0)))+isnull([iuplpcM05],(0)))+isnull([iuplpcM06],(0)))+isnull([iuplpcM07],(0)))+isnull([iuplpcM08],(0)))+isnull([iuplpcM09],(0)))+isnull([iuplpcM10],(0)))+isnull([iuplpcM11],(0)))	2025-09-08 07:19:34.088959	2025-09-08 07:53:06.848251
579	244	586	52	n_registry_note	15	\N	f	0	0	f		excellent	pending	Стандартная колонка	2025-09-08 07:19:34.088959	2025-09-08 07:53:06.848251
533	235	542	19	iuplpc_m12accum	31	\N	f	0	0	t	(((((((((((isnull([iuplpcM01],(0))+isnull([iuplpcM02],(0)))+isnull([iuplpcM03],(0)))+isnull([iuplpcM04],(0)))+isnull([iuplpcM05],(0)))+isnull([iuplpcM06],(0)))+isnull([iuplpcM07],(0)))+isnull([iuplpcM08],(0)))+isnull([iuplpcM09],(0)))+isnull([iuplpcM10],(0)))+isnull([iuplpcM11],(0)))+isnull([iuplpcM12],(0)))	excellent	pending	Вычисляемая колонка: (((((((((((isnull([iuplpcM01],(0))+isnull([iuplpcM02],(0)))+isnull([iuplpcM03],(0)))+isnull([iuplpcM04],(0)))+isnull([iuplpcM05],(0)))+isnull([iuplpcM06],(0)))+isnull([iuplpcM07],(0)))+isnull([iuplpcM08],(0)))+isnull([iuplpcM09],(0)))+isnull([iuplpcM10],(0)))+isnull([iuplpcM11],(0)))+isnull([iuplpcM12],(0)))	2025-09-08 07:19:34.088959	2025-09-08 07:53:06.848251
534	236	24	66	iuplpm_key	1	\N	t	1	1	f		excellent	pending	Identity колонка с seed=1, increment=1	2025-09-08 07:19:34.088959	2025-09-08 07:53:06.848251
535	236	543	66	iuplpm_pl_pn	2	\N	f	0	0	f		excellent	pending	Стандартная колонка	2025-09-08 07:19:34.088959	2025-09-08 07:53:06.848251
536	236	544	66	iuplpm_st_cost	3	\N	f	0	0	f		excellent	pending	Стандартная колонка	2025-09-08 07:19:34.088959	2025-09-08 07:53:06.848251
537	236	545	66	iuplpm_mn	4	\N	f	0	0	f		excellent	pending	Стандартная колонка	2025-09-08 07:19:34.088959	2025-09-08 07:53:06.848251
538	236	546	7	iuplpm_lim	5	\N	f	0	0	f		excellent	pending	Стандартная колонка	2025-09-08 07:19:34.088959	2025-09-08 07:53:06.848251
539	237	547	66	iuplpq_key	1	\N	t	1	1	f		excellent	pending	Identity колонка с seed=1, increment=1	2025-09-08 07:19:34.088959	2025-09-08 07:53:06.848251
540	237	548	66	iuplpq_pl_pn	2	\N	f	0	0	f		excellent	pending	Стандартная колонка	2025-09-08 07:19:34.088959	2025-09-08 07:53:06.848251
541	237	549	66	iuplpq_st_cost	3	\N	f	0	0	f		excellent	pending	Стандартная колонка	2025-09-08 07:19:34.088959	2025-09-08 07:53:06.848251
542	237	550	66	iuplpq_qu	4	\N	f	0	0	f		excellent	pending	Стандартная колонка	2025-09-08 07:19:34.088959	2025-09-08 07:53:06.848251
543	237	551	7	iuplpq_lim	5	\N	f	0	0	f		excellent	pending	Стандартная колонка	2025-09-08 07:19:34.088959	2025-09-08 07:53:06.848251
544	238	552	66	iuplpy_key	1	\N	t	1	1	f		excellent	pending	Identity колонка с seed=1, increment=1	2025-09-08 07:19:34.088959	2025-09-08 07:53:06.848251
545	238	553	66	iuplpy_pl_pn	2	\N	f	0	0	f		excellent	pending	Стандартная колонка	2025-09-08 07:19:34.088959	2025-09-08 07:53:06.848251
546	238	554	66	iuplpy_st_cost	3	\N	f	0	0	f		excellent	pending	Стандартная колонка	2025-09-08 07:19:34.088959	2025-09-08 07:53:06.848251
547	238	555	7	iuplpy_lim	4	\N	f	0	0	f		excellent	pending	Стандартная колонка	2025-09-08 07:19:34.088959	2025-09-08 07:53:06.848251
548	239	556	66	j_key	1	\N	t	1	1	f		excellent	pending	Identity колонка с seed=1, increment=1	2025-09-08 07:19:34.088959	2025-09-08 07:53:06.848251
549	239	557	51	j_num	2	\N	f	0	0	f		excellent	pending	Стандартная колонка	2025-09-08 07:19:34.088959	2025-09-08 07:53:06.848251
550	239	558	70	j_date	3	\N	f	0	0	f		excellent	pending	Стандартная колонка	2025-09-08 07:19:34.088959	2025-09-08 07:53:06.848251
551	239	559	56	j_note	4	\N	f	0	0	f		excellent	pending	Стандартная колонка	2025-09-08 07:19:34.088959	2025-09-08 07:53:06.848251
552	239	560	25	j_type	5	\N	f	0	0	f		excellent	pending	Стандартная колонка	2025-09-08 07:19:34.088959	2025-09-08 07:53:06.848251
553	239	561	67	j_key_old	6	\N	f	0	0	f		excellent	pending	Стандартная колонка	2025-09-08 07:19:34.088959	2025-09-08 07:53:06.848251
554	239	562	4	j_date_add	7	(getdate())	f	0	0	f		excellent	pending	Стандартная колонка	2025-09-08 07:19:34.088959	2025-09-08 07:53:06.848251
555	240	563	66	jc_doc_key	1	\N	f	0	0	f		excellent	pending	Стандартная колонка	2025-09-08 07:19:34.088959	2025-09-08 07:53:06.848251
556	240	564	25	jc_doc_type	2	('chng')	f	0	0	f		excellent	pending	Стандартная колонка	2025-09-08 07:19:34.088959	2025-09-08 07:53:06.848251
557	240	565	66	jc_doc_chng_type	3	\N	f	0	0	f		excellent	pending	Стандартная колонка	2025-09-08 07:19:34.088959	2025-09-08 07:53:06.848251
558	241	566	66	jcg_key	1	\N	t	1	1	f		excellent	pending	Identity колонка с seed=1, increment=1	2025-09-08 07:19:34.088959	2025-09-08 07:53:06.848251
559	241	567	51	jcg_name	2	\N	f	0	0	f		excellent	pending	Стандартная колонка	2025-09-08 07:19:34.088959	2025-09-08 07:53:06.848251
560	242	568	66	jcgr_key	1	\N	t	1	1	f		excellent	pending	Identity колонка с seed=1, increment=1	2025-09-08 07:19:34.088959	2025-09-08 07:53:06.848251
561	242	569	66	jcgr_gr	2	\N	f	0	0	f		excellent	pending	Стандартная колонка	2025-09-08 07:19:34.088959	2025-09-08 07:53:06.848251
562	242	570	66	jcgr_chng	3	\N	f	0	0	f		excellent	pending	Стандартная колонка	2025-09-08 07:19:34.088959	2025-09-08 07:53:06.848251
563	243	571	66	jct_key	1	\N	t	1	1	f		excellent	pending	Identity колонка с seed=1, increment=1	2025-09-08 07:19:34.088959	2025-09-08 07:53:06.848251
564	243	572	51	jct_name	2	\N	f	0	0	f		excellent	pending	Стандартная колонка	2025-09-08 07:19:34.088959	2025-09-08 07:53:06.848251
565	244	573	52	d_registry	1	\N	f	0	0	f		excellent	pending	Стандартная колонка	2025-09-08 07:19:34.088959	2025-09-08 07:53:06.848251
566	244	574	60	d_num_reg	2	\N	f	0	0	f		excellent	pending	Стандартная колонка	2025-09-08 07:19:34.088959	2025-09-08 07:53:06.848251
567	244	575	60	d_num	3	\N	f	0	0	f		excellent	pending	Стандартная колонка	2025-09-08 07:19:34.088959	2025-09-08 07:53:06.848251
568	244	576	60	d_agreements_parties	4	\N	f	0	0	f		excellent	pending	Стандартная колонка	2025-09-08 07:19:34.088959	2025-09-08 07:53:06.848251
569	244	577	41	d_name	5	\N	f	0	0	f		excellent	pending	Стандартная колонка	2025-09-08 07:19:34.088959	2025-09-08 07:53:06.848251
570	244	578	60	d_doc_sheets	6	\N	f	0	0	f		excellent	pending	Стандартная колонка	2025-09-08 07:19:34.088959	2025-09-08 07:53:06.848251
571	244	579	60	d_addit_material_sheets	7	\N	f	0	0	f		excellent	pending	Стандартная колонка	2025-09-08 07:19:34.088959	2025-09-08 07:53:06.848251
572	244	580	60	d_note	8	\N	f	0	0	f		excellent	pending	Стандартная колонка	2025-09-08 07:19:34.088959	2025-09-08 07:53:06.848251
573	244	581	60	d_note_err	9	\N	f	0	0	f		excellent	pending	Стандартная колонка	2025-09-08 07:19:34.088959	2025-09-08 07:53:06.848251
574	244	582	65	d_cn_terminated	10	\N	f	0	0	f		excellent	pending	Стандартная колонка	2025-09-08 07:19:34.088959	2025-09-08 07:53:06.848251
575	244	533	60	d_url	11	\N	f	0	0	f		excellent	pending	Стандартная колонка	2025-09-08 07:19:34.088959	2025-09-08 07:53:06.848251
576	244	583	60	d_urllink	12	\N	f	0	0	f		excellent	pending	Стандартная колонка	2025-09-08 07:19:34.088959	2025-09-08 07:53:06.848251
577	244	584	66	n_key	13	\N	t	1	1	f		excellent	pending	Identity колонка с seed=1, increment=1	2025-09-08 07:19:34.088959	2025-09-08 07:53:06.848251
578	244	585	67	n_registry_num	14	\N	f	0	0	f		excellent	pending	Стандартная колонка	2025-09-08 07:19:34.088959	2025-09-08 07:53:06.848251
580	244	587	52	n_num_reg_num	16	\N	f	0	0	f		excellent	pending	Стандартная колонка	2025-09-08 07:19:34.088959	2025-09-08 07:53:06.848251
581	244	588	70	n_num_reg_date	17	\N	f	0	0	f		excellent	pending	Стандартная колонка	2025-09-08 07:19:34.088959	2025-09-08 07:53:06.848251
582	244	589	52	n_num_reg_note	18	\N	f	0	0	f		excellent	pending	Стандартная колонка	2025-09-08 07:19:34.088959	2025-09-08 07:53:06.848251
583	244	590	52	n_num_doc_type	19	\N	f	0	0	f		excellent	pending	Стандартная колонка	2025-09-08 07:19:34.088959	2025-09-08 07:53:06.848251
584	244	591	52	n_num_doc_num	20	\N	f	0	0	f		excellent	pending	Стандартная колонка	2025-09-08 07:19:34.088959	2025-09-08 07:53:06.848251
585	244	592	70	n_num_doc_date	21	\N	f	0	0	f		excellent	pending	Стандартная колонка	2025-09-08 07:19:34.088959	2025-09-08 07:53:06.848251
586	244	593	56	n_num_doc_note	22	\N	f	0	0	f		excellent	pending	Стандартная колонка	2025-09-08 07:19:34.088959	2025-09-08 07:53:06.848251
587	244	594	52	n_num_doc_type_super	23	\N	f	0	0	f		excellent	pending	Стандартная колонка	2025-09-08 07:19:34.088959	2025-09-08 07:53:06.848251
588	244	595	52	n_prm_doc_num	24	\N	f	0	0	f		excellent	pending	Стандартная колонка	2025-09-08 07:19:34.088959	2025-09-08 07:53:06.848251
589	244	596	70	n_prm_doc_date	25	\N	f	0	0	f		excellent	pending	Стандартная колонка	2025-09-08 07:19:34.088959	2025-09-08 07:53:06.848251
590	244	597	52	n_prm_doc_type	26	\N	f	0	0	f		excellent	pending	Стандартная колонка	2025-09-08 07:19:34.088959	2025-09-08 07:53:06.848251
591	244	598	67	n_prm_doc_key	27	\N	f	0	0	f		excellent	pending	Стандартная колонка	2025-09-08 07:19:34.088959	2025-09-08 07:53:06.848251
592	245	500	66	jp_doc_key	1	\N	f	0	0	f		excellent	pending	Стандартная колонка	2025-09-08 07:19:34.088959	2025-09-08 07:53:06.848251
593	245	540	25	jp_doc_type	2	('prmr')	f	0	0	f		excellent	pending	Стандартная колонка	2025-09-08 07:19:34.088959	2025-09-08 07:53:06.848251
594	245	541	66	jp_doc_prmr_type	3	\N	f	0	0	f		excellent	pending	Стандартная колонка	2025-09-08 07:19:34.088959	2025-09-08 07:53:06.848251
595	246	599	66	jpg_key	1	\N	t	1	1	f		excellent	pending	Identity колонка с seed=1, increment=1	2025-09-08 07:19:34.088959	2025-09-08 07:53:06.848251
596	246	600	51	jpg_name	2	\N	f	0	0	f		excellent	pending	Стандартная колонка	2025-09-08 07:19:34.088959	2025-09-08 07:53:06.848251
597	247	601	66	jpgr_key	1	\N	t	1	1	f		excellent	pending	Identity колонка с seed=1, increment=1	2025-09-08 07:19:34.088959	2025-09-08 07:53:06.848251
598	247	602	66	jpgr_gr	2	\N	f	0	0	f		excellent	pending	Стандартная колонка	2025-09-08 07:19:34.088959	2025-09-08 07:53:06.848251
599	247	603	66	jpgr_prmr	3	\N	f	0	0	f		excellent	pending	Стандартная колонка	2025-09-08 07:19:34.088959	2025-09-08 07:53:06.848251
600	248	604	66	jpt_key	1	\N	t	1	1	f		excellent	pending	Identity колонка с seed=1, increment=1	2025-09-08 07:19:34.088959	2025-09-08 07:53:06.848251
601	248	605	51	jpt_name	2	\N	f	0	0	f		excellent	pending	Стандартная колонка	2025-09-08 07:19:34.088959	2025-09-08 07:53:06.848251
602	249	606	66	jr_key	1	\N	t	1	1	f		excellent	pending	Identity колонка с seed=1, increment=1	2025-09-08 07:19:34.088959	2025-09-08 07:53:06.848251
603	249	607	66	jr_doc	2	\N	f	0	0	f		excellent	pending	Стандартная колонка	2025-09-08 07:19:34.088959	2025-09-08 07:53:06.848251
604	249	608	66	jr_registry_num	3	\N	f	0	0	f		excellent	pending	Стандартная колонка	2025-09-08 07:19:34.088959	2025-09-08 07:53:06.848251
605	249	609	52	jr_registry_note	4	\N	f	0	0	f		excellent	pending	Стандартная колонка	2025-09-08 07:19:34.088959	2025-09-08 07:53:06.848251
606	249	610	52	jr_num_reg	5	\N	f	0	0	f		excellent	pending	Стандартная колонка	2025-09-08 07:19:34.088959	2025-09-08 07:53:06.848251
607	249	611	70	jr_num_reg_date	6	\N	f	0	0	f		excellent	pending	Стандартная колонка	2025-09-08 07:19:34.088959	2025-09-08 07:53:06.848251
608	249	612	52	jr_num_reg_note	7	\N	f	0	0	f		excellent	pending	Стандартная колонка	2025-09-08 07:19:34.088959	2025-09-08 07:53:06.848251
609	249	613	67	jr_key_old	8	\N	f	0	0	f		excellent	pending	Стандартная колонка	2025-09-08 07:19:34.088959	2025-09-08 07:53:06.848251
610	250	614	66	jrl_key	1	\N	t	1	1	f		excellent	pending	Identity колонка с seed=1, increment=1	2025-09-08 07:19:34.088959	2025-09-08 07:53:06.848251
611	250	615	66	jrl_reg	2	\N	f	0	0	f		excellent	pending	Стандартная колонка	2025-09-08 07:19:34.088959	2025-09-08 07:53:06.848251
612	250	616	51	jrl_hyperlink	3	\N	f	0	0	f		excellent	pending	Стандартная колонка	2025-09-08 07:19:34.088959	2025-09-08 07:53:06.848251
613	251	617	66	jrc_key	1	\N	t	1	1	f		excellent	pending	Identity колонка с seed=1, increment=1	2025-09-08 07:19:34.088959	2025-09-08 07:53:06.848251
614	251	618	66	jrc_doc	2	\N	f	0	0	f		excellent	pending	Стандартная колонка	2025-09-08 07:19:34.088959	2025-09-08 07:53:06.848251
615	251	619	66	jrc_chng	3	\N	f	0	0	f		excellent	pending	Стандартная колонка	2025-09-08 07:19:34.088959	2025-09-08 07:53:06.848251
616	251	620	4	jrc_date_add	4	(getdate())	f	0	0	f		excellent	pending	Стандартная колонка	2025-09-08 07:19:34.088959	2025-09-08 07:53:06.848251
617	252	621	66	js_key	1	\N	t	1	1	f		excellent	pending	Identity колонка с seed=1, increment=1	2025-09-08 07:19:34.088959	2025-09-08 07:53:06.848251
618	252	622	66	js_doc	2	\N	f	0	0	f		excellent	pending	Стандартная колонка	2025-09-08 07:19:34.088959	2025-09-08 07:53:06.848251
619	252	623	66	js_type	3	\N	f	0	0	f		excellent	pending	Стандартная колонка	2025-09-08 07:19:34.088959	2025-09-08 07:53:06.848251
620	252	624	66	js_org	4	\N	f	0	0	f		excellent	pending	Стандартная колонка	2025-09-08 07:19:34.088959	2025-09-08 07:53:06.848251
621	253	625	66	jso_key	1	\N	t	1	1	f		excellent	pending	Identity колонка с seed=1, increment=1	2025-09-08 07:19:34.088959	2025-09-08 07:53:06.848251
622	253	626	51	jso_name	2	\N	f	0	0	f		excellent	pending	Стандартная колонка	2025-09-08 07:19:34.088959	2025-09-08 07:53:06.848251
623	254	627	66	jst_key	1	\N	t	1	1	f		excellent	pending	Identity колонка с seed=1, increment=1	2025-09-08 07:19:34.088959	2025-09-08 07:53:06.848251
624	254	628	51	jst_name	2	\N	f	0	0	f		excellent	pending	Стандартная колонка	2025-09-08 07:19:34.088959	2025-09-08 07:53:06.848251
625	319	629	66	m_key	1	\N	t	1	1	f		excellent	pending	Identity колонка с seed=1, increment=1	2025-09-08 07:19:34.088959	2025-09-08 07:53:06.848251
626	319	630	54	m_cs	2	\N	f	0	0	t	((case when [mNum]<(10) then '0'+CONVERT([nvarchar],[mNum],(0)) else CONVERT([nvarchar],[mNum],(0)) end+' ')+[mNm])	excellent	pending	Вычисляемая колонка: ((case when [mNum]<(10) then '0'+CONVERT([nvarchar],[mNum],(0)) else CONVERT([nvarchar],[mNum],(0)) end+' ')+[mNm])	2025-09-08 07:19:34.088959	2025-09-08 07:53:06.848251
627	319	631	67	m_num	3	\N	f	0	0	f		excellent	pending	Стандартная колонка	2025-09-08 07:19:34.088959	2025-09-08 07:53:06.848251
628	319	632	52	m_nm	4	\N	f	0	0	f		excellent	pending	Стандартная колонка	2025-09-08 07:19:34.088959	2025-09-08 07:53:06.848251
629	319	633	52	m_q	5	\N	f	0	0	f		excellent	pending	Стандартная колонка	2025-09-08 07:19:34.088959	2025-09-08 07:53:06.848251
630	319	634	67	m_hy	6	\N	f	0	0	f		excellent	pending	Стандартная колонка	2025-09-08 07:19:34.088959	2025-09-08 07:53:06.848251
631	320	635	66	og_key	1	\N	t	1	1	f		excellent	pending	Identity колонка с seed=1, increment=1	2025-09-08 07:19:34.088959	2025-09-08 07:53:06.848251
632	320	636	51	og_nm	2	\N	f	0	0	f		excellent	pending	Стандартная колонка	2025-09-08 07:19:34.088959	2025-09-08 07:53:06.848251
633	320	637	51	og_nm_of	3	\N	f	0	0	f		excellent	pending	Стандартная колонка	2025-09-08 07:19:34.088959	2025-09-08 07:53:06.848251
634	320	638	41	og_nm_fl	4	\N	f	0	0	f		excellent	pending	Стандартная колонка	2025-09-08 07:19:34.088959	2025-09-08 07:53:06.848251
635	320	639	41	og_txt	5	\N	f	0	0	f		excellent	pending	Стандартная колонка	2025-09-08 07:19:34.088959	2025-09-08 07:53:06.848251
636	320	640	20	og_inn	6	\N	f	0	0	f		excellent	pending	Стандартная колонка	2025-09-08 07:19:34.088959	2025-09-08 07:53:06.848251
637	320	641	20	og_kpp	7	\N	f	0	0	f		excellent	pending	Стандартная колонка	2025-09-08 07:19:34.088959	2025-09-08 07:53:06.848251
638	320	534	20	og_ogrn	8	\N	f	0	0	f		excellent	pending	Стандартная колонка	2025-09-08 07:19:34.088959	2025-09-08 07:53:06.848251
639	320	642	20	og_okpo	9	\N	f	0	0	f		excellent	pending	Стандартная колонка	2025-09-08 07:19:34.088959	2025-09-08 07:53:06.848251
640	320	643	67	og_oe	10	\N	f	0	0	f		excellent	pending	Стандартная колонка	2025-09-08 07:19:34.088959	2025-09-08 07:53:06.848251
641	320	644	21	og_rg_tax_type	11	\N	f	0	0	f		excellent	pending	Стандартная колонка	2025-09-08 07:19:34.088959	2025-09-08 07:53:06.848251
642	255	645	66	oga_key	1	\N	t	1	1	f		excellent	pending	Identity колонка с seed=1, increment=1	2025-09-08 07:19:34.088959	2025-09-08 07:53:06.848251
643	255	646	51	oga_code	2	\N	f	0	0	f		excellent	pending	Стандартная колонка	2025-09-08 07:19:34.088959	2025-09-08 07:53:06.848251
644	255	647	66	oga_og	3	\N	f	0	0	f		excellent	pending	Стандартная колонка	2025-09-08 07:19:34.088959	2025-09-08 07:53:06.848251
645	255	648	1	oga_oid_old	4	\N	f	0	0	f		excellent	pending	Стандартная колонка	2025-09-08 07:19:34.088959	2025-09-08 07:53:06.848251
646	256	649	66	oaf_key	1	\N	t	1	1	f		excellent	pending	Identity колонка с seed=1, increment=1	2025-09-08 07:19:34.088959	2025-09-08 07:53:06.848251
647	256	650	57	oaf_num	2	\N	f	0	0	f		excellent	pending	Стандартная колонка	2025-09-08 07:19:34.088959	2025-09-08 07:53:06.848251
648	256	651	44	oaf_capex	3	\N	f	0	0	f		excellent	pending	Стандартная колонка	2025-09-08 07:19:34.088959	2025-09-08 07:53:06.848251
649	256	652	70	oaf_date	4	\N	f	0	0	f		excellent	pending	Стандартная колонка	2025-09-08 07:19:34.088959	2025-09-08 07:53:06.848251
650	256	654	52	oaf_arrived	5	\N	f	0	0	f		excellent	pending	Стандартная колонка	2025-09-08 07:19:34.088959	2025-09-08 07:53:06.848251
651	256	655	70	oaf_arrived_date	6	\N	f	0	0	f		excellent	pending	Стандартная колонка	2025-09-08 07:19:34.088959	2025-09-08 07:53:06.848251
652	256	656	52	oaf_returned	7	\N	f	0	0	f		excellent	pending	Стандартная колонка	2025-09-08 07:19:34.088959	2025-09-08 07:53:06.848251
653	256	657	70	oaf_returned_date	8	\N	f	0	0	f		excellent	pending	Стандартная колонка	2025-09-08 07:19:34.088959	2025-09-08 07:53:06.848251
654	256	658	58	oaf_returned_reason	9	\N	f	0	0	f		excellent	pending	Стандартная колонка	2025-09-08 07:19:34.088959	2025-09-08 07:53:06.848251
655	256	659	52	oaf_sent	10	\N	f	0	0	f		excellent	pending	Стандартная колонка	2025-09-08 07:19:34.088959	2025-09-08 07:53:06.848251
656	256	660	70	oaf_sent_date	11	\N	f	0	0	f		excellent	pending	Стандартная колонка	2025-09-08 07:19:34.088959	2025-09-08 07:53:06.848251
657	256	661	41	oaf_note	12	\N	f	0	0	f		excellent	pending	Стандартная колонка	2025-09-08 07:19:34.088959	2025-09-08 07:53:06.848251
658	256	662	66	oaf_y	13	\N	f	0	0	f		excellent	pending	Стандартная колонка	2025-09-08 07:19:34.088959	2025-09-08 07:53:06.848251
659	256	663	66	oaf_m	14	\N	f	0	0	f		excellent	pending	Стандартная колонка	2025-09-08 07:19:34.088959	2025-09-08 07:53:06.848251
660	256	664	66	csta_ag	15	\N	f	0	0	f		excellent	pending	Стандартная колонка	2025-09-08 07:19:34.088959	2025-09-08 07:53:06.848251
661	256	665	52	oaf_unit	16	\N	f	0	0	f		excellent	pending	Стандартная колонка	2025-09-08 07:19:34.088959	2025-09-08 07:53:06.848251
662	257	666	66	oafp_key	1	\N	t	1	1	f		excellent	pending	Identity колонка с seed=1, increment=1	2025-09-08 07:19:34.088959	2025-09-08 07:53:06.848251
663	257	667	67	oafp_num	2	\N	f	0	0	f		excellent	pending	Стандартная колонка	2025-09-08 07:19:34.088959	2025-09-08 07:53:06.848251
664	257	668	66	oafp_oaf	3	\N	f	0	0	f		excellent	pending	Стандартная колонка	2025-09-08 07:19:34.088959	2025-09-08 07:53:06.848251
665	257	669	3	oafp_ag_fee_arr	4	\N	f	0	0	f		excellent	pending	Стандартная колонка	2025-09-08 07:19:34.088959	2025-09-08 07:53:06.848251
666	257	670	3	oafp_vatarr	5	\N	f	0	0	f		excellent	pending	Стандартная колонка	2025-09-08 07:19:34.088959	2025-09-08 07:53:06.848251
667	257	671	3	oafp_total_arr	6	\N	f	0	0	f		excellent	pending	Стандартная колонка	2025-09-08 07:19:34.088959	2025-09-08 07:53:06.848251
668	257	672	3	oafp_ag_fee	7	\N	f	0	0	f		excellent	pending	Стандартная колонка	2025-09-08 07:19:34.088959	2025-09-08 07:53:06.848251
669	257	673	3	oafp_vat	8	\N	f	0	0	f		excellent	pending	Стандартная колонка	2025-09-08 07:19:34.088959	2025-09-08 07:53:06.848251
670	257	674	2	oafp_total	9	\N	f	0	0	f		excellent	pending	Стандартная колонка	2025-09-08 07:19:34.088959	2025-09-08 07:53:06.848251
671	257	675	66	oafp_cst_ag_pn	10	\N	f	0	0	f		excellent	pending	Стандартная колонка	2025-09-08 07:19:34.088959	2025-09-08 07:53:06.848251
672	257	676	52	oafp_note	11	\N	f	0	0	f		excellent	pending	Стандартная колонка	2025-09-08 07:19:34.088959	2025-09-08 07:53:06.848251
673	258	677	66	oafpt_key	1	\N	f	0	0	f		excellent	pending	Стандартная колонка	2025-09-08 07:19:34.088959	2025-09-08 07:53:06.848251
674	258	678	51	oafpt_oaf_sender	2	\N	f	0	0	f		excellent	pending	Стандартная колонка	2025-09-08 07:19:34.088959	2025-09-08 07:53:06.848251
675	258	679	67	oafpt_oaf_sender_key	3	\N	f	0	0	f		excellent	pending	Стандартная колонка	2025-09-08 07:19:34.088959	2025-09-08 07:53:06.848251
676	258	680	67	oafpt_act_count	4	\N	f	0	0	f		excellent	pending	Стандартная колонка	2025-09-08 07:19:34.088959	2025-09-08 07:53:06.848251
677	258	681	51	oafpt_oaf_name	5	\N	f	0	0	f		excellent	pending	Стандартная колонка	2025-09-08 07:19:34.088959	2025-09-08 07:53:06.848251
678	258	682	69	oafpt_oaf_date	6	\N	f	0	0	f		excellent	pending	Стандартная колонка	2025-09-08 07:19:34.088959	2025-09-08 07:53:06.848251
679	258	683	51	oafpt_pn_cst_ag_pn	7	\N	f	0	0	f		excellent	pending	Стандартная колонка	2025-09-08 07:19:34.088959	2025-09-08 07:53:06.848251
680	258	684	67	oafpt_pn_cst_ag_pn_key	8	\N	f	0	0	f		excellent	pending	Стандартная колонка	2025-09-08 07:19:34.088959	2025-09-08 07:53:06.848251
681	258	685	2	oafpt_ttl	9	\N	f	0	0	f		excellent	pending	Стандартная колонка	2025-09-08 07:19:34.088959	2025-09-08 07:53:06.848251
682	258	686	43	oafpt_capex	10	\N	f	0	0	f		excellent	pending	Стандартная колонка	2025-09-08 07:19:34.088959	2025-09-08 07:53:06.848251
683	258	687	51	oafpt_arrived_num	11	\N	f	0	0	f		excellent	pending	Стандартная колонка	2025-09-08 07:19:34.088959	2025-09-08 07:53:06.848251
684	258	688	69	oafpt_arrived_date	12	\N	f	0	0	f		excellent	pending	Стандартная колонка	2025-09-08 07:19:34.088959	2025-09-08 07:53:06.848251
685	258	689	52	oafpt_sended_num	13	\N	f	0	0	f		excellent	pending	Стандартная колонка	2025-09-08 07:19:34.088959	2025-09-08 07:53:06.848251
686	258	690	70	oafpt_sended_date	14	\N	f	0	0	f		excellent	pending	Стандартная колонка	2025-09-08 07:19:34.088959	2025-09-08 07:53:06.848251
687	258	691	51	oafpt_unit	15	\N	f	0	0	f		excellent	pending	Стандартная колонка	2025-09-08 07:19:34.088959	2025-09-08 07:53:06.848251
688	258	692	52	oafpt_returned_num	16	\N	f	0	0	f		excellent	pending	Стандартная колонка	2025-09-08 07:19:34.088959	2025-09-08 07:53:06.848251
689	258	693	70	oafpt_returned_date	17	\N	f	0	0	f		excellent	pending	Стандартная колонка	2025-09-08 07:19:34.088959	2025-09-08 07:53:06.848251
690	258	694	52	oafpt_returned_reason	18	\N	f	0	0	f		excellent	pending	Стандартная колонка	2025-09-08 07:19:34.088959	2025-09-08 07:53:06.848251
691	258	695	3	oafpt_returned_sum	19	\N	f	0	0	f		excellent	pending	Стандартная колонка	2025-09-08 07:19:34.088959	2025-09-08 07:53:06.848251
692	258	696	67	oafpt_pages_count	20	\N	f	0	0	f		excellent	pending	Стандартная колонка	2025-09-08 07:19:34.088959	2025-09-08 07:53:06.848251
693	259	653	66	onf_key	1	\N	t	1	1	f		excellent	pending	Identity колонка с seed=1, increment=1	2025-09-08 07:19:34.088959	2025-09-08 07:53:06.848251
694	259	697	66	onf_og	2	\N	f	0	0	f		excellent	pending	Стандартная колонка	2025-09-08 07:19:34.088959	2025-09-08 07:53:06.848251
695	259	698	55	onf_name	3	\N	f	0	0	f		excellent	pending	Стандартная колонка	2025-09-08 07:19:34.088959	2025-09-08 07:53:06.848251
696	259	699	56	onf_name_ext	4	\N	f	0	0	f		excellent	pending	Стандартная колонка	2025-09-08 07:19:34.088959	2025-09-08 07:53:06.848251
697	259	700	70	onf_start	5	\N	f	0	0	f		excellent	pending	Стандартная колонка	2025-09-08 07:19:34.088959	2025-09-08 07:53:06.848251
698	259	701	70	onf_end	6	\N	f	0	0	f		excellent	pending	Стандартная колонка	2025-09-08 07:19:34.088959	2025-09-08 07:53:06.848251
712	324	715	66	q_key	1	\N	t	1	1	f		excellent	pending	Identity колонка с seed=1, increment=1	2025-09-08 07:19:34.088959	2025-09-08 07:53:06.848251
713	324	716	66	q_num	2	\N	f	0	0	f		excellent	pending	Стандартная колонка	2025-09-08 07:19:34.088959	2025-09-08 07:53:06.848251
714	324	717	61	q_str	3	\N	f	0	0	f		excellent	pending	Стандартная колонка	2025-09-08 07:19:34.088959	2025-09-08 07:53:06.848251
724	325	727	70	ra_arrived_date_fact	10	\N	f	0	0	f		excellent	pending	Стандартная колонка	2025-09-08 07:19:34.088959	2025-09-08 07:53:06.848251
727	325	730	41	ra_returned_reason	13	\N	f	0	0	f		excellent	pending	Стандартная колонка	2025-09-08 07:19:34.088959	2025-09-08 07:53:06.848251
734	325	737	70	ra_date_period	20	\N	f	0	0	t	([ags].[fnRaPeriodDate]([ra_period]))	excellent	pending	Вычисляемая колонка: ([ags].[fnRaPeriodDate]([ra_period]))	2025-09-08 07:19:34.088959	2025-09-08 07:53:06.848251
742	326	745	70	ra_arrived_date_fact	8	\N	f	0	0	f		excellent	pending	Стандартная колонка	2025-09-08 07:19:34.088959	2025-09-08 07:53:06.848251
745	326	748	41	ra_returned_reason	11	\N	f	0	0	f		excellent	pending	Стандартная колонка	2025-09-08 07:19:34.088959	2025-09-08 07:53:06.848251
752	326	755	70	rac_date_period	18	\N	f	0	0	t	([ags].[fnRaPeriodDate]([ra_period]))	excellent	pending	Вычисляемая колонка: ([ags].[fnRaPeriodDate]([ra_period]))	2025-09-08 07:19:34.088959	2025-09-08 07:53:06.848251
753	326	757	52	rc_name	19	\N	f	0	0	t	([ags].[fnRcName]([rac_key]))	excellent	pending	Вычисляемая колонка: ([ags].[fnRcName]([rac_key]))	2025-09-08 07:19:34.088959	2025-09-08 07:53:06.848251
761	260	765	66	rcsc_key	1	\N	t	1	1	f		excellent	pending	Identity колонка с seed=1, increment=1	2025-09-08 07:19:34.088959	2025-09-08 07:53:06.848251
762	260	766	66	rcsc_ra_ch_summ	2	\N	f	0	0	f		excellent	pending	Стандартная колонка	2025-09-08 07:19:34.088959	2025-09-08 07:53:06.848251
763	260	767	66	rcsc_st_cost	3	\N	f	0	0	f		excellent	pending	Стандартная колонка	2025-09-08 07:19:34.088959	2025-09-08 07:53:06.848251
764	260	768	2	rcsc_lim	4	\N	f	0	0	f		excellent	pending	Стандартная колонка	2025-09-08 07:19:34.088959	2025-09-08 07:53:06.848251
765	263	786	66	ralp_key	1	\N	t	1	1	f		excellent	pending	Identity колонка с seed=1, increment=1	2025-09-08 07:19:34.088959	2025-09-08 07:53:06.848251
766	263	787	52	ralp_num	2	\N	f	0	0	f		excellent	pending	Стандартная колонка	2025-09-08 07:19:34.088959	2025-09-08 07:53:06.848251
767	263	788	70	ralp_date	3	\N	f	0	0	f		excellent	pending	Стандартная колонка	2025-09-08 07:19:34.088959	2025-09-08 07:53:06.848251
768	263	789	3	ralp_cost_and_vat	4	\N	f	0	0	f		excellent	pending	Стандартная колонка	2025-09-08 07:19:34.088959	2025-09-08 07:53:06.848251
769	263	790	67	ralp_cst_ag_pn	5	\N	f	0	0	f		excellent	pending	Стандартная колонка	2025-09-08 07:19:34.088959	2025-09-08 07:53:06.848251
770	263	791	67	ralp_og_sender	6	\N	f	0	0	f		excellent	pending	Стандартная колонка	2025-09-08 07:19:34.088959	2025-09-08 07:53:06.848251
771	263	792	52	ralp_arrived	7	\N	f	0	0	f		excellent	pending	Стандартная колонка	2025-09-08 07:19:34.088959	2025-09-08 07:53:06.848251
772	263	793	70	ralp_arrived_date	8	\N	f	0	0	f		excellent	pending	Стандартная колонка	2025-09-08 07:19:34.088959	2025-09-08 07:53:06.848251
773	263	794	52	ralp_returned	9	\N	f	0	0	f		excellent	pending	Стандартная колонка	2025-09-08 07:19:34.088959	2025-09-08 07:53:06.848251
774	263	795	70	ralp_returned_date	10	\N	f	0	0	f		excellent	pending	Стандартная колонка	2025-09-08 07:19:34.088959	2025-09-08 07:53:06.848251
775	263	796	52	ralp_sent	11	\N	f	0	0	f		excellent	pending	Стандартная колонка	2025-09-08 07:19:34.088959	2025-09-08 07:53:06.848251
776	263	797	70	ralp_sent_date	12	\N	f	0	0	f		excellent	pending	Стандартная колонка	2025-09-08 07:19:34.088959	2025-09-08 07:53:06.848251
777	263	798	52	ralp_response	13	\N	f	0	0	f		excellent	pending	Стандартная колонка	2025-09-08 07:19:34.088959	2025-09-08 07:53:06.848251
778	263	799	70	ralp_resp_date	14	\N	f	0	0	f		excellent	pending	Стандартная колонка	2025-09-08 07:19:34.088959	2025-09-08 07:53:06.848251
779	263	800	41	ralp_note	15	\N	f	0	0	f		excellent	pending	Стандартная колонка	2025-09-08 07:19:34.088959	2025-09-08 07:53:06.848251
838	271	843	55	rtletm_name	2	\N	f	0	0	f		excellent	pending	Стандартная колонка	2025-09-08 07:19:34.088959	2025-09-08 07:53:06.848251
780	263	801	67	ralp_y	16	\N	f	0	0	t	(datepart(year,[ralpDate]))	excellent	pending	Вычисляемая колонка: (datepart(year,[ralpDate]))	2025-09-08 07:19:34.088959	2025-09-08 07:53:06.848251
781	263	802	67	ralp_m	17	\N	f	0	0	t	(datepart(month,[ralpDate]))	excellent	pending	Вычисляемая колонка: (datepart(month,[ralpDate]))	2025-09-08 07:19:34.088959	2025-09-08 07:53:06.848251
782	264	803	66	ralpr_key	1	\N	t	1	1	f		excellent	pending	Identity колонка с seed=1, increment=1	2025-09-08 07:19:34.088959	2025-09-08 07:53:06.848251
783	264	804	51	ralpr_num	2	\N	f	0	0	f		excellent	pending	Стандартная колонка	2025-09-08 07:19:34.088959	2025-09-08 07:53:06.848251
784	264	805	69	ralpr_date	3	\N	f	0	0	f		excellent	pending	Стандартная колонка	2025-09-08 07:19:34.088959	2025-09-08 07:53:06.848251
785	264	806	66	ralpr_cst_ag_pn	4	\N	f	0	0	f		excellent	pending	Стандартная колонка	2025-09-08 07:19:34.088959	2025-09-08 07:53:06.848251
786	264	807	66	ralpr_og_sender	5	\N	f	0	0	f		excellent	pending	Стандартная колонка	2025-09-08 07:19:34.088959	2025-09-08 07:53:06.848251
787	264	808	67	ralpr_y	6	\N	f	0	0	t	(datepart(year,[ralprDate]))	excellent	pending	Вычисляемая колонка: (datepart(year,[ralprDate]))	2025-09-08 07:19:34.088959	2025-09-08 07:53:06.848251
788	264	809	67	ralpr_m	7	\N	f	0	0	t	(datepart(month,[ralprDate]))	excellent	pending	Вычисляемая колонка: (datepart(month,[ralprDate]))	2025-09-08 07:19:34.088959	2025-09-08 07:53:06.848251
789	265	810	66	ralpra_key	1	\N	t	1	1	f		excellent	pending	Identity колонка с seed=1, increment=1	2025-09-08 07:19:34.088959	2025-09-08 07:53:06.848251
790	265	811	66	ralpra_ra	2	\N	f	0	0	f		excellent	pending	Стандартная колонка	2025-09-08 07:19:34.088959	2025-09-08 07:53:06.848251
791	265	812	3	ralpra_cost_and_vat	3	\N	f	0	0	f		excellent	pending	Стандартная колонка	2025-09-08 07:19:34.088959	2025-09-08 07:53:06.848251
792	265	814	52	ralpra_arrived	4	\N	f	0	0	f		excellent	pending	Стандартная колонка	2025-09-08 07:19:34.088959	2025-09-08 07:53:06.848251
793	265	815	70	ralpra_arrived_date	5	\N	f	0	0	f		excellent	pending	Стандартная колонка	2025-09-08 07:19:34.088959	2025-09-08 07:53:06.848251
794	265	816	52	ralpra_returned	6	\N	f	0	0	f		excellent	pending	Стандартная колонка	2025-09-08 07:19:34.088959	2025-09-08 07:53:06.848251
795	265	817	70	ralpra_returned_date	7	\N	f	0	0	f		excellent	pending	Стандартная колонка	2025-09-08 07:19:34.088959	2025-09-08 07:53:06.848251
796	265	818	52	ralpra_sent	8	\N	f	0	0	f		excellent	pending	Стандартная колонка	2025-09-08 07:19:34.088959	2025-09-08 07:53:06.848251
797	265	819	70	ralpra_sent_date	9	\N	f	0	0	f		excellent	pending	Стандартная колонка	2025-09-08 07:19:34.088959	2025-09-08 07:53:06.848251
798	265	820	41	ralpra_note	10	\N	f	0	0	f		excellent	pending	Стандартная колонка	2025-09-08 07:19:34.088959	2025-09-08 07:53:06.848251
799	265	821	63	ralpra_status	11	((0))	f	0	0	f		excellent	pending	Стандартная колонка	2025-09-08 07:19:34.088959	2025-09-08 07:53:06.848251
800	265	822	70	ralpra_test_start_date	12	\N	f	0	0	f		excellent	pending	Стандартная колонка	2025-09-08 07:19:34.088959	2025-09-08 07:53:06.848251
805	327	773	70	rap_date_period	5	\N	f	0	0	t	([ags].[fnRaPeriodDate]([key]))	excellent	pending	Вычисляемая колонка: ([ags].[fnRaPeriodDate]([key]))	2025-09-08 07:19:34.088959	2025-09-08 07:53:06.848251
813	261	781	66	rsc_key	1	\N	t	1	1	f		excellent	pending	Identity колонка с seed=1, increment=1	2025-09-08 07:19:34.088959	2025-09-08 07:53:06.848251
814	261	782	66	rsc_ra_summ	2	\N	f	0	0	f		excellent	pending	Стандартная колонка	2025-09-08 07:19:34.088959	2025-09-08 07:53:06.848251
815	261	783	66	rsc_st_cost	3	\N	f	0	0	f		excellent	pending	Стандартная колонка	2025-09-08 07:19:34.088959	2025-09-08 07:53:06.848251
816	261	784	2	rsc_summ	4	\N	f	0	0	f		excellent	pending	Стандартная колонка	2025-09-08 07:19:34.088959	2025-09-08 07:53:06.848251
817	262	785	47	type_gr	1	\N	f	0	0	f		excellent	pending	Стандартная колонка	2025-09-08 07:19:34.088959	2025-09-08 07:53:06.848251
818	266	823	66	rtb_num	1	\N	f	0	0	f		excellent	pending	Стандартная колонка	2025-09-08 07:19:34.088959	2025-09-08 07:53:06.848251
819	266	824	21	rtb_type	2	\N	f	0	0	f		excellent	pending	Стандартная колонка	2025-09-08 07:19:34.088959	2025-09-08 07:53:06.848251
820	267	825	66	rtini_ind	1	\N	f	0	0	f		excellent	pending	Стандартная колонка	2025-09-08 07:19:34.088959	2025-09-08 07:53:06.848251
821	267	826	25	rtini_tax_office	2	\N	f	0	0	f		excellent	pending	Стандартная колонка	2025-09-08 07:19:34.088959	2025-09-08 07:53:06.848251
822	267	827	30	rtini_num	3	\N	f	0	0	f		excellent	pending	Стандартная колонка	2025-09-08 07:19:34.088959	2025-09-08 07:53:06.848251
826	268	831	29	rtinjp_num	3	\N	f	0	0	f		excellent	pending	Стандартная колонка	2025-09-08 07:19:34.088959	2025-09-08 07:53:06.848251
827	268	832	33	rtinjp_code	4	\N	f	0	0	t	(CONVERT([char](10),concat([rtinjpTaxOffice],[rtinjpNum]),(0)))	excellent	pending	Вычисляемая колонка: (CONVERT([char](10),concat([rtinjpTaxOffice],[rtinjpNum]),(0)))	2025-09-08 07:19:34.088959	2025-09-08 07:53:06.848251
828	268	833	67	rtinjp_buirg	5	\N	f	0	0	f		excellent	pending	Стандартная колонка	2025-09-08 07:19:34.088959	2025-09-08 07:53:06.848251
829	268	834	21	rtinjp_buirg_type	6	('jp')	f	0	0	f		excellent	pending	Стандартная колонка	2025-09-08 07:19:34.088959	2025-09-08 07:53:06.848251
830	269	835	66	rti_key	1	\N	t	1	1	f		excellent	pending	Identity колонка с seed=1, increment=1	2025-09-08 07:19:34.088959	2025-09-08 07:53:06.848251
831	269	836	51	rti_nm_sur	2	\N	f	0	0	f		excellent	pending	Стандартная колонка	2025-09-08 07:19:34.088959	2025-09-08 07:53:06.848251
832	269	837	51	rti_nm	3	\N	f	0	0	f		excellent	pending	Стандартная колонка	2025-09-08 07:19:34.088959	2025-09-08 07:53:06.848251
833	269	838	52	rti_nm_ptr	4	\N	f	0	0	f		excellent	pending	Стандартная колонка	2025-09-08 07:19:34.088959	2025-09-08 07:53:06.848251
834	270	839	23	rtlefm_code	1	\N	f	0	0	f		excellent	pending	Стандартная колонка	2025-09-08 07:19:34.088959	2025-09-08 07:53:06.848251
835	270	840	51	rtlefm_name	2	\N	f	0	0	f		excellent	pending	Стандартная колонка	2025-09-08 07:19:34.088959	2025-09-08 07:53:06.848251
836	270	841	52	rtlefm_ch	3	\N	f	0	0	t	(left(([rtlefmCode]+' - ')+[rtlefmName],(255)))	excellent	pending	Вычисляемая колонка: (left(([rtlefmCode]+' - ')+[rtlefmName],(255)))	2025-09-08 07:19:34.088959	2025-09-08 07:53:06.848251
837	271	842	27	rtletm_code	1	\N	f	0	0	f		excellent	pending	Стандартная колонка	2025-09-08 07:19:34.088959	2025-09-08 07:53:06.848251
839	271	844	52	rtletm_ch	3	\N	f	0	0	t	(left(([rtletmCode]+' - ')+[rtletmName],(255)))	excellent	pending	Вычисляемая колонка: (left(([rtletmCode]+' - ')+[rtletmName],(255)))	2025-09-08 07:19:34.088959	2025-09-08 07:53:06.848251
840	272	845	23	rtmsrn_sign_yy	1	\N	f	0	0	f		excellent	pending	Стандартная колонка	2025-09-08 07:19:34.088959	2025-09-08 07:53:06.848251
841	272	846	21	rtmsrn_tax_region	2	\N	f	0	0	f		excellent	pending	Стандартная колонка	2025-09-08 07:19:34.088959	2025-09-08 07:53:06.848251
842	272	847	30	rtmsrn_rec_num	3	\N	f	0	0	f		excellent	pending	Стандартная колонка	2025-09-08 07:19:34.088959	2025-09-08 07:53:06.848251
843	272	849	37	rtmsrn_code	4	\N	f	0	0	t	(CONVERT([char](13),concat([rtmsrnSignYY],[rtmsrnTaxRegion],[rtmsrnRecNum]),(0)))	excellent	pending	Вычисляемая колонка: (CONVERT([char](13),concat([rtmsrnSignYY],[rtmsrnTaxRegion],[rtmsrnRecNum]),(0)))	2025-09-08 07:19:34.088959	2025-09-08 07:53:06.848251
844	272	850	60	rtmsrn_note	5	\N	f	0	0	f		excellent	pending	Стандартная колонка	2025-09-08 07:19:34.088959	2025-09-08 07:53:06.848251
845	272	851	23	rtmsrn_frm_mtd	6	\N	f	0	0	f		excellent	pending	Стандартная колонка	2025-09-08 07:19:34.088959	2025-09-08 07:53:06.848251
846	272	852	69	rtmsrn_frm_date	7	\N	f	0	0	f		excellent	pending	Стандартная колонка	2025-09-08 07:19:34.088959	2025-09-08 07:53:06.848251
847	272	853	28	rtmsrn_trm_mtd	8	\N	f	0	0	f		excellent	pending	Стандартная колонка	2025-09-08 07:19:34.088959	2025-09-08 07:53:06.848251
848	272	854	70	rtmsrn_trm_date	9	\N	f	0	0	f		excellent	pending	Стандартная колонка	2025-09-08 07:19:34.088959	2025-09-08 07:53:06.848251
849	272	855	52	rtmsrn_ch	10	\N	f	0	0	t	(left((CONVERT([char](13),concat([rtmsrnSignYY],[rtmsrnTaxRegion],[rtmsrnRecNum]),(0))+' - ')+[rtmsrnNote],(255)))	excellent	pending	Вычисляемая колонка: (left((CONVERT([char](13),concat([rtmsrnSignYY],[rtmsrnTaxRegion],[rtmsrnRecNum]),(0))+' - ')+[rtmsrnNote],(255)))	2025-09-08 07:19:34.088959	2025-09-08 07:53:06.848251
850	272	856	70	rtmsrn_date_assign	11	\N	f	0	0	f		excellent	pending	Стандартная колонка	2025-09-08 07:19:34.088959	2025-09-08 07:53:06.848251
851	272	858	67	rtmsrn_og	12	\N	f	0	0	f		excellent	pending	Стандартная колонка	2025-09-08 07:19:34.088959	2025-09-08 07:53:06.848251
852	272	859	21	rtmsrn_tax_type	13	('og')	f	0	0	f		excellent	pending	Стандартная колонка	2025-09-08 07:19:34.088959	2025-09-08 07:53:06.848251
853	273	860	66	rtmsrni_key	1	\N	t	1	1	f		excellent	pending	Identity колонка с seed=1, increment=1	2025-09-08 07:19:34.088959	2025-09-08 07:53:06.848251
854	273	861	34	rtmsrni_tax_id_num	2	\N	f	0	0	f		excellent	pending	Стандартная колонка	2025-09-08 07:19:34.088959	2025-09-08 07:53:06.848251
855	273	862	24	rtmsrni_sign_yy	3	\N	f	0	0	f		excellent	pending	Стандартная колонка	2025-09-08 07:19:34.088959	2025-09-08 07:53:06.848251
856	273	863	22	rtmsrni_region	4	\N	f	0	0	f		excellent	pending	Стандартная колонка	2025-09-08 07:19:34.088959	2025-09-08 07:53:06.848251
857	273	864	33	rtmsrni_num	5	\N	f	0	0	f		excellent	pending	Стандартная колонка	2025-09-08 07:19:34.088959	2025-09-08 07:53:06.848251
858	273	865	23	rtmsrni_type	6	('ипр')	f	0	0	f		excellent	pending	Стандартная колонка	2025-09-08 07:19:34.088959	2025-09-08 07:53:06.848251
859	273	866	70	rtmsrni_date_reg	7	\N	f	0	0	f		excellent	pending	Стандартная колонка	2025-09-08 07:19:34.088959	2025-09-08 07:53:06.848251
860	273	867	70	rtmsrni_date_msrni	8	\N	f	0	0	f		excellent	pending	Стандартная колонка	2025-09-08 07:19:34.088959	2025-09-08 07:53:06.848251
861	273	868	70	rtmsrni_date_trm	9	\N	f	0	0	f		excellent	pending	Стандартная колонка	2025-09-08 07:19:34.088959	2025-09-08 07:53:06.848251
862	273	869	38	rtmsrni_code	10	\N	f	0	0	t	(CONVERT([char](15),concat([rtmsrniSignYY],[rtmsrniRegion],[rtmsrniNum]),(0)))	excellent	pending	Вычисляемая колонка: (CONVERT([char](15),concat([rtmsrniSignYY],[rtmsrniRegion],[rtmsrniNum]),(0)))	2025-09-08 07:19:34.088959	2025-09-08 07:53:06.848251
863	273	870	67	rtmsrni_buirg	11	\N	f	0	0	f		excellent	pending	Стандартная колонка	2025-09-08 07:19:34.088959	2025-09-08 07:53:06.848251
864	273	871	21	rtmsrni_buirg_type	12	('ie')	f	0	0	f		excellent	pending	Стандартная колонка	2025-09-08 07:19:34.088959	2025-09-08 07:53:06.848251
865	273	872	67	rtmsrni_og	13	\N	f	0	0	f		excellent	pending	Стандартная колонка	2025-09-08 07:19:34.088959	2025-09-08 07:53:06.848251
866	273	873	22	rtmsrni_tax_type	14	('ie')	f	0	0	f		excellent	pending	Стандартная колонка	2025-09-08 07:19:34.088959	2025-09-08 07:53:06.848251
867	274	874	36	rtn_msrn	1	\N	f	0	0	f		excellent	pending	Стандартная колонка	2025-09-08 07:19:34.088959	2025-09-08 07:53:06.848251
868	274	875	69	rtn_date	2	\N	f	0	0	f		excellent	pending	Стандартная колонка	2025-09-08 07:19:34.088959	2025-09-08 07:53:06.848251
869	274	876	59	rtn_name	3	\N	f	0	0	f		excellent	pending	Стандартная колонка	2025-09-08 07:19:34.088959	2025-09-08 07:53:06.848251
870	275	877	36	rtns_msrn	1	\N	f	0	0	f		excellent	pending	Стандартная колонка	2025-09-08 07:19:34.088959	2025-09-08 07:53:06.848251
871	275	878	69	rtns_date	2	\N	f	0	0	f		excellent	pending	Стандартная колонка	2025-09-08 07:19:34.088959	2025-09-08 07:53:06.848251
872	275	879	70	rtns_date_end	3	\N	f	0	0	f		excellent	pending	Стандартная колонка	2025-09-08 07:19:34.088959	2025-09-08 07:53:06.848251
873	275	880	51	rtns_name	4	\N	f	0	0	f		excellent	pending	Стандартная колонка	2025-09-08 07:19:34.088959	2025-09-08 07:53:06.848251
874	276	881	21	rto_region	1	\N	f	0	0	f		excellent	pending	Стандартная колонка	2025-09-08 07:19:34.088959	2025-09-08 07:53:06.848251
875	276	882	21	rto_num	2	\N	f	0	0	f		excellent	pending	Стандартная колонка	2025-09-08 07:19:34.088959	2025-09-08 07:53:06.848251
876	276	883	51	rto_name	3	\N	f	0	0	f		excellent	pending	Стандартная колонка	2025-09-08 07:19:34.088959	2025-09-08 07:53:06.848251
877	276	884	26	rto_code	4	\N	f	0	0	t	(CONVERT([char](4),concat([rtoRegion],[rtoNum]),(0)))	excellent	pending	Вычисляемая колонка: (CONVERT([char](4),concat([rtoRegion],[rtoNum]),(0)))	2025-09-08 07:19:34.088959	2025-09-08 07:53:06.848251
878	277	885	21	rte_code	1	\N	f	0	0	f		excellent	pending	Стандартная колонка	2025-09-08 07:19:34.088959	2025-09-08 07:53:06.848251
879	277	886	56	rte_name_full	2	\N	f	0	0	f		excellent	pending	Стандартная колонка	2025-09-08 07:19:34.088959	2025-09-08 07:53:06.848251
880	277	887	52	rte_name	3	\N	f	0	0	f		excellent	pending	Стандартная колонка	2025-09-08 07:19:34.088959	2025-09-08 07:53:06.848251
881	277	888	52	rte_note	4	\N	f	0	0	f		excellent	pending	Стандартная колонка	2025-09-08 07:19:34.088959	2025-09-08 07:53:06.848251
882	278	889	25	rtsc_tax_office	1	\N	f	0	0	f		excellent	pending	Стандартная колонка	2025-09-08 07:19:34.088959	2025-09-08 07:53:06.848251
883	278	890	21	rtsc_reason	2	\N	f	0	0	f		excellent	pending	Стандартная колонка	2025-09-08 07:19:34.088959	2025-09-08 07:53:06.848251
884	278	891	23	rtsc_num	3	\N	f	0	0	f		excellent	pending	Стандартная колонка	2025-09-08 07:19:34.088959	2025-09-08 07:53:06.848251
885	278	848	32	rtsc_tax_id_num	4	\N	f	0	0	f		excellent	pending	Стандартная колонка	2025-09-08 07:19:34.088959	2025-09-08 07:53:06.848251
886	278	892	39	rtsc_tin_rsn_code	5	\N	f	0	0	t	(CONVERT([char](20),concat([rtscTaxIdNum],'/',[rtscTaxOffice],[rtscReason],[rtscNum]),(0)))	excellent	pending	Вычисляемая колонка: (CONVERT([char](20),concat([rtscTaxIdNum],'/',[rtscTaxOffice],[rtscReason],[rtscNum]),(0)))	2025-09-08 07:19:34.088959	2025-09-08 07:53:06.848251
887	278	893	31	rtsc_code	6	\N	f	0	0	t	(CONVERT([char](9),concat([rtscTaxOffice],[rtscReason],[rtscNum]),(0)))	excellent	pending	Вычисляемая колонка: (CONVERT([char](9),concat([rtscTaxOffice],[rtscReason],[rtscNum]),(0)))	2025-09-08 07:19:34.088959	2025-09-08 07:53:06.848251
888	278	894	70	rtsc_date	7	\N	f	0	0	f		excellent	pending	Стандартная колонка	2025-09-08 07:19:34.088959	2025-09-08 07:53:06.848251
889	279	895	21	rtr_code	1	\N	f	0	0	f		excellent	pending	Стандартная колонка	2025-09-08 07:19:34.088959	2025-09-08 07:53:06.848251
890	279	896	51	rtr_name	2	\N	f	0	0	f		excellent	pending	Стандартная колонка	2025-09-08 07:19:34.088959	2025-09-08 07:53:06.848251
891	280	897	36	r_acquired	1	\N	f	0	0	f		excellent	pending	Стандартная колонка	2025-09-08 07:19:34.088959	2025-09-08 07:53:06.848251
892	280	898	27	r_acquired_trm	2	('2.5.0')	f	0	0	f		excellent	pending	Стандартная колонка	2025-09-08 07:19:34.088959	2025-09-08 07:53:06.848251
893	280	899	36	r_acquiring	3	\N	f	0	0	f		excellent	pending	Стандартная колонка	2025-09-08 07:19:34.088959	2025-09-08 07:53:06.848251
894	281	900	36	rtrd_divisible_msrn	1	\N	f	0	0	f		excellent	pending	Стандартная колонка	2025-09-08 07:19:34.088959	2025-09-08 07:53:06.848251
895	281	756	27	rtrd_divisible_trm_mtd	2	('2.3.0')	f	0	0	f		excellent	pending	Стандартная колонка	2025-09-08 07:19:34.088959	2025-09-08 07:53:06.848251
896	281	813	36	rtrd_divided_msrn	3	\N	f	0	0	f		excellent	pending	Стандартная колонка	2025-09-08 07:19:34.088959	2025-09-08 07:53:06.848251
897	281	857	23	rtrd_divided_frm_mtd	4	('2.3')	f	0	0	f		excellent	pending	Стандартная колонка	2025-09-08 07:19:34.088959	2025-09-08 07:53:06.848251
898	282	902	36	r_divisible	1	\N	f	0	0	f		excellent	pending	Стандартная колонка	2025-09-08 07:19:34.088959	2025-09-08 07:53:06.848251
899	282	903	27	r_divisible_trm	2	('2.6.1')	f	0	0	f		excellent	pending	Стандартная колонка	2025-09-08 07:19:34.088959	2025-09-08 07:53:06.848251
900	282	904	36	r_divided_acqu	3	\N	f	0	0	f		excellent	pending	Стандартная колонка	2025-09-08 07:19:34.088959	2025-09-08 07:53:06.848251
901	282	905	23	r_divided_acqu_frm	4	('2.6')	f	0	0	f		excellent	pending	Стандартная колонка	2025-09-08 07:19:34.088959	2025-09-08 07:53:06.848251
902	282	906	27	r_divided_acqu_trm	5	('2.6.2')	f	0	0	f		excellent	pending	Стандартная колонка	2025-09-08 07:19:34.088959	2025-09-08 07:53:06.848251
903	282	907	36	r_acquiring	6	\N	f	0	0	f		excellent	pending	Стандартная колонка	2025-09-08 07:19:34.088959	2025-09-08 07:53:06.848251
904	283	908	36	r_divisible	1	\N	f	0	0	f		excellent	pending	Стандартная колонка	2025-09-08 07:19:34.088959	2025-09-08 07:53:06.848251
905	283	909	27	r_divisible_trm	2	('2.8.1')	f	0	0	f		excellent	pending	Стандартная колонка	2025-09-08 07:19:34.088959	2025-09-08 07:53:06.848251
906	283	910	36	r_divided_merg	3	\N	f	0	0	f		excellent	pending	Стандартная колонка	2025-09-08 07:19:34.088959	2025-09-08 07:53:06.848251
907	283	911	23	r_divided_merg_frm	4	('2.8')	f	0	0	f		excellent	pending	Стандартная колонка	2025-09-08 07:19:34.088959	2025-09-08 07:53:06.848251
908	283	912	27	r_divided_merg_trm	5	('2.8.2')	f	0	0	f		excellent	pending	Стандартная колонка	2025-09-08 07:19:34.088959	2025-09-08 07:53:06.848251
909	283	913	36	r_merged	6	\N	f	0	0	f		excellent	pending	Стандартная колонка	2025-09-08 07:19:34.088959	2025-09-08 07:53:06.848251
910	283	914	23	r_merged_frm	7	('2.2')	f	0	0	f		excellent	pending	Стандартная колонка	2025-09-08 07:19:34.088959	2025-09-08 07:53:06.848251
911	284	915	36	r_mergerable	1	\N	f	0	0	f		excellent	pending	Стандартная колонка	2025-09-08 07:19:34.088959	2025-09-08 07:53:06.848251
912	284	916	27	r_mergerable_trm	2	('2.2.0')	f	0	0	f		excellent	pending	Стандартная колонка	2025-09-08 07:19:34.088959	2025-09-08 07:53:06.848251
913	284	917	36	r_merged	3	\N	f	0	0	f		excellent	pending	Стандартная колонка	2025-09-08 07:19:34.088959	2025-09-08 07:53:06.848251
914	285	918	36	r_separable_msrn	1	\N	f	0	0	f		excellent	pending	Стандартная колонка	2025-09-08 07:19:34.088959	2025-09-08 07:53:06.848251
915	285	919	36	r_separated_msrn	2	\N	f	0	0	f		excellent	pending	Стандартная колонка	2025-09-08 07:19:34.088959	2025-09-08 07:53:06.848251
916	285	920	23	r_separated_frm_mtd	3	('2.4')	f	0	0	f		excellent	pending	Стандартная колонка	2025-09-08 07:19:34.088959	2025-09-08 07:53:06.848251
917	286	921	36	r_separable	1	\N	f	0	0	f		excellent	pending	Стандартная колонка	2025-09-08 07:19:34.088959	2025-09-08 07:53:06.848251
918	286	922	36	r_separated_acqu	2	\N	f	0	0	f		excellent	pending	Стандартная колонка	2025-09-08 07:19:34.088959	2025-09-08 07:53:06.848251
919	286	923	23	r_separated_acqu_frm	3	('2.7')	f	0	0	f		excellent	pending	Стандартная колонка	2025-09-08 07:19:34.088959	2025-09-08 07:53:06.848251
920	286	924	27	r_separated_acqu_trm	4	('2.7.0')	f	0	0	f		excellent	pending	Стандартная колонка	2025-09-08 07:19:34.088959	2025-09-08 07:53:06.848251
921	286	925	36	r_acquiring	5	\N	f	0	0	f		excellent	pending	Стандартная колонка	2025-09-08 07:19:34.088959	2025-09-08 07:53:06.848251
922	287	926	36	r_separable	1	\N	f	0	0	f		excellent	pending	Стандартная колонка	2025-09-08 07:19:34.088959	2025-09-08 07:53:06.848251
923	287	927	36	r_separated_merg	2	\N	f	0	0	f		excellent	pending	Стандартная колонка	2025-09-08 07:19:34.088959	2025-09-08 07:53:06.848251
924	287	928	23	r_separated_merg_frm	3	('2.9')	f	0	0	f		excellent	pending	Стандартная колонка	2025-09-08 07:19:34.088959	2025-09-08 07:53:06.848251
925	287	929	27	r_separated_merg_trm	4	('2.9.0')	f	0	0	f		excellent	pending	Стандартная колонка	2025-09-08 07:19:34.088959	2025-09-08 07:53:06.848251
926	287	930	36	r_merged	5	\N	f	0	0	f		excellent	pending	Стандартная колонка	2025-09-08 07:19:34.088959	2025-09-08 07:53:06.848251
927	287	931	23	r_merged_frm	6	('2.2')	f	0	0	f		excellent	pending	Стандартная колонка	2025-09-08 07:19:34.088959	2025-09-08 07:53:06.848251
928	288	932	36	rtrt_transformable_msrn	1	\N	f	0	0	f		excellent	pending	Стандартная колонка	2025-09-08 07:19:34.088959	2025-09-08 07:53:06.848251
929	288	933	27	rtrt_transformable_trm_mtd	2	('2.1.0')	f	0	0	f		excellent	pending	Стандартная колонка	2025-09-08 07:19:34.088959	2025-09-08 07:53:06.848251
930	288	934	36	rtrt_transformed_msrn	3	\N	f	0	0	f		excellent	pending	Стандартная колонка	2025-09-08 07:19:34.088959	2025-09-08 07:53:06.848251
931	288	935	23	rtrt_transformed_frm_mtd	4	((2.1))	f	0	0	f		excellent	pending	Стандартная колонка	2025-09-08 07:19:34.088959	2025-09-08 07:53:06.848251
932	289	936	66	rsd_key	1	\N	t	1	1	f		excellent	pending	Identity колонка с seed=1, increment=1	2025-09-08 07:19:34.088959	2025-09-08 07:53:06.848251
933	289	937	36	rsd_msrn	2	\N	f	0	0	f		excellent	pending	Стандартная колонка	2025-09-08 07:19:34.088959	2025-09-08 07:53:06.848251
934	289	938	52	rsd_note	3	\N	f	0	0	f		excellent	pending	Стандартная колонка	2025-09-08 07:19:34.088959	2025-09-08 07:53:06.848251
935	289	939	70	rsd_date	4	\N	f	0	0	f		excellent	pending	Стандартная колонка	2025-09-08 07:19:34.088959	2025-09-08 07:53:06.848251
936	289	940	25	rsd_type	5	('филл')	f	0	0	f		excellent	pending	Стандартная колонка	2025-09-08 07:19:34.088959	2025-09-08 07:53:06.848251
937	289	941	67	rsd_og	6	\N	f	0	0	f		excellent	pending	Стандартная колонка	2025-09-08 07:19:34.088959	2025-09-08 07:53:06.848251
938	289	942	21	rsd_tax_type	7	('sd')	f	0	0	f		excellent	pending	Стандартная колонка	2025-09-08 07:19:34.088959	2025-09-08 07:53:06.848251
939	290	943	66	r_key	1	\N	t	1	1	f		excellent	pending	Identity колонка с seed=1, increment=1	2025-09-08 07:19:34.088959	2025-09-08 07:53:06.848251
940	290	944	66	r_sub_div	2	\N	f	0	0	f		excellent	pending	Стандартная колонка	2025-09-08 07:19:34.088959	2025-09-08 07:53:06.848251
941	290	945	66	r_buirg	3	\N	f	0	0	f		excellent	pending	Стандартная колонка	2025-09-08 07:19:34.088959	2025-09-08 07:53:06.848251
942	290	946	21	r_tax_type	4	('sd')	f	0	0	f		excellent	pending	Стандартная колонка	2025-09-08 07:19:34.088959	2025-09-08 07:53:06.848251
943	291	947	66	rsdn_key	1	\N	t	1	1	f		excellent	pending	Identity колонка с seed=1, increment=1	2025-09-08 07:19:34.088959	2025-09-08 07:53:06.848251
944	291	948	66	rsdn_sub_div	2	\N	f	0	0	f		excellent	pending	Стандартная колонка	2025-09-08 07:19:34.088959	2025-09-08 07:53:06.848251
945	291	949	51	rsdn_name	3	\N	f	0	0	f		excellent	pending	Стандартная колонка	2025-09-08 07:19:34.088959	2025-09-08 07:53:06.848251
946	291	950	70	rsdn_date	4	\N	f	0	0	f		excellent	pending	Стандартная колонка	2025-09-08 07:19:34.088959	2025-09-08 07:53:06.848251
947	292	951	66	rsdr_sub_div	1	\N	f	0	0	f		excellent	pending	Стандартная колонка	2025-09-08 07:19:34.088959	2025-09-08 07:53:06.848251
948	292	952	25	rsdr_tax_office	2	\N	f	0	0	f		excellent	pending	Стандартная колонка	2025-09-08 07:19:34.088959	2025-09-08 07:53:06.848251
949	292	953	21	rsdr_reason	3	\N	f	0	0	f		excellent	pending	Стандартная колонка	2025-09-08 07:19:34.088959	2025-09-08 07:53:06.848251
950	292	954	23	rsdr_num	4	\N	f	0	0	f		excellent	pending	Стандартная колонка	2025-09-08 07:19:34.088959	2025-09-08 07:53:06.848251
951	292	955	31	rsdr_code	5	\N	f	0	0	t	(CONVERT([char](9),concat([rsdrTaxOffice],[rsdrReason],[rsdrNum]),(0)))	excellent	pending	Вычисляемая колонка: (CONVERT([char](9),concat([rsdrTaxOffice],[rsdrReason],[rsdrNum]),(0)))	2025-09-08 07:19:34.088959	2025-09-08 07:53:06.848251
952	292	956	70	rsdr_date	6	\N	f	0	0	f		excellent	pending	Стандартная колонка	2025-09-08 07:19:34.088959	2025-09-08 07:53:06.848251
953	329	901	66	st_key	1	\N	t	1	1	f		excellent	pending	Identity колонка с seed=1, increment=1	2025-09-08 07:19:34.088959	2025-09-08 07:53:06.848251
954	329	957	66	st_type	2	\N	f	0	0	f		excellent	pending	Стандартная колонка	2025-09-08 07:19:34.088959	2025-09-08 07:53:06.848251
955	329	958	49	st_note	3	\N	f	0	0	f		excellent	pending	Стандартная колонка	2025-09-08 07:19:34.088959	2025-09-08 07:53:06.848251
956	329	959	4	st_time_of_entry	4	(getdate())	f	0	0	f		excellent	pending	Стандартная колонка	2025-09-08 07:19:34.088959	2025-09-08 07:53:06.848251
957	293	960	66	stc_key	1	\N	f	0	0	f		excellent	pending	Стандартная колонка	2025-09-08 07:19:34.088959	2025-09-08 07:53:06.848251
958	293	961	66	stc_type	2	\N	f	0	0	t	((2))	excellent	pending	Вычисляемая колонка: ((2))	2025-09-08 07:19:34.088959	2025-09-08 07:53:06.848251
959	293	962	49	stc_note	3	\N	f	0	0	f		excellent	pending	Стандартная колонка	2025-09-08 07:19:34.088959	2025-09-08 07:53:06.848251
960	293	963	4	stc_time_of_entry	4	(getdate())	f	0	0	f		excellent	pending	Стандартная колонка	2025-09-08 07:19:34.088959	2025-09-08 07:53:06.848251
961	294	964	66	stcn_key	1	\N	t	1	1	f		excellent	pending	Identity колонка с seed=1, increment=1	2025-09-08 07:19:34.088959	2025-09-08 07:53:06.848251
962	294	965	66	stcn_cost	2	\N	f	0	0	f		excellent	pending	Стандартная колонка	2025-09-08 07:19:34.088959	2025-09-08 07:53:06.848251
963	294	966	52	stcn_nm	3	\N	f	0	0	f		excellent	pending	Стандартная колонка	2025-09-08 07:19:34.088959	2025-09-08 07:53:06.848251
964	294	967	56	stcn_note	4	\N	f	0	0	f		excellent	pending	Стандартная колонка	2025-09-08 07:19:34.088959	2025-09-08 07:53:06.848251
965	294	968	4	stcn_time_of_entry	5	(getdate())	f	0	0	f		excellent	pending	Стандартная колонка	2025-09-08 07:19:34.088959	2025-09-08 07:53:06.848251
966	295	969	66	stil_key	1	\N	f	0	0	f		excellent	pending	Стандартная колонка	2025-09-08 07:19:34.088959	2025-09-08 07:53:06.848251
967	295	970	46	stil_name	2	\N	f	0	0	f		excellent	pending	Стандартная колонка	2025-09-08 07:19:34.088959	2025-09-08 07:53:06.848251
968	296	971	66	sti_key	1	\N	f	0	0	f		excellent	pending	Стандартная колонка	2025-09-08 07:19:34.088959	2025-09-08 07:53:06.848251
969	296	972	66	sti_type	2	\N	f	0	0	t	((1))	excellent	pending	Вычисляемая колонка: ((1))	2025-09-08 07:19:34.088959	2025-09-08 07:53:06.848251
970	296	973	67	sti_lim	3	\N	f	0	0	f		excellent	pending	Стандартная колонка	2025-09-08 07:19:34.088959	2025-09-08 07:53:06.848251
971	296	974	49	sti_note	4	\N	f	0	0	f		excellent	pending	Стандартная колонка	2025-09-08 07:19:34.088959	2025-09-08 07:53:06.848251
972	296	975	4	sti_time_of_entry	5	(getdate())	f	0	0	f		excellent	pending	Стандартная колонка	2025-09-08 07:19:34.088959	2025-09-08 07:53:06.848251
973	297	976	66	stin_key	1	\N	t	1	1	f		excellent	pending	Identity колонка с seed=1, increment=1	2025-09-08 07:19:34.088959	2025-09-08 07:53:06.848251
974	297	977	66	stin_ipg	2	\N	f	0	0	f		excellent	pending	Стандартная колонка	2025-09-08 07:19:34.088959	2025-09-08 07:53:06.848251
975	297	978	52	stin_nm	3	\N	f	0	0	f		excellent	pending	Стандартная колонка	2025-09-08 07:19:34.088959	2025-09-08 07:53:06.848251
976	297	979	56	stin_note	4	\N	f	0	0	f		excellent	pending	Стандартная колонка	2025-09-08 07:19:34.088959	2025-09-08 07:53:06.848251
977	297	980	4	stin_time_of_entry	5	(getdate())	f	0	0	f		excellent	pending	Стандартная колонка	2025-09-08 07:19:34.088959	2025-09-08 07:53:06.848251
978	298	981	66	stn_key	1	\N	t	1	1	f		excellent	pending	Identity колонка с seed=1, increment=1	2025-09-08 07:19:34.088959	2025-09-08 07:53:06.848251
979	298	982	66	stn_type	2	\N	f	0	0	f		excellent	pending	Стандартная колонка	2025-09-08 07:19:34.088959	2025-09-08 07:53:06.848251
980	298	983	51	stn_name	3	\N	f	0	0	f		excellent	pending	Стандартная колонка	2025-09-08 07:19:34.088959	2025-09-08 07:53:06.848251
981	298	984	66	stn_root	4	\N	f	0	0	f		excellent	pending	Стандартная колонка	2025-09-08 07:19:34.088959	2025-09-08 07:53:06.848251
982	299	985	66	stnp_key	1	\N	t	1	1	f		excellent	pending	Identity колонка с seed=1, increment=1	2025-09-08 07:19:34.088959	2025-09-08 07:53:06.848251
983	299	986	66	stnp_st_rel	2	\N	f	0	0	f		excellent	pending	Стандартная колонка	2025-09-08 07:19:34.088959	2025-09-08 07:53:06.848251
984	299	987	66	stpn_st_net	3	\N	f	0	0	f		excellent	pending	Стандартная колонка	2025-09-08 07:19:34.088959	2025-09-08 07:53:06.848251
985	299	988	66	stpn_num	4	\N	f	0	0	f		excellent	pending	Стандартная колонка	2025-09-08 07:19:34.088959	2025-09-08 07:53:06.848251
986	300	989	66	str_key	1	\N	t	1	1	f		excellent	pending	Identity колонка с seed=1, increment=1	2025-09-08 07:19:34.088959	2025-09-08 07:53:06.848251
987	300	990	66	str_parent	2	\N	f	0	0	f		excellent	pending	Стандартная колонка	2025-09-08 07:19:34.088959	2025-09-08 07:53:06.848251
988	300	991	66	str_child	3	\N	f	0	0	f		excellent	pending	Стандартная колонка	2025-09-08 07:19:34.088959	2025-09-08 07:53:06.848251
989	301	992	66	stt_key	1	\N	f	0	0	f		excellent	pending	Стандартная колонка	2025-09-08 07:19:34.088959	2025-09-08 07:53:06.848251
990	301	993	46	stt_name	2	\N	f	0	0	f		excellent	pending	Стандартная колонка	2025-09-08 07:19:34.088959	2025-09-08 07:53:06.848251
995	330	998	67	yr_cmm_gr	5	\N	f	0	0	f		excellent	pending	Стандартная колонка	2025-09-08 07:19:34.088959	2025-09-08 07:53:06.848251
996	330	999	41	yr_progress	6	\N	f	0	0	f		excellent	pending	Стандартная колонка	2025-09-08 07:19:34.088959	2025-09-08 07:53:06.848251
1000	332	1003	66	y_key	1	\N	t	1	1	f		excellent	pending	Identity колонка с seed=1, increment=1	2025-09-08 07:19:34.088959	2025-09-08 07:53:06.848251
\.


--
-- Data for Name: postgres_default_constraints; Type: TABLE DATA; Schema: mcl; Owner: postgres
--

COPY mcl.postgres_default_constraints (id, table_id, column_id, source_default_constraint_id, constraint_name, original_constraint_name, definition, migration_status, migration_date, error_message, created_at, updated_at) FROM stdin;
1	316	351	4	df_inv_i_time_of_entry	DF_inv_iTimeOfEntry	(getdate())	pending	\N	\N	2025-09-10 15:59:23.985475	2025-09-10 15:59:23.985475
2	167	170	1	df_cn_pr_doc_cnpd_timeof_entry	DF_cn_PrDoc_cnpdTimeofEntry	(getdate())	pending	\N	\N	2025-09-10 16:17:07.588457	2025-09-10 16:17:07.588457
3	171	31	2	df_cn_inv_accnt_cia_time_of_entry	DF_cnInvAccnt_ciaTimeOfEntry	(getdate())	pending	\N	\N	2025-09-10 16:17:07.588457	2025-09-10 16:17:07.588457
4	189	235	3	df_cst_ag_csta_investor	DF_cstAg_cstaInvestor	((7))	pending	\N	\N	2025-09-10 16:17:07.588457	2025-09-10 16:17:07.588457
5	214	378	5	df_inv_dbt_id_num	DF_invDbt_idNum	((1))	pending	\N	\N	2025-09-10 16:17:07.588457	2025-09-10 16:17:07.588457
\.


--
-- Data for Name: postgres_derived_types; Type: TABLE DATA; Schema: mcl; Owner: postgres
--

COPY mcl.postgres_derived_types (id, is_nullable, created_at, updated_at, base_type_id, precision_value, scale_value, length_value, max_value, parameter_value, is_max_length, is_variable_length, typmod, typname_with_params, array_dimensions, domain_name, domain_schema, check_constraints, default_constraints, migration_quality, performance_rating, validation_rules, notes, source_derived_type_id, collation_name) FROM stdin;
1	t	2025-09-05 13:03:09.095952	2025-09-05 13:03:09.095952	1	\N	\N	\N	\N	\N	f	f	-1	uuid	0	\N	\N	\N	\N	excellent	high	UUID format validation: xxxxxxxx-xxxx-xxxx-xxxx-xxxxxxxxxxxx	Direct mapping from MS SQL Server uniqueidentifier. Full compatibility with 16-byte storage.	68	\N
2	f	2025-09-05 13:44:03.310699	2025-09-05 13:44:03.310699	2	19	4	\N	\N	\N	\N	\N	\N	numeric	\N	\N	\N	\N	\N	excellent	high	\N	Direct mapping from MS SQL Server money type. Full compatibility with 19,4 precision and scale.	42	\N
3	t	2025-09-05 13:44:03.310699	2025-09-05 13:44:03.310699	2	19	4	\N	\N	\N	\N	\N	\N	numeric	\N	\N	\N	\N	\N	excellent	high	\N	Direct mapping from MS SQL Server money type. Full compatibility with 19,4 precision and scale.	43	\N
4	f	2025-09-05 14:00:41.685335	2025-09-05 14:00:41.685335	3	\N	\N	\N	\N	\N	\N	\N	\N	timestamp	\N	\N	\N	\N	\N	excellent	high	\N	Direct mapping from MS SQL Server datetime type. Full compatibility with date and time storage without time zone.	23	\N
5	t	2025-09-05 14:00:41.685335	2025-09-05 14:00:41.685335	3	\N	\N	\N	\N	\N	\N	\N	\N	timestamp	\N	\N	\N	\N	\N	excellent	high	\N	Direct mapping from MS SQL Server datetime type. Full compatibility with date and time storage without time zone.	24	\N
6	t	2025-09-05 14:14:39.167869	2025-09-05 14:14:39.167869	2	18	0	\N	\N	\N	\N	\N	\N	numeric	\N	\N	\N	\N	\N	excellent	high	\N	Direct mapping from MS SQL Server decimal(18,0). Full compatibility with exact numeric precision.	25	\N
7	f	2025-09-05 14:14:39.167869	2025-09-05 14:14:39.167869	2	23	8	\N	\N	\N	\N	\N	\N	numeric	\N	\N	\N	\N	\N	excellent	high	\N	Direct mapping from MS SQL Server decimal(23,8). Full compatibility with exact numeric precision and scale.	26	\N
8	t	2025-09-05 14:14:39.167869	2025-09-05 14:14:39.167869	2	23	8	\N	\N	\N	\N	\N	\N	numeric	\N	\N	\N	\N	\N	excellent	high	\N	Direct mapping from MS SQL Server decimal(23,8). Full compatibility with exact numeric precision and scale.	27	\N
9	t	2025-09-05 14:14:39.167869	2025-09-05 14:14:39.167869	2	24	8	\N	\N	\N	\N	\N	\N	numeric	\N	\N	\N	\N	\N	excellent	high	\N	Direct mapping from MS SQL Server decimal(24,8). Full compatibility with exact numeric precision and scale.	28	\N
10	t	2025-09-05 14:14:39.167869	2025-09-05 14:14:39.167869	2	25	8	\N	\N	\N	\N	\N	\N	numeric	\N	\N	\N	\N	\N	excellent	high	\N	Direct mapping from MS SQL Server decimal(25,8). Full compatibility with exact numeric precision and scale.	29	\N
11	t	2025-09-05 14:14:39.167869	2025-09-05 14:14:39.167869	2	26	8	\N	\N	\N	\N	\N	\N	numeric	\N	\N	\N	\N	\N	excellent	high	\N	Direct mapping from MS SQL Server decimal(26,8). Full compatibility with exact numeric precision and scale.	30	\N
12	t	2025-09-05 14:14:39.167869	2025-09-05 14:14:39.167869	2	27	8	\N	\N	\N	\N	\N	\N	numeric	\N	\N	\N	\N	\N	excellent	high	\N	Direct mapping from MS SQL Server decimal(27,8). Full compatibility with exact numeric precision and scale.	31	\N
13	t	2025-09-05 14:14:39.167869	2025-09-05 14:14:39.167869	2	28	8	\N	\N	\N	\N	\N	\N	numeric	\N	\N	\N	\N	\N	excellent	high	\N	Direct mapping from MS SQL Server decimal(28,8). Full compatibility with exact numeric precision and scale.	32	\N
14	t	2025-09-05 14:14:39.167869	2025-09-05 14:14:39.167869	2	29	8	\N	\N	\N	\N	\N	\N	numeric	\N	\N	\N	\N	\N	excellent	high	\N	Direct mapping from MS SQL Server decimal(29,8). Full compatibility with exact numeric precision and scale.	33	\N
15	t	2025-09-05 14:14:39.167869	2025-09-05 14:14:39.167869	2	30	8	\N	\N	\N	\N	\N	\N	numeric	\N	\N	\N	\N	\N	excellent	high	\N	Direct mapping from MS SQL Server decimal(30,8). Full compatibility with exact numeric precision and scale.	34	\N
16	t	2025-09-05 14:14:39.167869	2025-09-05 14:14:39.167869	2	31	8	\N	\N	\N	\N	\N	\N	numeric	\N	\N	\N	\N	\N	excellent	high	\N	Direct mapping from MS SQL Server decimal(31,8). Full compatibility with exact numeric precision and scale.	35	\N
17	t	2025-09-05 14:14:39.167869	2025-09-05 14:14:39.167869	2	32	8	\N	\N	\N	\N	\N	\N	numeric	\N	\N	\N	\N	\N	excellent	high	\N	Direct mapping from MS SQL Server decimal(32,8). Full compatibility with exact numeric precision and scale.	36	\N
18	t	2025-09-05 14:14:39.167869	2025-09-05 14:14:39.167869	2	33	8	\N	\N	\N	\N	\N	\N	numeric	\N	\N	\N	\N	\N	excellent	high	\N	Direct mapping from MS SQL Server decimal(33,8). Full compatibility with exact numeric precision and scale.	37	\N
19	t	2025-09-05 14:14:39.167869	2025-09-05 14:14:39.167869	2	34	8	\N	\N	\N	\N	\N	\N	numeric	\N	\N	\N	\N	\N	excellent	high	\N	Direct mapping from MS SQL Server decimal(34,8). Full compatibility with exact numeric precision and scale.	38	\N
20	t	2025-09-05 14:23:41.788912	2025-09-05 14:23:41.788912	4	\N	\N	\N	\N	\N	\N	\N	\N	double precision	\N	\N	\N	\N	\N	excellent	high	\N	Direct mapping from MS SQL Server float(53). Full compatibility with IEEE 754 double precision standard.	39	\N
21	f	2025-09-05 14:36:34.523805	2025-09-05 14:36:34.523805	5	\N	\N	2	\N	\N	\N	\N	\N	char(2)	\N	\N	\N	\N	\N	excellent	high	\N	Direct mapping from MS SQL Server char(2). Full compatibility with fixed-length character string.	2	\N
22	t	2025-09-05 14:36:34.523805	2025-09-05 14:36:34.523805	5	\N	\N	2	\N	\N	\N	\N	\N	char(2)	\N	\N	\N	\N	\N	excellent	high	\N	Direct mapping from MS SQL Server char(2). Full compatibility with fixed-length character string.	3	\N
23	f	2025-09-05 14:36:34.523805	2025-09-05 14:36:34.523805	5	\N	\N	3	\N	\N	\N	\N	\N	char(3)	\N	\N	\N	\N	\N	excellent	high	\N	Direct mapping from MS SQL Server char(3). Full compatibility with fixed-length character string.	4	\N
24	t	2025-09-05 14:36:34.523805	2025-09-05 14:36:34.523805	5	\N	\N	3	\N	\N	\N	\N	\N	char(3)	\N	\N	\N	\N	\N	excellent	high	\N	Direct mapping from MS SQL Server char(3). Full compatibility with fixed-length character string.	5	\N
25	f	2025-09-05 14:36:34.523805	2025-09-05 14:36:34.523805	5	\N	\N	4	\N	\N	\N	\N	\N	char(4)	\N	\N	\N	\N	\N	excellent	high	\N	Direct mapping from MS SQL Server char(4). Full compatibility with fixed-length character string.	6	\N
26	t	2025-09-05 14:36:34.523805	2025-09-05 14:36:34.523805	5	\N	\N	4	\N	\N	\N	\N	\N	char(4)	\N	\N	\N	\N	\N	excellent	high	\N	Direct mapping from MS SQL Server char(4). Full compatibility with fixed-length character string.	7	\N
27	f	2025-09-05 14:36:34.523805	2025-09-05 14:36:34.523805	5	\N	\N	5	\N	\N	\N	\N	\N	char(5)	\N	\N	\N	\N	\N	excellent	high	\N	Direct mapping from MS SQL Server char(5). Full compatibility with fixed-length character string.	8	\N
28	t	2025-09-05 14:36:34.523805	2025-09-05 14:36:34.523805	5	\N	\N	5	\N	\N	\N	\N	\N	char(5)	\N	\N	\N	\N	\N	excellent	high	\N	Direct mapping from MS SQL Server char(5). Full compatibility with fixed-length character string.	9	\N
29	f	2025-09-05 14:36:34.523805	2025-09-05 14:36:34.523805	5	\N	\N	6	\N	\N	\N	\N	\N	char(6)	\N	\N	\N	\N	\N	excellent	high	\N	Direct mapping from MS SQL Server char(6). Full compatibility with fixed-length character string.	10	\N
30	f	2025-09-05 14:36:34.523805	2025-09-05 14:36:34.523805	5	\N	\N	8	\N	\N	\N	\N	\N	char(8)	\N	\N	\N	\N	\N	excellent	high	\N	Direct mapping from MS SQL Server char(8). Full compatibility with fixed-length character string.	11	\N
31	t	2025-09-05 14:36:34.523805	2025-09-05 14:36:34.523805	5	\N	\N	9	\N	\N	\N	\N	\N	char(9)	\N	\N	\N	\N	\N	excellent	high	\N	Direct mapping from MS SQL Server char(9). Full compatibility with fixed-length character string.	12	\N
32	f	2025-09-05 14:36:34.523805	2025-09-05 14:36:34.523805	5	\N	\N	10	\N	\N	\N	\N	\N	char(10)	\N	\N	\N	\N	\N	excellent	high	\N	Direct mapping from MS SQL Server char(10). Full compatibility with fixed-length character string.	13	\N
33	t	2025-09-05 14:36:34.523805	2025-09-05 14:36:34.523805	5	\N	\N	10	\N	\N	\N	\N	\N	char(10)	\N	\N	\N	\N	\N	excellent	high	\N	Direct mapping from MS SQL Server char(10). Full compatibility with fixed-length character string.	14	\N
34	f	2025-09-05 14:36:34.523805	2025-09-05 14:36:34.523805	5	\N	\N	12	\N	\N	\N	\N	\N	char(12)	\N	\N	\N	\N	\N	excellent	high	\N	Direct mapping from MS SQL Server char(12). Full compatibility with fixed-length character string.	15	\N
35	t	2025-09-05 14:36:34.523805	2025-09-05 14:36:34.523805	5	\N	\N	12	\N	\N	\N	\N	\N	char(12)	\N	\N	\N	\N	\N	excellent	high	\N	Direct mapping from MS SQL Server char(12). Full compatibility with fixed-length character string.	16	\N
36	f	2025-09-05 14:36:34.523805	2025-09-05 14:36:34.523805	5	\N	\N	13	\N	\N	\N	\N	\N	char(13)	\N	\N	\N	\N	\N	excellent	high	\N	Direct mapping from MS SQL Server char(13). Full compatibility with fixed-length character string.	17	\N
37	t	2025-09-05 14:36:34.523805	2025-09-05 14:36:34.523805	5	\N	\N	13	\N	\N	\N	\N	\N	char(13)	\N	\N	\N	\N	\N	excellent	high	\N	Direct mapping from MS SQL Server char(13). Full compatibility with fixed-length character string.	18	\N
38	t	2025-09-05 14:36:34.523805	2025-09-05 14:36:34.523805	5	\N	\N	15	\N	\N	\N	\N	\N	char(15)	\N	\N	\N	\N	\N	excellent	high	\N	Direct mapping from MS SQL Server char(15). Full compatibility with fixed-length character string.	19	\N
39	t	2025-09-05 14:36:34.523805	2025-09-05 14:36:34.523805	5	\N	\N	20	\N	\N	\N	\N	\N	char(20)	\N	\N	\N	\N	\N	excellent	high	\N	Direct mapping from MS SQL Server char(20). Full compatibility with fixed-length character string.	20	\N
40	f	2025-09-05 14:36:58.682505	2025-09-05 14:36:58.682505	7	\N	\N	-1	\N	\N	\N	\N	\N	text	\N	\N	\N	\N	\N	excellent	high	\N	Direct mapping from MS SQL Server nvarchar(MAX). Full compatibility with unlimited character string.	44	\N
41	t	2025-09-05 14:36:58.682505	2025-09-05 14:36:58.682505	7	\N	\N	-1	\N	\N	\N	\N	\N	text	\N	\N	\N	\N	\N	excellent	high	\N	Direct mapping from MS SQL Server nvarchar(MAX). Full compatibility with unlimited character string.	45	\N
42	t	2025-09-05 14:36:58.682505	2025-09-05 14:36:58.682505	6	\N	\N	5	\N	\N	\N	\N	\N	varchar(5)	\N	\N	\N	\N	\N	excellent	high	\N	Direct mapping from MS SQL Server nvarchar(5). Full compatibility with variable-length character string.	46	\N
43	f	2025-09-05 14:36:58.682505	2025-09-05 14:36:58.682505	6	\N	\N	10	\N	\N	\N	\N	\N	varchar(10)	\N	\N	\N	\N	\N	excellent	high	\N	Direct mapping from MS SQL Server nvarchar(10). Full compatibility with variable-length character string.	47	\N
44	t	2025-09-05 14:36:58.682505	2025-09-05 14:36:58.682505	6	\N	\N	10	\N	\N	\N	\N	\N	varchar(10)	\N	\N	\N	\N	\N	excellent	high	\N	Direct mapping from MS SQL Server nvarchar(10). Full compatibility with variable-length character string.	48	\N
45	f	2025-09-05 14:36:58.682505	2025-09-05 14:36:58.682505	6	\N	\N	15	\N	\N	\N	\N	\N	varchar(15)	\N	\N	\N	\N	\N	excellent	high	\N	Direct mapping from MS SQL Server nvarchar(15). Full compatibility with variable-length character string.	49	\N
46	t	2025-09-05 14:36:58.682505	2025-09-05 14:36:58.682505	6	\N	\N	30	\N	\N	\N	\N	\N	varchar(30)	\N	\N	\N	\N	\N	excellent	high	\N	Direct mapping from MS SQL Server nvarchar(30). Full compatibility with variable-length character string.	50	\N
47	f	2025-09-05 14:36:58.682505	2025-09-05 14:36:58.682505	6	\N	\N	50	\N	\N	\N	\N	\N	varchar(50)	\N	\N	\N	\N	\N	excellent	high	\N	Direct mapping from MS SQL Server nvarchar(50). Full compatibility with variable-length character string.	51	\N
48	t	2025-09-05 14:36:58.682505	2025-09-05 14:36:58.682505	6	\N	\N	50	\N	\N	\N	\N	\N	varchar(50)	\N	\N	\N	\N	\N	excellent	high	\N	Direct mapping from MS SQL Server nvarchar(50). Full compatibility with variable-length character string.	52	\N
49	t	2025-09-05 14:36:58.682505	2025-09-05 14:36:58.682505	6	\N	\N	100	\N	\N	\N	\N	\N	varchar(100)	\N	\N	\N	\N	\N	excellent	high	\N	Direct mapping from MS SQL Server nvarchar(100). Full compatibility with variable-length character string.	53	\N
50	f	2025-09-05 14:36:58.682505	2025-09-05 14:36:58.682505	6	\N	\N	150	\N	\N	\N	\N	\N	varchar(150)	\N	\N	\N	\N	\N	excellent	high	\N	Direct mapping from MS SQL Server nvarchar(150). Full compatibility with variable-length character string.	54	\N
51	f	2025-09-05 14:36:58.682505	2025-09-05 14:36:58.682505	6	\N	\N	255	\N	\N	\N	\N	\N	varchar(255)	\N	\N	\N	\N	\N	excellent	high	\N	Direct mapping from MS SQL Server nvarchar(255). Full compatibility with variable-length character string.	55	\N
52	t	2025-09-05 14:36:58.682505	2025-09-05 14:36:58.682505	6	\N	\N	255	\N	\N	\N	\N	\N	varchar(255)	\N	\N	\N	\N	\N	excellent	high	\N	Direct mapping from MS SQL Server nvarchar(255). Full compatibility with variable-length character string.	56	\N
53	t	2025-09-05 14:36:58.682505	2025-09-05 14:36:58.682505	6	\N	\N	266	\N	\N	\N	\N	\N	varchar(266)	\N	\N	\N	\N	\N	excellent	high	\N	Direct mapping from MS SQL Server nvarchar(266). Full compatibility with variable-length character string.	57	\N
54	t	2025-09-05 14:36:58.682505	2025-09-05 14:36:58.682505	6	\N	\N	287	\N	\N	\N	\N	\N	varchar(287)	\N	\N	\N	\N	\N	excellent	high	\N	Direct mapping from MS SQL Server nvarchar(287). Full compatibility with variable-length character string.	58	\N
55	f	2025-09-05 14:36:58.682505	2025-09-05 14:36:58.682505	6	\N	\N	500	\N	\N	\N	\N	\N	varchar(500)	\N	\N	\N	\N	\N	excellent	high	\N	Direct mapping from MS SQL Server nvarchar(500). Full compatibility with variable-length character string.	59	\N
56	t	2025-09-05 14:36:58.682505	2025-09-05 14:36:58.682505	6	\N	\N	500	\N	\N	\N	\N	\N	varchar(500)	\N	\N	\N	\N	\N	excellent	high	\N	Direct mapping from MS SQL Server nvarchar(500). Full compatibility with variable-length character string.	60	\N
57	f	2025-09-05 14:36:58.682505	2025-09-05 14:36:58.682505	6	\N	\N	600	\N	\N	\N	\N	\N	varchar(600)	\N	\N	\N	\N	\N	excellent	high	\N	Direct mapping from MS SQL Server nvarchar(600). Full compatibility with variable-length character string.	61	\N
58	t	2025-09-05 14:36:58.682505	2025-09-05 14:36:58.682505	6	\N	\N	600	\N	\N	\N	\N	\N	varchar(600)	\N	\N	\N	\N	\N	excellent	high	\N	Direct mapping from MS SQL Server nvarchar(600). Full compatibility with variable-length character string.	62	\N
59	f	2025-09-05 14:36:58.682505	2025-09-05 14:36:58.682505	6	\N	\N	1000	\N	\N	\N	\N	\N	varchar(1000)	\N	\N	\N	\N	\N	excellent	high	\N	Direct mapping from MS SQL Server nvarchar(1000). Full compatibility with variable-length character string.	63	\N
60	t	2025-09-05 14:36:58.682505	2025-09-05 14:36:58.682505	6	\N	\N	1000	\N	\N	\N	\N	\N	varchar(1000)	\N	\N	\N	\N	\N	excellent	high	\N	Direct mapping from MS SQL Server nvarchar(1000). Full compatibility with variable-length character string.	64	\N
61	f	2025-09-05 14:37:05.609322	2025-09-05 14:37:05.609322	6	\N	\N	3	\N	\N	\N	\N	\N	varchar(3)	\N	\N	\N	\N	\N	excellent	high	\N	Direct mapping from MS SQL Server varchar(3). Full compatibility with variable-length character string.	69	\N
62	t	2025-09-05 14:37:05.609322	2025-09-05 14:37:05.609322	6	\N	\N	12	\N	\N	\N	\N	\N	varchar(12)	\N	\N	\N	\N	\N	excellent	high	\N	Direct mapping from MS SQL Server varchar(12). Full compatibility with variable-length character string.	70	\N
63	f	2025-09-05 15:20:58.098154	2025-09-05 15:20:58.098154	8	\N	\N	\N	\N	\N	\N	\N	\N	smallint	\N	\N	\N	\N	\N	excellent	high	\N	Direct mapping from MS SQL Server tinyint. Range expansion for safety: 0-255 → -32768 to 32767.	67	\N
64	f	2025-09-05 15:20:58.098154	2025-09-05 15:20:58.098154	8	\N	\N	\N	\N	\N	\N	\N	\N	smallint	\N	\N	\N	\N	\N	excellent	high	\N	Direct mapping from MS SQL Server smallint. Full compatibility with 2-byte integer range.	65	\N
65	t	2025-09-05 15:20:58.098154	2025-09-05 15:20:58.098154	8	\N	\N	\N	\N	\N	\N	\N	\N	smallint	\N	\N	\N	\N	\N	excellent	high	\N	Direct mapping from MS SQL Server smallint. Full compatibility with 2-byte integer range.	66	\N
66	f	2025-09-05 15:20:58.098154	2025-09-05 15:20:58.098154	9	\N	\N	\N	\N	\N	\N	\N	\N	integer	\N	\N	\N	\N	\N	excellent	high	\N	Direct mapping from MS SQL Server int. Full compatibility with 4-byte integer range.	40	\N
67	t	2025-09-05 15:20:58.098154	2025-09-05 15:20:58.098154	9	\N	\N	\N	\N	\N	\N	\N	\N	integer	\N	\N	\N	\N	\N	excellent	high	\N	Direct mapping from MS SQL Server int. Full compatibility with 4-byte integer range.	41	\N
68	t	2025-09-05 15:20:58.098154	2025-09-05 15:20:58.098154	10	\N	\N	\N	\N	\N	\N	\N	\N	bigint	\N	\N	\N	\N	\N	excellent	high	\N	Direct mapping from MS SQL Server bigint. Full compatibility with 8-byte integer range.	76	\N
69	f	2025-09-05 15:26:38.393662	2025-09-05 15:26:38.393662	11	\N	\N	\N	\N	\N	\N	\N	\N	date	\N	\N	\N	\N	\N	excellent	high	\N	Direct mapping from MS SQL Server date type. Full compatibility with date functionality and boundary value handling.	21	\N
70	t	2025-09-05 15:26:38.393662	2025-09-05 15:26:38.393662	11	\N	\N	\N	\N	\N	\N	\N	\N	date	\N	\N	\N	\N	\N	excellent	high	\N	Direct mapping from MS SQL Server date type. Full compatibility with date functionality and boundary value handling.	22	\N
\.


--
-- Data for Name: postgres_foreign_key_columns; Type: TABLE DATA; Schema: mcl; Owner: postgres
--

COPY mcl.postgres_foreign_key_columns (id, foreign_key_id, column_id, referenced_column_id, source_foreign_key_column_id, ordinal_position, created_at, updated_at) FROM stdin;
1	1	12	212	1	1	2025-09-10 07:24:26.245184	2025-09-10 07:24:26.245184
2	2	89	94	2	1	2025-09-10 07:24:26.245184	2025-09-10 07:24:26.245184
3	3	92	26	3	1	2025-09-10 07:24:26.245184	2025-09-10 07:24:26.245184
4	4	101	94	4	1	2025-09-10 07:24:26.245184	2025-09-10 07:24:26.245184
5	5	100	147	5	1	2025-09-10 07:24:26.245184	2025-09-10 07:24:26.245184
6	6	119	102	6	1	2025-09-10 07:24:26.245184	2025-09-10 07:24:26.245184
7	7	133	147	7	1	2025-09-10 07:24:26.245184	2025-09-10 07:24:26.245184
8	8	146	33	8	1	2025-09-10 07:24:26.245184	2025-09-10 07:24:26.245184
9	9	136	236	9	1	2025-09-10 07:24:26.245184	2025-09-10 07:24:26.245184
10	10	163	205	10	1	2025-09-10 07:24:26.245184	2025-09-10 07:24:26.245184
11	11	168	33	11	1	2025-09-10 07:24:26.245184	2025-09-10 07:24:26.245184
12	12	172	162	12	1	2025-09-10 07:24:26.245184	2025-09-10 07:24:26.245184
13	13	173	236	13	1	2025-09-10 07:24:26.245184	2025-09-10 07:24:26.245184
14	14	210	4	14	1	2025-09-10 07:24:26.245184	2025-09-10 07:24:26.245184
15	15	211	224	15	1	2025-09-10 07:24:26.245184	2025-09-10 07:24:26.245184
16	16	217	220	16	1	2025-09-10 07:24:26.245184	2025-09-10 07:24:26.245184
17	17	221	209	17	1	2025-09-10 07:24:26.245184	2025-09-10 07:24:26.245184
18	18	222	704	18	1	2025-09-10 07:24:26.245184	2025-09-10 07:24:26.245184
19	19	21	4	19	1	2025-09-10 07:24:26.245184	2025-09-10 07:24:26.245184
20	20	24	348	20	1	2025-09-10 07:24:26.245184	2025-09-10 07:24:26.245184
21	21	27	212	21	1	2025-09-10 07:24:26.245184	2025-09-10 07:24:26.245184
22	22	30	33	22	1	2025-09-10 07:24:26.245184	2025-09-10 07:24:26.245184
23	23	35	1	23	1	2025-09-10 07:24:26.245184	2025-09-10 07:24:26.245184
24	24	36	220	24	1	2025-09-10 07:24:26.245184	2025-09-10 07:24:26.245184
25	25	34	20	25	1	2025-09-10 07:24:26.245184	2025-09-10 07:24:26.245184
26	26	44	26	26	1	2025-09-10 07:24:26.245184	2025-09-10 07:24:26.245184
27	27	41	75	27	1	2025-09-10 07:24:26.245184	2025-09-10 07:24:26.245184
28	28	40	79	28	1	2025-09-10 07:24:26.245184	2025-09-10 07:24:26.245184
29	29	49	26	29	1	2025-09-10 07:24:26.245184	2025-09-10 07:24:26.245184
30	30	47	50	30	1	2025-09-10 07:24:26.245184	2025-09-10 07:24:26.245184
31	31	48	642	31	1	2025-09-10 07:24:26.245184	2025-09-10 07:24:26.245184
32	32	56	26	32	1	2025-09-10 07:24:26.245184	2025-09-10 07:24:26.245184
33	33	54	57	33	1	2025-09-10 07:24:26.245184	2025-09-10 07:24:26.245184
34	34	55	236	34	1	2025-09-10 07:24:26.245184	2025-09-10 07:24:26.245184
35	35	64	26	35	1	2025-09-10 07:24:26.245184	2025-09-10 07:24:26.245184
36	36	60	65	36	1	2025-09-10 07:24:26.245184	2025-09-10 07:24:26.245184
37	37	61	75	37	1	2025-09-10 07:24:26.245184	2025-09-10 07:24:26.245184
38	38	72	26	38	1	2025-09-10 07:24:26.245184	2025-09-10 07:24:26.245184
39	39	68	73	39	1	2025-09-10 07:24:26.245184	2025-09-10 07:24:26.245184
40	40	69	75	40	1	2025-09-10 07:24:26.245184	2025-09-10 07:24:26.245184
41	41	113	26	41	1	2025-09-10 07:24:26.245184	2025-09-10 07:24:26.245184
42	42	111	75	42	1	2025-09-10 07:24:26.245184	2025-09-10 07:24:26.245184
43	43	112	114	43	1	2025-09-10 07:24:26.245184	2025-09-10 07:24:26.245184
44	44	155	4	44	1	2025-09-10 07:24:26.245184	2025-09-10 07:24:26.245184
45	45	156	160	45	1	2025-09-10 07:24:26.245184	2025-09-10 07:24:26.245184
46	46	233	226	46	1	2025-09-10 07:24:26.245184	2025-09-10 07:24:26.245184
47	47	232	642	47	1	2025-09-10 07:24:26.245184	2025-09-10 07:24:26.245184
48	48	237	231	48	1	2025-09-10 07:24:26.245184	2025-09-10 07:24:26.245184
49	49	244	236	49	1	2025-09-10 07:24:26.245184	2025-09-10 07:24:26.245184
50	50	245	631	50	1	2025-09-10 07:24:26.245184	2025-09-10 07:24:26.245184
51	51	249	236	51	1	2025-09-10 07:24:26.245184	2025-09-10 07:24:26.245184
52	52	377	348	52	1	2025-09-10 07:24:26.245184	2025-09-10 07:24:26.245184
53	53	383	26	53	1	2025-09-10 07:24:26.245184	2025-09-10 07:24:26.245184
54	54	381	377	54	1	2025-09-10 07:24:26.245184	2025-09-10 07:24:26.245184
55	54	382	378	55	2	2025-09-10 07:24:26.245184	2025-09-10 07:24:26.245184
56	55	388	1	56	1	2025-09-10 07:24:26.245184	2025-09-10 07:24:26.245184
57	56	387	94	57	1	2025-09-10 07:24:26.245184	2025-09-10 07:24:26.245184
58	57	384	377	58	1	2025-09-10 07:24:26.245184	2025-09-10 07:24:26.245184
59	57	386	378	59	2	2025-09-10 07:24:26.245184	2025-09-10 07:24:26.245184
60	58	385	393	60	1	2025-09-10 07:24:26.245184	2025-09-10 07:24:26.245184
61	59	391	818	61	1	2025-09-10 07:24:26.245184	2025-09-10 07:24:26.245184
62	60	396	348	62	1	2025-09-10 07:24:26.245184	2025-09-10 07:24:26.245184
63	61	400	631	63	1	2025-09-10 07:24:26.245184	2025-09-10 07:24:26.245184
64	62	407	978	64	1	2025-09-10 07:24:26.245184	2025-09-10 07:24:26.245184
65	63	402	1000	65	1	2025-09-10 07:24:26.245184	2025-09-10 07:24:26.245184
66	64	416	399	66	1	2025-09-10 07:24:26.245184	2025-09-10 07:24:26.245184
67	65	415	409	67	1	2025-09-10 07:24:26.245184	2025-09-10 07:24:26.245184
68	66	417	465	68	1	2025-09-10 07:24:26.245184	2025-09-10 07:24:26.245184
69	67	422	418	69	1	2025-09-10 07:24:26.245184	2025-09-10 07:24:26.245184
70	68	426	236	70	1	2025-09-10 07:24:26.245184	2025-09-10 07:24:26.245184
71	69	424	399	71	1	2025-09-10 07:24:26.245184	2025-09-10 07:24:26.245184
72	70	435	440	72	1	2025-09-10 07:24:26.245184	2025-09-10 07:24:26.245184
73	71	437	423	73	1	2025-09-10 07:24:26.245184	2025-09-10 07:24:26.245184
74	72	438	957	74	1	2025-09-10 07:24:26.245184	2025-09-10 07:24:26.245184
75	73	444	445	75	1	2025-09-10 07:24:26.245184	2025-09-10 07:24:26.245184
76	74	449	423	76	1	2025-09-10 07:24:26.245184	2025-09-10 07:24:26.245184
77	75	448	968	77	1	2025-09-10 07:24:26.245184	2025-09-10 07:24:26.245184
78	76	451	442	78	1	2025-09-10 07:24:26.245184	2025-09-10 07:24:26.245184
79	77	452	442	79	1	2025-09-10 07:24:26.245184	2025-09-10 07:24:26.245184
80	78	458	450	80	1	2025-09-10 07:24:26.245184	2025-09-10 07:24:26.245184
81	79	457	453	81	1	2025-09-10 07:24:26.245184	2025-09-10 07:24:26.245184
82	80	464	399	82	1	2025-09-10 07:24:26.245184	2025-09-10 07:24:26.245184
83	81	463	642	83	1	2025-09-10 07:24:26.245184	2025-09-10 07:24:26.245184
84	82	466	399	84	1	2025-09-10 07:24:26.245184	2025-09-10 07:24:26.245184
85	83	470	460	85	1	2025-09-10 07:24:26.245184	2025-09-10 07:24:26.245184
86	84	469	465	86	1	2025-09-10 07:24:26.245184	2025-09-10 07:24:26.245184
87	85	491	423	87	1	2025-09-10 07:24:26.245184	2025-09-10 07:24:26.245184
88	86	472	460	88	1	2025-09-10 07:24:26.245184	2025-09-10 07:24:26.245184
89	87	490	631	89	1	2025-09-10 07:24:26.245184	2025-09-10 07:24:26.245184
90	88	522	418	90	1	2025-09-10 07:24:26.245184	2025-09-10 07:24:26.245184
91	89	504	471	91	1	2025-09-10 07:24:26.245184	2025-09-10 07:24:26.245184
92	90	535	471	92	1	2025-09-10 07:24:26.245184	2025-09-10 07:24:26.245184
93	91	537	625	93	1	2025-09-10 07:24:26.245184	2025-09-10 07:24:26.245184
94	92	536	957	94	1	2025-09-10 07:24:26.245184	2025-09-10 07:24:26.245184
95	93	540	471	95	1	2025-09-10 07:24:26.245184	2025-09-10 07:24:26.245184
96	94	542	712	96	1	2025-09-10 07:24:26.245184	2025-09-10 07:24:26.245184
97	95	541	957	97	1	2025-09-10 07:24:26.245184	2025-09-10 07:24:26.245184
98	96	545	471	98	1	2025-09-10 07:24:26.245184	2025-09-10 07:24:26.245184
99	97	546	957	99	1	2025-09-10 07:24:26.245184	2025-09-10 07:24:26.245184
100	98	555	548	100	1	2025-09-10 07:24:26.245184	2025-09-10 07:24:26.245184
101	98	556	552	101	2	2025-09-10 07:24:26.245184	2025-09-10 07:24:26.245184
102	99	557	563	102	1	2025-09-10 07:24:26.245184	2025-09-10 07:24:26.245184
103	100	562	555	103	1	2025-09-10 07:24:26.245184	2025-09-10 07:24:26.245184
104	101	561	558	104	1	2025-09-10 07:24:26.245184	2025-09-10 07:24:26.245184
105	102	592	548	105	1	2025-09-10 07:24:26.245184	2025-09-10 07:24:26.245184
106	102	593	552	106	2	2025-09-10 07:24:26.245184	2025-09-10 07:24:26.245184
107	103	594	600	107	1	2025-09-10 07:24:26.245184	2025-09-10 07:24:26.245184
108	104	599	592	108	1	2025-09-10 07:24:26.245184	2025-09-10 07:24:26.245184
109	105	598	595	109	1	2025-09-10 07:24:26.245184	2025-09-10 07:24:26.245184
110	106	603	548	110	1	2025-09-10 07:24:26.245184	2025-09-10 07:24:26.245184
111	107	611	602	111	1	2025-09-10 07:24:26.245184	2025-09-10 07:24:26.245184
112	108	614	548	112	1	2025-09-10 07:24:26.245184	2025-09-10 07:24:26.245184
113	109	615	555	113	1	2025-09-10 07:24:26.245184	2025-09-10 07:24:26.245184
114	110	618	548	114	1	2025-09-10 07:24:26.245184	2025-09-10 07:24:26.245184
115	111	620	621	115	1	2025-09-10 07:24:26.245184	2025-09-10 07:24:26.245184
116	112	619	623	116	1	2025-09-10 07:24:26.245184	2025-09-10 07:24:26.245184
117	113	644	631	117	1	2025-09-10 07:24:26.245184	2025-09-10 07:24:26.245184
118	114	659	625	118	1	2025-09-10 07:24:26.245184	2025-09-10 07:24:26.245184
119	115	660	642	119	1	2025-09-10 07:24:26.245184	2025-09-10 07:24:26.245184
120	116	658	1000	120	1	2025-09-10 07:24:26.245184	2025-09-10 07:24:26.245184
121	117	671	236	121	1	2025-09-10 07:24:26.245184	2025-09-10 07:24:26.245184
122	118	664	646	122	1	2025-09-10 07:24:26.245184	2025-09-10 07:24:26.245184
123	119	694	631	123	1	2025-09-10 07:24:26.245184	2025-09-10 07:24:26.245184
124	120	705	631	124	1	2025-09-10 07:24:26.245184	2025-09-10 07:24:26.245184
125	121	706	710	125	1	2025-09-10 07:24:26.245184	2025-09-10 07:24:26.245184
126	122	718	236	126	1	2025-09-10 07:24:26.245184	2025-09-10 07:24:26.245184
127	123	721	801	127	1	2025-09-10 07:24:26.245184	2025-09-10 07:24:26.245184
128	124	736	715	128	1	2025-09-10 07:24:26.245184	2025-09-10 07:24:26.245184
129	125	755	735	129	1	2025-09-10 07:24:26.245184	2025-09-10 07:24:26.245184
130	126	762	754	130	1	2025-09-10 07:24:26.245184	2025-09-10 07:24:26.245184
131	127	763	957	131	1	2025-09-10 07:24:26.245184	2025-09-10 07:24:26.245184
132	128	803	625	132	1	2025-09-10 07:24:26.245184	2025-09-10 07:24:26.245184
133	129	802	1000	133	1	2025-09-10 07:24:26.245184	2025-09-10 07:24:26.245184
134	130	807	715	134	1	2025-09-10 07:24:26.245184	2025-09-10 07:24:26.245184
135	131	814	806	135	1	2025-09-10 07:24:26.245184	2025-09-10 07:24:26.245184
136	132	815	957	136	1	2025-09-10 07:24:26.245184	2025-09-10 07:24:26.245184
137	133	785	236	137	1	2025-09-10 07:24:26.245184	2025-09-10 07:24:26.245184
138	134	786	631	138	1	2025-09-10 07:24:26.245184	2025-09-10 07:24:26.245184
139	135	790	782	139	1	2025-09-10 07:24:26.245184	2025-09-10 07:24:26.245184
140	136	820	830	140	1	2025-09-10 07:24:26.245184	2025-09-10 07:24:26.245184
141	137	821	877	141	1	2025-09-10 07:24:26.245184	2025-09-10 07:24:26.245184
142	138	828	818	142	1	2025-09-10 07:24:26.245184	2025-09-10 07:24:26.245184
143	138	829	819	143	2	2025-09-10 07:24:26.245184	2025-09-10 07:24:26.245184
144	139	824	843	144	1	2025-09-10 07:24:26.245184	2025-09-10 07:24:26.245184
145	140	825	877	145	1	2025-09-10 07:24:26.245184	2025-09-10 07:24:26.245184
146	141	851	631	146	1	2025-09-10 07:24:26.245184	2025-09-10 07:24:26.245184
147	141	852	641	147	2	2025-09-10 07:24:26.245184	2025-09-10 07:24:26.245184
148	142	845	834	148	1	2025-09-10 07:24:26.245184	2025-09-10 07:24:26.245184
149	143	847	837	149	1	2025-09-10 07:24:26.245184	2025-09-10 07:24:26.245184
150	144	841	889	150	1	2025-09-10 07:24:26.245184	2025-09-10 07:24:26.245184
151	145	863	818	151	1	2025-09-10 07:24:26.245184	2025-09-10 07:24:26.245184
152	145	864	819	152	2	2025-09-10 07:24:26.245184	2025-09-10 07:24:26.245184
153	146	854	823	153	1	2025-09-10 07:24:26.245184	2025-09-10 07:24:26.245184
154	147	856	889	154	1	2025-09-10 07:24:26.245184	2025-09-10 07:24:26.245184
155	148	867	843	155	1	2025-09-10 07:24:26.245184	2025-09-10 07:24:26.245184
156	149	870	843	156	1	2025-09-10 07:24:26.245184	2025-09-10 07:24:26.245184
157	150	874	889	157	1	2025-09-10 07:24:26.245184	2025-09-10 07:24:26.245184
158	151	885	827	158	1	2025-09-10 07:24:26.245184	2025-09-10 07:24:26.245184
159	152	882	877	159	1	2025-09-10 07:24:26.245184	2025-09-10 07:24:26.245184
160	153	883	878	160	1	2025-09-10 07:24:26.245184	2025-09-10 07:24:26.245184
161	154	891	843	161	1	2025-09-10 07:24:26.245184	2025-09-10 07:24:26.245184
162	154	892	847	162	2	2025-09-10 07:24:26.245184	2025-09-10 07:24:26.245184
163	155	893	843	163	1	2025-09-10 07:24:26.245184	2025-09-10 07:24:26.245184
164	156	894	843	164	1	2025-09-10 07:24:26.245184	2025-09-10 07:24:26.245184
165	156	895	847	165	2	2025-09-10 07:24:26.245184	2025-09-10 07:24:26.245184
166	157	896	843	166	1	2025-09-10 07:24:26.245184	2025-09-10 07:24:26.245184
167	157	897	845	167	2	2025-09-10 07:24:26.245184	2025-09-10 07:24:26.245184
168	158	898	843	168	1	2025-09-10 07:24:26.245184	2025-09-10 07:24:26.245184
169	158	899	847	169	2	2025-09-10 07:24:26.245184	2025-09-10 07:24:26.245184
170	159	900	843	170	1	2025-09-10 07:24:26.245184	2025-09-10 07:24:26.245184
171	159	901	845	171	2	2025-09-10 07:24:26.245184	2025-09-10 07:24:26.245184
172	159	902	847	172	3	2025-09-10 07:24:26.245184	2025-09-10 07:24:26.245184
173	160	903	843	173	1	2025-09-10 07:24:26.245184	2025-09-10 07:24:26.245184
174	161	904	843	174	1	2025-09-10 07:24:26.245184	2025-09-10 07:24:26.245184
175	161	905	847	175	2	2025-09-10 07:24:26.245184	2025-09-10 07:24:26.245184
176	162	906	843	176	1	2025-09-10 07:24:26.245184	2025-09-10 07:24:26.245184
177	162	907	845	177	2	2025-09-10 07:24:26.245184	2025-09-10 07:24:26.245184
178	162	908	847	178	3	2025-09-10 07:24:26.245184	2025-09-10 07:24:26.245184
179	163	909	843	179	1	2025-09-10 07:24:26.245184	2025-09-10 07:24:26.245184
180	163	910	845	180	2	2025-09-10 07:24:26.245184	2025-09-10 07:24:26.245184
181	164	911	843	181	1	2025-09-10 07:24:26.245184	2025-09-10 07:24:26.245184
182	164	912	847	182	2	2025-09-10 07:24:26.245184	2025-09-10 07:24:26.245184
183	165	913	843	183	1	2025-09-10 07:24:26.245184	2025-09-10 07:24:26.245184
184	166	914	843	184	1	2025-09-10 07:24:26.245184	2025-09-10 07:24:26.245184
185	167	915	843	185	1	2025-09-10 07:24:26.245184	2025-09-10 07:24:26.245184
186	167	916	845	186	2	2025-09-10 07:24:26.245184	2025-09-10 07:24:26.245184
187	168	917	843	187	1	2025-09-10 07:24:26.245184	2025-09-10 07:24:26.245184
188	169	918	843	188	1	2025-09-10 07:24:26.245184	2025-09-10 07:24:26.245184
189	169	919	845	189	2	2025-09-10 07:24:26.245184	2025-09-10 07:24:26.245184
190	169	920	847	190	3	2025-09-10 07:24:26.245184	2025-09-10 07:24:26.245184
191	170	921	843	191	1	2025-09-10 07:24:26.245184	2025-09-10 07:24:26.245184
192	171	922	843	192	1	2025-09-10 07:24:26.245184	2025-09-10 07:24:26.245184
193	172	923	843	193	1	2025-09-10 07:24:26.245184	2025-09-10 07:24:26.245184
194	172	924	845	194	2	2025-09-10 07:24:26.245184	2025-09-10 07:24:26.245184
195	172	925	847	195	3	2025-09-10 07:24:26.245184	2025-09-10 07:24:26.245184
196	173	926	843	196	1	2025-09-10 07:24:26.245184	2025-09-10 07:24:26.245184
197	173	927	845	197	2	2025-09-10 07:24:26.245184	2025-09-10 07:24:26.245184
198	174	928	843	198	1	2025-09-10 07:24:26.245184	2025-09-10 07:24:26.245184
199	174	929	847	199	2	2025-09-10 07:24:26.245184	2025-09-10 07:24:26.245184
200	175	930	843	200	1	2025-09-10 07:24:26.245184	2025-09-10 07:24:26.245184
201	175	931	845	201	2	2025-09-10 07:24:26.245184	2025-09-10 07:24:26.245184
202	176	937	631	202	1	2025-09-10 07:24:26.245184	2025-09-10 07:24:26.245184
203	176	938	641	203	2	2025-09-10 07:24:26.245184	2025-09-10 07:24:26.245184
204	177	933	843	204	1	2025-09-10 07:24:26.245184	2025-09-10 07:24:26.245184
205	178	941	818	205	1	2025-09-10 07:24:26.245184	2025-09-10 07:24:26.245184
206	178	942	819	206	2	2025-09-10 07:24:26.245184	2025-09-10 07:24:26.245184
207	179	940	932	207	1	2025-09-10 07:24:26.245184	2025-09-10 07:24:26.245184
208	180	944	932	208	1	2025-09-10 07:24:26.245184	2025-09-10 07:24:26.245184
209	181	948	877	209	1	2025-09-10 07:24:26.245184	2025-09-10 07:24:26.245184
210	182	949	878	210	1	2025-09-10 07:24:26.245184	2025-09-10 07:24:26.245184
211	183	947	932	211	1	2025-09-10 07:24:26.245184	2025-09-10 07:24:26.245184
212	184	954	989	212	1	2025-09-10 07:24:26.245184	2025-09-10 07:24:26.245184
213	185	957	953	213	1	2025-09-10 07:24:26.245184	2025-09-10 07:24:26.245184
214	185	958	954	214	2	2025-09-10 07:24:26.245184	2025-09-10 07:24:26.245184
215	186	962	957	215	1	2025-09-10 07:24:26.245184	2025-09-10 07:24:26.245184
216	187	970	966	216	1	2025-09-10 07:24:26.245184	2025-09-10 07:24:26.245184
217	188	968	953	217	1	2025-09-10 07:24:26.245184	2025-09-10 07:24:26.245184
218	188	969	954	218	2	2025-09-10 07:24:26.245184	2025-09-10 07:24:26.245184
219	189	974	968	219	1	2025-09-10 07:24:26.245184	2025-09-10 07:24:26.245184
220	190	979	989	220	1	2025-09-10 07:24:26.245184	2025-09-10 07:24:26.245184
221	191	984	978	221	1	2025-09-10 07:24:26.245184	2025-09-10 07:24:26.245184
222	192	983	986	222	1	2025-09-10 07:24:26.245184	2025-09-10 07:24:26.245184
223	193	987	953	223	1	2025-09-10 07:24:26.245184	2025-09-10 07:24:26.245184
224	194	988	953	224	1	2025-09-10 07:24:26.245184	2025-09-10 07:24:26.245184
225	195	993	94	225	1	2025-09-10 07:24:26.245184	2025-09-10 07:24:26.245184
226	196	995	75	226	1	2025-09-10 07:24:26.245184	2025-09-10 07:24:26.245184
227	197	994	1000	227	1	2025-09-10 07:24:26.245184	2025-09-10 07:24:26.245184
228	198	999	94	228	1	2025-09-10 07:24:26.245184	2025-09-10 07:24:26.245184
229	199	998	991	229	1	2025-09-10 07:24:26.245184	2025-09-10 07:24:26.245184
\.


--
-- Data for Name: postgres_foreign_keys; Type: TABLE DATA; Schema: mcl; Owner: postgres
--

COPY mcl.postgres_foreign_keys (id, table_id, referenced_table_id, source_foreign_key_id, constraint_name, original_constraint_name, delete_action, update_action, migration_status, migration_date, error_message, created_at, updated_at) FROM stdin;
1	304	312	38	fk_cn_inv_cn_s_org	FK_cn_inv_cn_s_org	CASCADE	CASCADE	pending	\N	\N	2025-09-10 07:24:10.060229	2025-09-10 07:24:10.060229
2	305	306	39	fk_cn_inv_dbt_cn_inv_dbt_upl	FK_cn_inv_dbt_cn_inv_dbt_upl	CASCADE	CASCADE	pending	\N	\N	2025-09-10 07:24:10.060229	2025-09-10 07:24:10.060229
3	305	171	40	fk_cn_inv_dbt_cn_inv_accnt	FK_cn_inv_dbt_cnInvAccnt	CASCADE	CASCADE	pending	\N	\N	2025-09-10 07:24:10.060229	2025-09-10 07:24:10.060229
4	307	306	41	fk_cn_inv_dbt_upl_g_p_cn_inv_dbt_upl	FK_cn_inv_dbt_upl_g_p_cn_inv_dbt_upl	CASCADE	CASCADE	pending	\N	\N	2025-09-10 07:24:10.060229	2025-09-10 07:24:10.060229
5	307	310	42	fk_cn_inv_dbt_upl_g_p_cn_inv_pm_upl	FK_cn_inv_dbt_upl_g_p_cn_inv_pm_upl	CASCADE	CASCADE	pending	\N	\N	2025-09-10 07:24:10.060229	2025-09-10 07:24:10.060229
6	309	308	43	fk_cn_inv_pm_cn_inv_doc	FK_cn_inv_pm_cn_inv_doc	CASCADE	CASCADE	pending	\N	\N	2025-09-10 07:24:10.060229	2025-09-10 07:24:10.060229
7	309	310	44	fk_cn_inv_pm_cn_inv_pm_upl	FK_cn_inv_pm_cn_inv_pm_upl	CASCADE	CASCADE	pending	\N	\N	2025-09-10 07:24:10.060229	2025-09-10 07:24:10.060229
8	309	172	45	fk_cn_inv_pm_cn_inv_accnt_smpl	FK_cn_inv_pm_cnInvAccntSmpl	NO_ACTION	NO_ACTION	pending	\N	\N	2025-09-10 07:24:10.060229	2025-09-10 07:24:10.060229
9	309	190	46	fk_cn_inv_pm_cst_ag_pn	FK_cn_inv_pm_cstAgPn	NO_ACTION	NO_ACTION	pending	\N	\N	2025-09-10 07:24:10.060229	2025-09-10 07:24:10.060229
10	167	169	47	fk_cn_pr_doc_cn_pr_doc_t	FK_cn_PrDoc_cn_PrDocT	NO_ACTION	NO_ACTION	pending	\N	\N	2025-09-10 07:24:10.060229	2025-09-10 07:24:10.060229
11	167	172	48	fk_cn_pr_doc_cn_inv_accnt_smpl	FK_cn_PrDoc_cnInvAccntSmpl	CASCADE	CASCADE	pending	\N	\N	2025-09-10 07:24:10.060229	2025-09-10 07:24:10.060229
12	168	167	49	fk_cn_pr_doc_p_cn_pr_doc	FK_cn_PrDocP_cn_PrDoc	CASCADE	CASCADE	pending	\N	\N	2025-09-10 07:24:10.060229	2025-09-10 07:24:10.060229
13	168	190	50	fk_cn_pr_doc_p_cst_ag_pn	FK_cn_PrDocP_cstAgPn	NO_ACTION	NO_ACTION	pending	\N	\N	2025-09-10 07:24:10.060229	2025-09-10 07:24:10.060229
14	311	303	51	fk_cn_s_cn	FK_cn_s_cn	CASCADE	CASCADE	pending	\N	\N	2025-09-10 07:24:10.060229	2025-09-10 07:24:10.060229
15	311	314	52	fk_cn_s_cn_s_type	FK_cn_s_cn_s_type	NO_ACTION	NO_ACTION	pending	\N	\N	2025-09-10 07:24:10.060229	2025-09-10 07:24:10.060229
16	312	313	53	fk_cn_s_org_cn_s_org_smpl	FK_cn_s_org_cn_s_org_smpl	CASCADE	CASCADE	pending	\N	\N	2025-09-10 07:24:10.060229	2025-09-10 07:24:10.060229
17	313	311	54	fk_cn_s_org_smpl_cn_s	FK_cn_s_org_smpl_cn_s	CASCADE	CASCADE	pending	\N	\N	2025-09-10 07:24:10.060229	2025-09-10 07:24:10.060229
18	313	322	55	fk_cn_s_org_smpl_org_id	FK_cn_s_org_smpl_org_id	CASCADE	CASCADE	pending	\N	\N	2025-09-10 07:24:10.060229	2025-09-10 07:24:10.060229
19	170	303	56	fk_cn_inv_cn	FK_cnInv_cn	NO_ACTION	NO_ACTION	pending	\N	\N	2025-09-10 07:24:10.060229	2025-09-10 07:24:10.060229
20	170	316	57	fk_cn_inv_inv	FK_cnInv_inv	CASCADE	CASCADE	pending	\N	\N	2025-09-10 07:24:10.060229	2025-09-10 07:24:10.060229
21	171	312	58	fk_cn_inv_accnt_cn_s_org	FK_cnInvAccnt_cn_s_org	NO_ACTION	NO_ACTION	pending	\N	\N	2025-09-10 07:24:10.060229	2025-09-10 07:24:10.060229
22	171	172	59	fk_cn_inv_accnt_cn_inv_accnt_smpl	FK_cnInvAccnt_cnInvAccntSmpl	CASCADE	CASCADE	pending	\N	\N	2025-09-10 07:24:10.060229	2025-09-10 07:24:10.060229
23	172	302	60	fk_cn_inv_accnt_smpl_accnt	FK_cnInvAccntSmpl_accnt	CASCADE	CASCADE	pending	\N	\N	2025-09-10 07:24:10.060229	2025-09-10 07:24:10.060229
24	172	313	61	fk_cn_inv_accnt_smpl_cn_s_org_smpl	FK_cnInvAccntSmpl_cn_s_org_smpl	CASCADE	CASCADE	pending	\N	\N	2025-09-10 07:24:10.060229	2025-09-10 07:24:10.060229
25	172	170	62	fk_cn_inv_accnt_smpl_cn_inv	FK_cnInvAccntSmpl_cnInv	CASCADE	CASCADE	pending	\N	\N	2025-09-10 07:24:10.060229	2025-09-10 07:24:10.060229
26	173	171	63	fk_cn_inv_cmm_cn_inv_accnt	FK_cnInvCmm_cnInvAccnt	CASCADE	CASCADE	pending	\N	\N	2025-09-10 07:24:10.060229	2025-09-10 07:24:10.060229
27	173	182	64	fk_cn_inv_cmm_cn_inv_cmm_gr	FK_cnInvCmm_cnInvCmmGr	CASCADE	CASCADE	pending	\N	\N	2025-09-10 07:24:10.060229	2025-09-10 07:24:10.060229
28	173	183	65	fk_cn_inv_cmm_cn_inv_cmm_tp	FK_cnInvCmm_cnInvCmmTp	CASCADE	CASCADE	pending	\N	\N	2025-09-10 07:24:10.060229	2025-09-10 07:24:10.060229
29	174	171	66	fk_cn_inv_cmm_ag_cn_inv_accnt	FK_cnInvCmmAg_cnInvAccnt	CASCADE	CASCADE	pending	\N	\N	2025-09-10 07:24:10.060229	2025-09-10 07:24:10.060229
30	174	175	67	fk_cn_inv_cmm_ag_cn_inv_cmm_ag_n	FK_cnInvCmmAg_cnInvCmmAgN	CASCADE	CASCADE	pending	\N	\N	2025-09-10 07:24:10.060229	2025-09-10 07:24:10.060229
31	174	255	68	fk_cn_inv_cmm_ag_og_ag	FK_cnInvCmmAg_ogAg	NO_ACTION	NO_ACTION	pending	\N	\N	2025-09-10 07:24:10.060229	2025-09-10 07:24:10.060229
32	176	171	69	fk_cn_inv_cmm_cst_cn_inv_accnt	FK_cnInvCmmCst_cnInvAccnt	CASCADE	CASCADE	pending	\N	\N	2025-09-10 07:24:10.060229	2025-09-10 07:24:10.060229
33	176	177	70	fk_cn_inv_cmm_cst_cn_inv_cmm_cst_n	FK_cnInvCmmCst_cnInvCmmCstN	CASCADE	CASCADE	pending	\N	\N	2025-09-10 07:24:10.060229	2025-09-10 07:24:10.060229
34	176	190	71	fk_cn_inv_cmm_cst_cst_ag_pn	FK_cnInvCmmCst_cstAgPn	NO_ACTION	NO_ACTION	pending	\N	\N	2025-09-10 07:24:10.060229	2025-09-10 07:24:10.060229
35	178	171	72	fk_cn_inv_cmm_dt_cn_inv_accnt	FK_cnInvCmmDt_cnInvAccnt	CASCADE	CASCADE	pending	\N	\N	2025-09-10 07:24:10.060229	2025-09-10 07:24:10.060229
36	178	179	73	fk_cn_inv_cmm_dt_cn_inv_cmm_dt_n	FK_cnInvCmmDt_cnInvCmmDtN	CASCADE	CASCADE	pending	\N	\N	2025-09-10 07:24:10.060229	2025-09-10 07:24:10.060229
37	178	182	74	fk_cn_inv_cmm_dt_cn_inv_cmm_gr	FK_cnInvCmmDt_cnInvCmmGr	CASCADE	CASCADE	pending	\N	\N	2025-09-10 07:24:10.060229	2025-09-10 07:24:10.060229
38	180	171	75	fk_cn_inv_cmm_fn_cn_inv_accnt	FK_cnInvCmmFn_cnInvAccnt	CASCADE	CASCADE	pending	\N	\N	2025-09-10 07:24:10.060229	2025-09-10 07:24:10.060229
39	180	181	76	fk_cn_inv_cmm_fn_cn_inv_cmm_fn_n	FK_cnInvCmmFn_cnInvCmmFnN	CASCADE	CASCADE	pending	\N	\N	2025-09-10 07:24:10.060229	2025-09-10 07:24:10.060229
40	180	182	77	fk_cn_inv_cmm_fn_cn_inv_cmm_gr	FK_cnInvCmmFn_cnInvCmmGr	CASCADE	CASCADE	pending	\N	\N	2025-09-10 07:24:10.060229	2025-09-10 07:24:10.060229
41	184	171	78	fk_cn_inv_gr_cn_inv_accnt	FK_cnInvGr_cnInvAccnt	CASCADE	CASCADE	pending	\N	\N	2025-09-10 07:24:10.060229	2025-09-10 07:24:10.060229
42	184	182	79	fk_cn_inv_gr_cn_inv_cmm_gr	FK_cnInvGr_cnInvCmmGr	CASCADE	CASCADE	pending	\N	\N	2025-09-10 07:24:10.060229	2025-09-10 07:24:10.060229
43	184	185	80	fk_cn_inv_gr_cn_inv_gr_nm	FK_cnInvGr_cnInvGrNm	CASCADE	CASCADE	pending	\N	\N	2025-09-10 07:24:10.060229	2025-09-10 07:24:10.060229
44	187	303	81	fk_cn_num_cn	FK_cnNum_cn	CASCADE	CASCADE	pending	\N	\N	2025-09-10 07:24:10.060229	2025-09-10 07:24:10.060229
45	187	188	82	fk_cn_num_cn_num_type	FK_cnNum_cnNumType	NO_ACTION	NO_ACTION	pending	\N	\N	2025-09-10 07:24:10.060229	2025-09-10 07:24:10.060229
46	189	315	83	fk_cst_ag_cst	FK_cstAg_cst	CASCADE	CASCADE	pending	\N	\N	2025-09-10 07:24:10.060229	2025-09-10 07:24:10.060229
47	189	255	84	fk_cst_ag_og_ag	FK_cstAg_ogAg	CASCADE	CASCADE	pending	\N	\N	2025-09-10 07:24:10.060229	2025-09-10 07:24:10.060229
48	190	189	85	fk_cst_ag_pn_cst_ag	FK_cstAgPn_cstAg	CASCADE	CASCADE	pending	\N	\N	2025-09-10 07:24:10.060229	2025-09-10 07:24:10.060229
49	191	190	86	fk_cst_ag_pn_branch_cst_ag_pn	FK_cstAgPnBranch_cstAgPn	NO_ACTION	NO_ACTION	pending	\N	\N	2025-09-10 07:24:10.060229	2025-09-10 07:24:10.060229
50	191	320	87	fk_cst_ag_pn_branch_og	FK_cstAgPnBranch_og	NO_ACTION	NO_ACTION	pending	\N	\N	2025-09-10 07:24:10.060229	2025-09-10 07:24:10.060229
51	192	190	88	fk_cst_ag_pn_mnrl_cst_ag_pn	FK_cstAgPnMnrl_cstAgPn	CASCADE	CASCADE	pending	\N	\N	2025-09-10 07:24:10.060229	2025-09-10 07:24:10.060229
52	214	316	89	fk_inv_i_key	FK_inv_iKey	NO_ACTION	NO_ACTION	pending	\N	\N	2025-09-10 07:24:10.060229	2025-09-10 07:24:10.060229
53	215	171	90	fk_inv_dbt_tmp_cia_rel_cn_inv_accnt	FK_invDbtTmpCiaRel_cnInvAccnt	NO_ACTION	NO_ACTION	pending	\N	\N	2025-09-10 07:24:10.060229	2025-09-10 07:24:10.060229
54	215	214	91	fk_inv_dbt_tmp_cia_rel_inv_dbt	FK_invDbtTmpCiaRel_invDbt	NO_ACTION	NO_ACTION	pending	\N	\N	2025-09-10 07:24:10.060229	2025-09-10 07:24:10.060229
55	216	302	92	fk_inv_dbt_value_accnt	FK_invDbtValue_accnt	NO_ACTION	NO_ACTION	pending	\N	\N	2025-09-10 07:24:10.060229	2025-09-10 07:24:10.060229
56	216	306	93	fk_inv_dbt_value_cn_inv_dbt_upl	FK_invDbtValue_cn_inv_dbt_upl	NO_ACTION	NO_ACTION	pending	\N	\N	2025-09-10 07:24:10.060229	2025-09-10 07:24:10.060229
57	216	214	94	fk_inv_dbt_value_inv_dbt	FK_invDbtValue_invDbt	NO_ACTION	NO_ACTION	pending	\N	\N	2025-09-10 07:24:10.060229	2025-09-10 07:24:10.060229
58	216	217	95	fk_inv_dbt_value_inv_num	FK_invDbtValue_invNum	NO_ACTION	NO_ACTION	pending	\N	\N	2025-09-10 07:24:10.060229	2025-09-10 07:24:10.060229
59	216	266	96	fk_inv_dbt_value_rg_tax_buirg	FK_invDbtValue_rgTaxBuirg	NO_ACTION	NO_ACTION	pending	\N	\N	2025-09-10 07:24:10.060229	2025-09-10 07:24:10.060229
60	217	316	97	fk_inv_num_inv	FK_invNum_inv	CASCADE	CASCADE	pending	\N	\N	2025-09-10 07:24:10.060229	2025-09-10 07:24:10.060229
61	317	320	98	fk_ipg_og	FK_ipg_og	NO_ACTION	NO_ACTION	pending	\N	\N	2025-09-10 07:24:10.060229	2025-09-10 07:24:10.060229
62	317	298	99	fk_ipg_st_net	FK_ipg_stNet	NO_ACTION	NO_ACTION	pending	\N	\N	2025-09-10 07:24:10.060229	2025-09-10 07:24:10.060229
63	317	332	100	fk_ipg_yyyy	FK_ipg_yyyy	NO_ACTION	NO_ACTION	pending	\N	\N	2025-09-10 07:24:10.060229	2025-09-10 07:24:10.060229
64	219	317	101	fk_ipg_ch_rl_ipg	FK_ipgChRl_ipg	CASCADE	CASCADE	pending	\N	\N	2025-09-10 07:24:10.060229	2025-09-10 07:24:10.060229
65	219	218	102	fk_ipg_ch_rl_ipg_ch	FK_ipgChRl_ipgCh	CASCADE	CASCADE	pending	\N	\N	2025-09-10 07:24:10.060229	2025-09-10 07:24:10.060229
66	219	232	103	fk_ipg_ch_rl_ipg_ut_pl_gr	FK_ipgChRl_ipgUtPlGr	NO_ACTION	NO_ACTION	pending	\N	\N	2025-09-10 07:24:10.060229	2025-09-10 07:24:10.060229
67	221	220	104	fk_ipg_cost_its_nm_ipg_cost_its	FK_ipgCostItsNm_ipgCostIts	CASCADE	CASCADE	pending	\N	\N	2025-09-10 07:24:10.060229	2025-09-10 07:24:10.060229
68	222	190	105	fk_ipg_pn_cst_ag_pn	FK_ipgPn_cstAgPn	CASCADE	CASCADE	pending	\N	\N	2025-09-10 07:24:10.060229	2025-09-10 07:24:10.060229
69	222	317	106	fk_ipg_pn_ipg	FK_ipgPn_ipg	CASCADE	CASCADE	pending	\N	\N	2025-09-10 07:24:10.060229	2025-09-10 07:24:10.060229
70	222	224	107	fk_ipg_pn_ipg_sh	FK_ipgPn_ipgSh	NO_ACTION	NO_ACTION	pending	\N	\N	2025-09-10 07:24:10.060229	2025-09-10 07:24:10.060229
71	223	222	108	fk_ipg_pn_lim_ipg_pn	FK_ipgPnLim_ipgPn	CASCADE	CASCADE	pending	\N	\N	2025-09-10 07:24:10.060229	2025-09-10 07:24:10.060229
72	223	293	109	fk_ipg_pn_lim_st_cost	FK_ipgPnLim_stCost	CASCADE	CASCADE	pending	\N	\N	2025-09-10 07:24:10.060229	2025-09-10 07:24:10.060229
73	225	226	110	fk_ipg_st_ipg_st_lm	FK_ipgSt_ipgStLm	NO_ACTION	NO_ACTION	pending	\N	\N	2025-09-10 07:24:10.060229	2025-09-10 07:24:10.060229
74	227	222	111	fk_ipg_st_pn_ipg_pn	FK_ipgStPn_ipgPn	CASCADE	CASCADE	pending	\N	\N	2025-09-10 07:24:10.060229	2025-09-10 07:24:10.060229
75	227	296	112	fk_ipg_st_pn_st_ipg	FK_ipgStPn_stIpg	CASCADE	CASCADE	pending	\N	\N	2025-09-10 07:24:10.060229	2025-09-10 07:24:10.060229
76	228	225	113	fk_ipg_st_rl_ipg_st	FK_ipgStRl_ipgSt	CASCADE	CASCADE	pending	\N	\N	2025-09-10 07:24:10.060229	2025-09-10 07:24:10.060229
77	228	225	114	fk_ipg_st_rl_ipg_st1	FK_ipgStRl_ipgSt1	NO_ACTION	NO_ACTION	pending	\N	\N	2025-09-10 07:24:10.060229	2025-09-10 07:24:10.060229
78	230	228	115	fk_ipg_st_rl_sh_p_ipg_st_rl	FK_ipgStRlShP_ipgStRl	CASCADE	CASCADE	pending	\N	\N	2025-09-10 07:24:10.060229	2025-09-10 07:24:10.060229
79	230	229	116	fk_ipg_st_rl_sh_p_ipg_st_rl_sh	FK_ipgStRlShP_ipgStRlSh	CASCADE	CASCADE	pending	\N	\N	2025-09-10 07:24:10.060229	2025-09-10 07:24:10.060229
80	231	317	117	fk_ipg_ut_pl_ipg	FK_ipgUtPl_ipg	NO_ACTION	NO_ACTION	pending	\N	\N	2025-09-10 07:24:10.060229	2025-09-10 07:24:10.060229
81	231	255	118	fk_ipg_ut_pl_og_ag	FK_ipgUtPl_ogAg	NO_ACTION	NO_ACTION	pending	\N	\N	2025-09-10 07:24:10.060229	2025-09-10 07:24:10.060229
82	232	317	119	fk_ipg_ut_pl_gr_ipg	FK_ipgUtPlGr_ipg	CASCADE	CASCADE	pending	\N	\N	2025-09-10 07:24:10.060229	2025-09-10 07:24:10.060229
83	233	231	120	fk_ipg_ut_pl_gr_p_ipg_ut_pl	FK_ipgUtPlGrP_ipgUtPl	CASCADE	CASCADE	pending	\N	\N	2025-09-10 07:24:10.060229	2025-09-10 07:24:10.060229
84	233	232	121	fk_ipg_ut_pl_gr_p_ipg_ut_pl_gr	FK_ipgUtPlGrP_ipgUtPlGr	CASCADE	CASCADE	pending	\N	\N	2025-09-10 07:24:10.060229	2025-09-10 07:24:10.060229
85	234	222	122	fk_ipg_ut_pl_p_ipg_pn	FK_ipgUtPlP_ipgPn	NO_ACTION	NO_ACTION	pending	\N	\N	2025-09-10 07:24:10.060229	2025-09-10 07:24:10.060229
86	234	231	123	fk_ipg_ut_pl_p_ipg_ut_pl	FK_ipgUtPlP_ipgUtPl	NO_ACTION	NO_ACTION	pending	\N	\N	2025-09-10 07:24:10.060229	2025-09-10 07:24:10.060229
87	234	320	124	fk_ipg_ut_pl_p_og	FK_ipgUtPlP_og	NO_ACTION	NO_ACTION	pending	\N	\N	2025-09-10 07:24:10.060229	2025-09-10 07:24:10.060229
88	235	220	125	fk_ipg_ut_pl_pn_cost_its_ipg_cost_its	FK_ipgUtPlPnCostIts_ipgCostIts	NO_ACTION	NO_ACTION	pending	\N	\N	2025-09-10 07:24:10.060229	2025-09-10 07:24:10.060229
89	235	234	126	fk_ipg_ut_pl_pn_cost_its_ipg_ut_pl_p	FK_ipgUtPlPnCostIts_ipgUtPlP	CASCADE	CASCADE	pending	\N	\N	2025-09-10 07:24:10.060229	2025-09-10 07:24:10.060229
90	236	234	127	fk_ipg_ut_pl_pn_lm_mn_ipg_ut_pl_p	FK_ipgUtPlPnLmMn_ipgUtPlP	CASCADE	CASCADE	pending	\N	\N	2025-09-10 07:24:10.060229	2025-09-10 07:24:10.060229
91	236	319	128	fk_ipg_ut_pl_pn_lm_mn_mmmm	FK_ipgUtPlPnLmMn_mmmm	NO_ACTION	NO_ACTION	pending	\N	\N	2025-09-10 07:24:10.060229	2025-09-10 07:24:10.060229
92	236	293	129	fk_ipg_ut_pl_pn_lm_mn_st_cost	FK_ipgUtPlPnLmMn_stCost	CASCADE	CASCADE	pending	\N	\N	2025-09-10 07:24:10.060229	2025-09-10 07:24:10.060229
93	237	234	130	fk_ipg_ut_pl_pn_lm_qu_ipg_ut_pl_p	FK_ipgUtPlPnLmQu_ipgUtPlP	CASCADE	CASCADE	pending	\N	\N	2025-09-10 07:24:10.060229	2025-09-10 07:24:10.060229
94	237	324	131	fk_ipg_ut_pl_pn_lm_qu_qqqq	FK_ipgUtPlPnLmQu_qqqq	NO_ACTION	NO_ACTION	pending	\N	\N	2025-09-10 07:24:10.060229	2025-09-10 07:24:10.060229
95	237	293	132	fk_ipg_ut_pl_pn_lm_qu_st_cost	FK_ipgUtPlPnLmQu_stCost	CASCADE	CASCADE	pending	\N	\N	2025-09-10 07:24:10.060229	2025-09-10 07:24:10.060229
96	238	234	133	fk_ipg_ut_pl_pn_lm_ye_ipg_ut_pl_p	FK_ipgUtPlPnLmYe_ipgUtPlP	CASCADE	CASCADE	pending	\N	\N	2025-09-10 07:24:10.060229	2025-09-10 07:24:10.060229
97	238	293	134	fk_ipg_ut_pl_pn_lm_ye_st_cost	FK_ipgUtPlPnLmYe_stCost	CASCADE	CASCADE	pending	\N	\N	2025-09-10 07:24:10.060229	2025-09-10 07:24:10.060229
98	240	239	135	fk_ju_un_doc_chng_ju_un_doc	FK_JuUnDocChng_JuUnDoc	NO_ACTION	NO_ACTION	pending	\N	\N	2025-09-10 07:24:10.060229	2025-09-10 07:24:10.060229
99	240	243	136	fk_ju_un_doc_chng_ju_un_doc_chng_type	FK_JuUnDocChng_JuUnDocChngType	NO_ACTION	NO_ACTION	pending	\N	\N	2025-09-10 07:24:10.060229	2025-09-10 07:24:10.060229
100	242	240	137	fk_ju_un_doc_chng_gr_rel_ju_un_doc_chng	FK_JuUnDocChngGrRel_JuUnDocChng	NO_ACTION	NO_ACTION	pending	\N	\N	2025-09-10 07:24:10.060229	2025-09-10 07:24:10.060229
101	242	241	138	fk_ju_un_doc_chng_gr_rel_ju_un_doc_chng_gr	FK_JuUnDocChngGrRel_JuUnDocChngGr	NO_ACTION	NO_ACTION	pending	\N	\N	2025-09-10 07:24:10.060229	2025-09-10 07:24:10.060229
102	245	239	139	fk_ju_un_doc_prmr_ju_un_doc	FK_JuUnDocPrmr_JuUnDoc	NO_ACTION	NO_ACTION	pending	\N	\N	2025-09-10 07:24:10.060229	2025-09-10 07:24:10.060229
103	245	248	140	fk_ju_un_doc_prmr_ju_un_doc_prmr_type	FK_JuUnDocPrmr_JuUnDocPrmrType	NO_ACTION	NO_ACTION	pending	\N	\N	2025-09-10 07:24:10.060229	2025-09-10 07:24:10.060229
104	247	245	141	fk_ju_un_doc_prmr_gr_rel_ju_un_doc_prmr	FK_JuUnDocPrmrGrRel_JuUnDocPrmr	NO_ACTION	NO_ACTION	pending	\N	\N	2025-09-10 07:24:10.060229	2025-09-10 07:24:10.060229
105	247	246	142	fk_ju_un_doc_prmr_gr_rel_ju_un_doc_prmr_gr	FK_JuUnDocPrmrGrRel_JuUnDocPrmrGr	NO_ACTION	NO_ACTION	pending	\N	\N	2025-09-10 07:24:10.060229	2025-09-10 07:24:10.060229
106	249	239	143	fk_ju_un_doc_reg_ju_un_doc	FK_JuUnDocReg_JuUnDoc	NO_ACTION	NO_ACTION	pending	\N	\N	2025-09-10 07:24:10.060229	2025-09-10 07:24:10.060229
107	250	249	144	fk_ju_un_doc_reg_link_ju_un_doc_reg	FK_JuUnDocRegLink_JuUnDocReg	NO_ACTION	NO_ACTION	pending	\N	\N	2025-09-10 07:24:10.060229	2025-09-10 07:24:10.060229
108	251	239	145	fk_ju_un_doc_rel_chng_ju_un_doc	FK_JuUnDocRelChng_JuUnDoc	NO_ACTION	NO_ACTION	pending	\N	\N	2025-09-10 07:24:10.060229	2025-09-10 07:24:10.060229
109	251	240	146	fk_ju_un_doc_rel_chng_ju_un_doc_chng	FK_JuUnDocRelChng_JuUnDocChng	NO_ACTION	NO_ACTION	pending	\N	\N	2025-09-10 07:24:10.060229	2025-09-10 07:24:10.060229
110	252	239	147	fk_ju_un_doc_side_ju_un_doc	FK_JuUnDocSide_JuUnDoc	NO_ACTION	NO_ACTION	pending	\N	\N	2025-09-10 07:24:10.060229	2025-09-10 07:24:10.060229
111	252	253	148	fk_ju_un_doc_side_ju_un_doc_side_org	FK_JuUnDocSide_JuUnDocSideOrg	NO_ACTION	NO_ACTION	pending	\N	\N	2025-09-10 07:24:10.060229	2025-09-10 07:24:10.060229
112	252	254	149	fk_ju_un_doc_side_ju_un_doc_side_type	FK_JuUnDocSide_JuUnDocSideType	NO_ACTION	NO_ACTION	pending	\N	\N	2025-09-10 07:24:10.060229	2025-09-10 07:24:10.060229
113	255	320	150	fk_og_ag_og	FK_ogAg_og	CASCADE	CASCADE	pending	\N	\N	2025-09-10 07:24:10.060229	2025-09-10 07:24:10.060229
114	256	319	151	fk_og_ag_fee_mmmm	FK_ogAgFee_mmmm	NO_ACTION	NO_ACTION	pending	\N	\N	2025-09-10 07:24:10.060229	2025-09-10 07:24:10.060229
115	256	255	152	fk_og_ag_fee_og_ag	FK_ogAgFee_ogAg	CASCADE	CASCADE	pending	\N	\N	2025-09-10 07:24:10.060229	2025-09-10 07:24:10.060229
116	256	332	153	fk_og_ag_fee_yyyy	FK_ogAgFee_yyyy	NO_ACTION	NO_ACTION	pending	\N	\N	2025-09-10 07:24:10.060229	2025-09-10 07:24:10.060229
117	257	190	154	fk_og_ag_fee_p_cst_ag_pn	FK_ogAgFeeP_cstAgPn	NO_ACTION	NO_ACTION	pending	\N	\N	2025-09-10 07:24:10.060229	2025-09-10 07:24:10.060229
118	257	256	155	fk_og_ag_fee_p_og_ag_fee	FK_ogAgFeeP_ogAgFee	CASCADE	CASCADE	pending	\N	\N	2025-09-10 07:24:10.060229	2025-09-10 07:24:10.060229
119	259	320	156	fk_og_nm_f_og	FK_ogNmF_og	CASCADE	CASCADE	pending	\N	\N	2025-09-10 07:24:10.060229	2025-09-10 07:24:10.060229
120	322	320	157	fk_org_id_og	FK_org_id_og	CASCADE	CASCADE	pending	\N	\N	2025-09-10 07:24:10.060229	2025-09-10 07:24:10.060229
121	322	323	158	fk_org_id_org_id_type	FK_org_id_org_id_type	CASCADE	CASCADE	pending	\N	\N	2025-09-10 07:24:10.060229	2025-09-10 07:24:10.060229
122	325	190	159	fk_ra_cst_ag_pn	FK_ra_cstAgPn	CASCADE	CASCADE	pending	\N	\N	2025-09-10 07:24:10.060229	2025-09-10 07:24:10.060229
123	325	327	160	fk_ra_ra_period	FK_ra_ra_period	CASCADE	CASCADE	pending	\N	\N	2025-09-10 07:24:10.060229	2025-09-10 07:24:10.060229
124	326	325	161	fk_ra_change_ra	FK_ra_change_ra	CASCADE	CASCADE	pending	\N	\N	2025-09-10 07:24:10.060229	2025-09-10 07:24:10.060229
125	318	326	162	fk_ra_change_summ_ra_change	FK_ra_change_summ_ra_change	CASCADE	CASCADE	pending	\N	\N	2025-09-10 07:24:10.060229	2025-09-10 07:24:10.060229
126	260	318	163	fk_ra_change_summ_ct_ra_change_summ	FK_ra_change_summCt_ra_change_summ	CASCADE	CASCADE	pending	\N	\N	2025-09-10 07:24:10.060229	2025-09-10 07:24:10.060229
127	260	293	164	fk_ra_change_summ_ct_st_cost	FK_ra_change_summCt_stCost	CASCADE	CASCADE	pending	\N	\N	2025-09-10 07:24:10.060229	2025-09-10 07:24:10.060229
128	327	319	165	fk_ra_period_mmmm	FK_ra_period_mmmm	NO_ACTION	NO_ACTION	pending	\N	\N	2025-09-10 07:24:10.060229	2025-09-10 07:24:10.060229
129	327	332	166	fk_ra_period_yyyy	FK_ra_period_yyyy	NO_ACTION	NO_ACTION	pending	\N	\N	2025-09-10 07:24:10.060229	2025-09-10 07:24:10.060229
130	328	325	167	fk_ra_summ_ra	FK_ra_summ_ra	CASCADE	CASCADE	pending	\N	\N	2025-09-10 07:24:10.060229	2025-09-10 07:24:10.060229
131	261	328	168	fk_ra_summ_ct_ra_summ	FK_ra_summCt_ra_summ	CASCADE	CASCADE	pending	\N	\N	2025-09-10 07:24:10.060229	2025-09-10 07:24:10.060229
132	261	293	169	fk_ra_summ_ct_st_cost	FK_ra_summCt_stCost	CASCADE	CASCADE	pending	\N	\N	2025-09-10 07:24:10.060229	2025-09-10 07:24:10.060229
133	264	190	170	fk_ralp_ra_cst_ag_pn	FK_ralpRa_cstAgPn	NO_ACTION	NO_ACTION	pending	\N	\N	2025-09-10 07:24:10.060229	2025-09-10 07:24:10.060229
134	264	320	171	fk_ralp_ra_og	FK_ralpRa_og	NO_ACTION	NO_ACTION	pending	\N	\N	2025-09-10 07:24:10.060229	2025-09-10 07:24:10.060229
135	265	264	172	fk_ralp_ra_au_ralp_ra	FK_ralpRaAu_ralpRa	CASCADE	CASCADE	pending	\N	\N	2025-09-10 07:24:10.060229	2025-09-10 07:24:10.060229
136	267	269	173	fk_rg_tax_id_num_ind_rg_tax_ind	FK_rgTaxIdNumInd_rgTaxInd	NO_ACTION	NO_ACTION	pending	\N	\N	2025-09-10 07:24:10.060229	2025-09-10 07:24:10.060229
137	267	276	174	fk_rg_tax_id_num_ind_rg_tax_office	FK_rgTaxIdNumInd_rgTaxOffice	NO_ACTION	NO_ACTION	pending	\N	\N	2025-09-10 07:24:10.060229	2025-09-10 07:24:10.060229
138	268	266	175	fk_rg_tax_id_num_jur_pers_rg_tax_buirg	FK_rgTaxIdNumJurPers_rgTaxBuirg	NO_ACTION	NO_ACTION	pending	\N	\N	2025-09-10 07:24:10.060229	2025-09-10 07:24:10.060229
139	268	272	176	fk_rg_tax_id_num_jur_pers_rg_tax_mn_st_reg_num	FK_rgTaxIdNumJurPers_rgTaxMnStRegNum	NO_ACTION	NO_ACTION	pending	\N	\N	2025-09-10 07:24:10.060229	2025-09-10 07:24:10.060229
140	268	276	177	fk_rg_tax_id_num_jur_pers_rg_tax_office	FK_rgTaxIdNumJurPers_rgTaxOffice	NO_ACTION	NO_ACTION	pending	\N	\N	2025-09-10 07:24:10.060229	2025-09-10 07:24:10.060229
141	272	320	178	fk_rg_tax_mn_st_reg_num_og	FK_rgTaxMnStRegNum_og	NO_ACTION	NO_ACTION	pending	\N	\N	2025-09-10 07:24:10.060229	2025-09-10 07:24:10.060229
142	272	270	179	fk_rg_tax_mn_st_reg_num_rg_tax_lg_ent_frm_mtd	FK_rgTaxMnStRegNum_rgTaxLgEntFrmMtd	NO_ACTION	NO_ACTION	pending	\N	\N	2025-09-10 07:24:10.060229	2025-09-10 07:24:10.060229
143	272	271	180	fk_rg_tax_mn_st_reg_num_rg_tax_lg_ent_trm_mtd	FK_rgTaxMnStRegNum_rgTaxLgEntTrmMtd	NO_ACTION	NO_ACTION	pending	\N	\N	2025-09-10 07:24:10.060229	2025-09-10 07:24:10.060229
144	272	279	181	fk_rg_tax_mn_st_reg_num_rg_tax_region	FK_rgTaxMnStRegNum_rgTaxRegion	NO_ACTION	NO_ACTION	pending	\N	\N	2025-09-10 07:24:10.060229	2025-09-10 07:24:10.060229
145	273	266	182	fk_rg_tax_mn_st_reg_num_ind_rg_tax_buirg	FK_rgTaxMnStRegNumInd_rgTaxBuirg	NO_ACTION	NO_ACTION	pending	\N	\N	2025-09-10 07:24:10.060229	2025-09-10 07:24:10.060229
146	273	267	183	fk_rg_tax_mn_st_reg_num_ind_rg_tax_id_num_ind	FK_rgTaxMnStRegNumInd_rgTaxIdNumInd	NO_ACTION	NO_ACTION	pending	\N	\N	2025-09-10 07:24:10.060229	2025-09-10 07:24:10.060229
147	273	279	184	fk_rg_tax_mn_st_reg_num_ind_rg_tax_region	FK_rgTaxMnStRegNumInd_rgTaxRegion	NO_ACTION	NO_ACTION	pending	\N	\N	2025-09-10 07:24:10.060229	2025-09-10 07:24:10.060229
148	274	272	185	fk_rg_tax_name_rg_tax_mn_st_reg_num	FK_rgTaxName_rgTaxMnStRegNum	NO_ACTION	NO_ACTION	pending	\N	\N	2025-09-10 07:24:10.060229	2025-09-10 07:24:10.060229
149	275	272	186	fk_rg_tax_name_short_rg_tax_mn_st_reg_num	FK_rgTaxNameShort_rgTaxMnStRegNum	NO_ACTION	NO_ACTION	pending	\N	\N	2025-09-10 07:24:10.060229	2025-09-10 07:24:10.060229
150	276	279	187	fk_rg_tax_office_rg_tax_region	FK_rgTaxOffice_rgTaxRegion	NO_ACTION	NO_ACTION	pending	\N	\N	2025-09-10 07:24:10.060229	2025-09-10 07:24:10.060229
151	278	268	188	fk_rg_tax_reason_code_rg_tax_id_num_jur_pers	FK_rgTaxReasonCode_rgTaxIdNumJurPers	NO_ACTION	NO_ACTION	pending	\N	\N	2025-09-10 07:24:10.060229	2025-09-10 07:24:10.060229
152	278	276	189	fk_rg_tax_reason_code_rg_tax_office	FK_rgTaxReasonCode_rgTaxOffice	NO_ACTION	NO_ACTION	pending	\N	\N	2025-09-10 07:24:10.060229	2025-09-10 07:24:10.060229
153	278	277	190	fk_rg_tax_reason_code_rg_tax_reason	FK_rgTaxReasonCode_rgTaxReason	NO_ACTION	NO_ACTION	pending	\N	\N	2025-09-10 07:24:10.060229	2025-09-10 07:24:10.060229
154	280	272	191	fk_rg_tax_reor_acqui_rg_tax_mn_st_reg_num	FK_rgTaxReorAcqui_rgTaxMnStRegNum	NO_ACTION	NO_ACTION	pending	\N	\N	2025-09-10 07:24:10.060229	2025-09-10 07:24:10.060229
155	280	272	192	fk_rg_tax_reor_acqui_rg_tax_mn_st_reg_num1	FK_rgTaxReorAcqui_rgTaxMnStRegNum1	NO_ACTION	NO_ACTION	pending	\N	\N	2025-09-10 07:24:10.060229	2025-09-10 07:24:10.060229
156	281	272	193	fk_rg_tax_reor_divis_rg_tax_mn_st_reg_num	FK_rgTaxReorDivis_rgTaxMnStRegNum	NO_ACTION	NO_ACTION	pending	\N	\N	2025-09-10 07:24:10.060229	2025-09-10 07:24:10.060229
157	281	272	194	fk_rg_tax_reor_divis_rg_tax_mn_st_reg_num1	FK_rgTaxReorDivis_rgTaxMnStRegNum1	NO_ACTION	NO_ACTION	pending	\N	\N	2025-09-10 07:24:10.060229	2025-09-10 07:24:10.060229
158	282	272	195	fk_rg_tax_reor_divis_acqu_rg_tax_mn_st_reg_num	FK_rgTaxReorDivisAcqu_rgTaxMnStRegNum	NO_ACTION	NO_ACTION	pending	\N	\N	2025-09-10 07:24:10.060229	2025-09-10 07:24:10.060229
159	282	272	196	fk_rg_tax_reor_divis_acqu_rg_tax_mn_st_reg_num1	FK_rgTaxReorDivisAcqu_rgTaxMnStRegNum1	NO_ACTION	NO_ACTION	pending	\N	\N	2025-09-10 07:24:10.060229	2025-09-10 07:24:10.060229
160	282	272	197	fk_rg_tax_reor_divis_acqu_rg_tax_mn_st_reg_num2	FK_rgTaxReorDivisAcqu_rgTaxMnStRegNum2	NO_ACTION	NO_ACTION	pending	\N	\N	2025-09-10 07:24:10.060229	2025-09-10 07:24:10.060229
161	283	272	198	fk_rg_tax_reor_divis_merg_rg_tax_mn_st_reg_num	FK_rgTaxReorDivisMerg_rgTaxMnStRegNum	NO_ACTION	NO_ACTION	pending	\N	\N	2025-09-10 07:24:10.060229	2025-09-10 07:24:10.060229
162	283	272	199	fk_rg_tax_reor_divis_merg_rg_tax_mn_st_reg_num1	FK_rgTaxReorDivisMerg_rgTaxMnStRegNum1	NO_ACTION	NO_ACTION	pending	\N	\N	2025-09-10 07:24:10.060229	2025-09-10 07:24:10.060229
163	283	272	200	fk_rg_tax_reor_divis_merg_rg_tax_mn_st_reg_num2	FK_rgTaxReorDivisMerg_rgTaxMnStRegNum2	NO_ACTION	NO_ACTION	pending	\N	\N	2025-09-10 07:24:10.060229	2025-09-10 07:24:10.060229
164	284	272	201	fk_rg_tax_reor_merge_rg_tax_mn_st_reg_num	FK_rgTaxReorMerge_rgTaxMnStRegNum	NO_ACTION	NO_ACTION	pending	\N	\N	2025-09-10 07:24:10.060229	2025-09-10 07:24:10.060229
165	284	272	202	fk_rg_tax_reor_merge_rg_tax_mn_st_reg_num1	FK_rgTaxReorMerge_rgTaxMnStRegNum1	NO_ACTION	NO_ACTION	pending	\N	\N	2025-09-10 07:24:10.060229	2025-09-10 07:24:10.060229
166	285	272	203	fk_rg_tax_reor_separ_rg_tax_mn_st_reg_num	FK_rgTaxReorSepar_rgTaxMnStRegNum	NO_ACTION	NO_ACTION	pending	\N	\N	2025-09-10 07:24:10.060229	2025-09-10 07:24:10.060229
167	285	272	204	fk_rg_tax_reor_separ_rg_tax_mn_st_reg_num1	FK_rgTaxReorSepar_rgTaxMnStRegNum1	NO_ACTION	NO_ACTION	pending	\N	\N	2025-09-10 07:24:10.060229	2025-09-10 07:24:10.060229
168	286	272	205	fk_rg_tax_reor_separ_acqu_rg_tax_mn_st_reg_num	FK_rgTaxReorSeparAcqu_rgTaxMnStRegNum	NO_ACTION	NO_ACTION	pending	\N	\N	2025-09-10 07:24:10.060229	2025-09-10 07:24:10.060229
169	286	272	206	fk_rg_tax_reor_separ_acqu_rg_tax_mn_st_reg_num1	FK_rgTaxReorSeparAcqu_rgTaxMnStRegNum1	NO_ACTION	NO_ACTION	pending	\N	\N	2025-09-10 07:24:10.060229	2025-09-10 07:24:10.060229
170	286	272	207	fk_rg_tax_reor_separ_acqu_rg_tax_mn_st_reg_num2	FK_rgTaxReorSeparAcqu_rgTaxMnStRegNum2	NO_ACTION	NO_ACTION	pending	\N	\N	2025-09-10 07:24:10.060229	2025-09-10 07:24:10.060229
171	287	272	208	fk_rg_tax_reor_separ_merg_rg_tax_mn_st_reg_num	FK_rgTaxReorSeparMerg_rgTaxMnStRegNum	NO_ACTION	NO_ACTION	pending	\N	\N	2025-09-10 07:24:10.060229	2025-09-10 07:24:10.060229
172	287	272	209	fk_rg_tax_reor_separ_merg_rg_tax_mn_st_reg_num1	FK_rgTaxReorSeparMerg_rgTaxMnStRegNum1	NO_ACTION	NO_ACTION	pending	\N	\N	2025-09-10 07:24:10.060229	2025-09-10 07:24:10.060229
173	287	272	210	fk_rg_tax_reor_separ_merg_rg_tax_mn_st_reg_num2	FK_rgTaxReorSeparMerg_rgTaxMnStRegNum2	NO_ACTION	NO_ACTION	pending	\N	\N	2025-09-10 07:24:10.060229	2025-09-10 07:24:10.060229
174	288	272	211	fk_rg_tax_reor_trans_rg_tax_mn_st_reg_num	FK_rgTaxReorTrans_rgTaxMnStRegNum	NO_ACTION	NO_ACTION	pending	\N	\N	2025-09-10 07:24:10.060229	2025-09-10 07:24:10.060229
175	288	272	212	fk_rg_tax_reor_trans_rg_tax_mn_st_reg_num1	FK_rgTaxReorTrans_rgTaxMnStRegNum1	NO_ACTION	NO_ACTION	pending	\N	\N	2025-09-10 07:24:10.060229	2025-09-10 07:24:10.060229
176	289	320	213	fk_rg_tax_sub_divs_og	FK_rgTaxSubDivs_og	NO_ACTION	NO_ACTION	pending	\N	\N	2025-09-10 07:24:10.060229	2025-09-10 07:24:10.060229
177	289	272	214	fk_rg_tax_sub_divs_rg_tax_mn_st_reg_num	FK_rgTaxSubDivs_rgTaxMnStRegNum	NO_ACTION	NO_ACTION	pending	\N	\N	2025-09-10 07:24:10.060229	2025-09-10 07:24:10.060229
178	290	266	215	fk_rg_tax_buirg	FK_rgTaxBuirg	NO_ACTION	NO_ACTION	pending	\N	\N	2025-09-10 07:24:10.060229	2025-09-10 07:24:10.060229
179	290	289	216	fk_rg_tax_sub_divs_buirg_rg_tax_sub_divs	FK_rgTaxSubDivsBuirg_rgTaxSubDivs	NO_ACTION	NO_ACTION	pending	\N	\N	2025-09-10 07:24:10.060229	2025-09-10 07:24:10.060229
180	291	289	217	fk_sub_divs_name_sub_divs	FK_SubDivsName_SubDivs	NO_ACTION	NO_ACTION	pending	\N	\N	2025-09-10 07:24:10.060229	2025-09-10 07:24:10.060229
181	292	276	218	fk_rg_tax_sub_divs_reas_rg_tax_office	FK_rgTaxSubDivsReas_rgTaxOffice	NO_ACTION	NO_ACTION	pending	\N	\N	2025-09-10 07:24:10.060229	2025-09-10 07:24:10.060229
182	292	277	219	fk_rg_tax_sub_divs_reas_rg_tax_reason	FK_rgTaxSubDivsReas_rgTaxReason	NO_ACTION	NO_ACTION	pending	\N	\N	2025-09-10 07:24:10.060229	2025-09-10 07:24:10.060229
183	292	289	220	fk_rg_tax_sub_divs_reas_rg_tax_sub_divs	FK_rgTaxSubDivsReas_rgTaxSubDivs	NO_ACTION	NO_ACTION	pending	\N	\N	2025-09-10 07:24:10.060229	2025-09-10 07:24:10.060229
184	329	301	221	fk_st_st_type_680f1337	FK__st__stType__680F1337	NO_ACTION	NO_ACTION	pending	\N	\N	2025-09-10 07:24:10.060229	2025-09-10 07:24:10.060229
185	293	329	222	fk_st_cost	FK_St_cost	NO_ACTION	NO_ACTION	pending	\N	\N	2025-09-10 07:24:10.060229	2025-09-10 07:24:10.060229
186	294	293	223	fk_st_cost_nm_stcn_co_087be2c9	FK__stCostNm__stcnCo__087BE2C9	CASCADE	CASCADE	pending	\N	\N	2025-09-10 07:24:10.060229	2025-09-10 07:24:10.060229
187	296	295	224	fk_st_ipg_sti_7c160be4	FK__stIpg__sti__7C160BE4	NO_ACTION	NO_ACTION	pending	\N	\N	2025-09-10 07:24:10.060229	2025-09-10 07:24:10.060229
188	296	329	225	fk_st_ipg	FK_St_ipg	NO_ACTION	NO_ACTION	pending	\N	\N	2025-09-10 07:24:10.060229	2025-09-10 07:24:10.060229
189	297	296	226	fk_st_ipg_nm_stin_ipg_00dac101	FK__stIpgNm__stinIpg__00DAC101	CASCADE	CASCADE	pending	\N	\N	2025-09-10 07:24:10.060229	2025-09-10 07:24:10.060229
190	298	301	227	fk_st_net_st_type	FK_stNet_stType	NO_ACTION	NO_ACTION	pending	\N	\N	2025-09-10 07:24:10.060229	2025-09-10 07:24:10.060229
191	299	298	228	fk_st_net_pn_st_net	FK_stNetPn_stNet	CASCADE	CASCADE	pending	\N	\N	2025-09-10 07:24:10.060229	2025-09-10 07:24:10.060229
192	299	300	229	fk_st_net_pn_st_rel	FK_stNetPn_stRel	CASCADE	CASCADE	pending	\N	\N	2025-09-10 07:24:10.060229	2025-09-10 07:24:10.060229
193	300	329	230	fk_st_rel_st	FK_stRel_st	NO_ACTION	NO_ACTION	pending	\N	\N	2025-09-10 07:24:10.060229	2025-09-10 07:24:10.060229
194	300	329	231	fk_st_rel_st1	FK_stRel_st1	NO_ACTION	NO_ACTION	pending	\N	\N	2025-09-10 07:24:10.060229	2025-09-10 07:24:10.060229
195	330	306	232	fk_yr_cn_inv_dbt_upl	FK_yr_cn_inv_dbt_upl	CASCADE	CASCADE	pending	\N	\N	2025-09-10 07:24:10.060229	2025-09-10 07:24:10.060229
196	330	182	233	fk_yr_cn_inv_cmm_gr	FK_yr_cnInvCmmGr	NO_ACTION	NO_ACTION	pending	\N	\N	2025-09-10 07:24:10.060229	2025-09-10 07:24:10.060229
197	330	332	234	fk_yr_yyyy	FK_yr_yyyy	NO_ACTION	NO_ACTION	pending	\N	\N	2025-09-10 07:24:10.060229	2025-09-10 07:24:10.060229
198	331	306	235	fk_yr_upl_p_cn_inv_dbt_upl	FK_yr_upl_p_cn_inv_dbt_upl	NO_ACTION	NO_ACTION	pending	\N	\N	2025-09-10 07:24:10.060229	2025-09-10 07:24:10.060229
199	331	330	236	fk_yr_upl_p_yr	FK_yr_upl_p_yr	CASCADE	CASCADE	pending	\N	\N	2025-09-10 07:24:10.060229	2025-09-10 07:24:10.060229
\.


--
-- Data for Name: postgres_functions; Type: TABLE DATA; Schema: mcl; Owner: postgres
--

COPY mcl.postgres_functions (id, task_id, object_name, object_type, schema_name, migration_status, migration_date, error_message, create_date, modify_date, object_id, created_at, updated_at, source_function_id, function_definition, return_type, parameter_count, is_deterministic, function_type, source_function_name, source_function_definition, migration_duration, definition_complexity) FROM stdin;
\.


--
-- Data for Name: postgres_index_columns; Type: TABLE DATA; Schema: mcl; Owner: postgres
--

COPY mcl.postgres_index_columns (id, index_id, column_id, source_index_column_id, ordinal_position, is_descending, is_included_column, created_at, updated_at) FROM stdin;
22	81	1	3	1	f	f	2025-09-10 15:31:54.222979	2025-09-10 15:31:54.222979
23	82	4	4	1	f	f	2025-09-10 15:31:54.222979	2025-09-10 15:31:54.222979
24	83	11	5	1	f	f	2025-09-10 15:31:54.222979	2025-09-10 15:31:54.222979
25	84	81	6	1	f	f	2025-09-10 15:31:54.222979	2025-09-10 15:31:54.222979
26	85	92	29	1	f	f	2025-09-10 15:31:54.222979	2025-09-10 15:31:54.222979
27	85	89	28	2	f	f	2025-09-10 15:31:54.222979	2025-09-10 15:31:54.222979
28	86	94	7	1	f	f	2025-09-10 15:31:54.222979	2025-09-10 15:31:54.222979
29	87	99	172	1	f	f	2025-09-10 15:31:54.222979	2025-09-10 15:31:54.222979
30	88	102	8	1	f	f	2025-09-10 15:31:54.222979	2025-09-10 15:31:54.222979
31	89	116	9	1	f	f	2025-09-10 15:31:54.222979	2025-09-10 15:31:54.222979
32	90	147	11	1	f	f	2025-09-10 15:31:54.222979	2025-09-10 15:31:54.222979
33	91	168	22	1	f	f	2025-09-10 15:31:54.222979	2025-09-10 15:31:54.222979
34	91	164	15	2	f	f	2025-09-10 15:31:54.222979	2025-09-10 15:31:54.222979
35	91	166	16	3	f	f	2025-09-10 15:31:54.222979	2025-09-10 15:31:54.222979
36	91	163	14	4	f	f	2025-09-10 15:31:54.222979	2025-09-10 15:31:54.222979
37	92	162	10	1	f	f	2025-09-10 15:31:54.222979	2025-09-10 15:31:54.222979
38	93	171	12	1	f	f	2025-09-10 15:31:54.222979	2025-09-10 15:31:54.222979
39	94	207	23	1	f	f	2025-09-10 15:31:54.222979	2025-09-10 15:31:54.222979
40	95	205	13	1	f	f	2025-09-10 15:31:54.222979	2025-09-10 15:31:54.222979
41	96	210	17	1	f	f	2025-09-10 15:31:54.222979	2025-09-10 15:31:54.222979
42	96	211	18	2	f	f	2025-09-10 15:31:54.222979	2025-09-10 15:31:54.222979
43	97	209	24	1	f	f	2025-09-10 15:31:54.222979	2025-09-10 15:31:54.222979
44	98	215	20	1	f	f	2025-09-10 15:31:54.222979	2025-09-10 15:31:54.222979
45	99	217	26	1	f	f	2025-09-10 15:31:54.222979	2025-09-10 15:31:54.222979
46	99	216	25	2	f	f	2025-09-10 15:31:54.222979	2025-09-10 15:31:54.222979
47	100	212	19	1	f	f	2025-09-10 15:31:54.222979	2025-09-10 15:31:54.222979
48	102	59	38	1	f	f	2025-09-10 15:31:54.222979	2025-09-10 15:31:54.222979
49	103	236	51	1	f	f	2025-09-10 15:31:54.222979	2025-09-10 15:31:54.222979
50	104	114	45	1	f	f	2025-09-10 15:31:54.222979	2025-09-10 15:31:54.222979
51	105	642	100	1	f	f	2025-09-10 15:31:54.222979	2025-09-10 15:31:54.222979
52	106	153	47	1	f	f	2025-09-10 15:31:54.222979	2025-09-10 15:31:54.222979
53	107	943	159	1	f	f	2025-09-10 15:31:54.222979	2025-09-10 15:31:54.222979
54	108	801	112	1	f	f	2025-09-10 15:31:54.222979	2025-09-10 15:31:54.222979
55	109	226	49	1	f	f	2025-09-10 15:31:54.222979	2025-09-10 15:31:54.222979
56	110	840	126	1	f	f	2025-09-10 15:31:54.222979	2025-09-10 15:31:54.222979
57	110	841	127	2	f	f	2025-09-10 15:31:54.222979	2025-09-10 15:31:54.222979
58	110	842	128	3	f	f	2025-09-10 15:31:54.222979	2025-09-10 15:31:54.222979
59	111	957	181	1	f	f	2025-09-10 15:31:54.222979	2025-09-10 15:31:54.222979
60	112	243	52	1	f	f	2025-09-10 15:31:54.222979	2025-09-10 15:31:54.222979
61	113	456	74	1	f	f	2025-09-10 15:31:54.222979	2025-09-10 15:31:54.222979
62	114	420	67	1	f	f	2025-09-10 15:31:54.222979	2025-09-10 15:31:54.222979
63	115	563	87	1	f	f	2025-09-10 15:31:54.222979	2025-09-10 15:31:54.222979
64	116	968	184	1	f	f	2025-09-10 15:31:54.222979	2025-09-10 15:31:54.222979
65	117	555	84	1	f	f	2025-09-10 15:31:54.222979	2025-09-10 15:31:54.222979
66	118	442	175	1	f	f	2025-09-10 15:31:54.222979	2025-09-10 15:31:54.222979
67	119	393	62	1	f	f	2025-09-10 15:31:54.222979	2025-09-10 15:31:54.222979
68	121	447	71	1	f	f	2025-09-10 15:31:54.222979	2025-09-10 15:31:54.222979
69	122	503	80	1	f	f	2025-09-10 15:31:54.222979	2025-09-10 15:31:54.222979
70	123	928	154	1	f	f	2025-09-10 15:31:54.222979	2025-09-10 15:31:54.222979
71	123	930	155	2	f	f	2025-09-10 15:31:54.222979	2025-09-10 15:31:54.222979
72	126	602	92	1	f	f	2025-09-10 15:31:54.222979	2025-09-10 15:31:54.222979
73	129	558	85	1	f	f	2025-09-10 15:31:54.222979	2025-09-10 15:31:54.222979
74	130	45	34	1	f	f	2025-09-10 15:31:54.222979	2025-09-10 15:31:54.222979
75	131	39	33	1	f	f	2025-09-10 15:31:54.222979	2025-09-10 15:31:54.222979
76	132	57	37	1	f	f	2025-09-10 15:31:54.222979	2025-09-10 15:31:54.222979
77	133	381	56	1	f	f	2025-09-10 15:31:54.222979	2025-09-10 15:31:54.222979
78	133	382	57	2	f	f	2025-09-10 15:31:54.222979	2025-09-10 15:31:54.222979
79	133	383	58	3	f	f	2025-09-10 15:31:54.222979	2025-09-10 15:31:54.222979
80	134	782	116	1	f	f	2025-09-10 15:31:54.222979	2025-09-10 15:31:54.222979
81	135	806	113	1	f	f	2025-09-10 15:31:54.222979	2025-09-10 15:31:54.222979
82	136	889	139	1	f	f	2025-09-10 15:31:54.222979	2025-09-10 15:31:54.222979
83	137	52	36	1	f	f	2025-09-10 15:31:54.222979	2025-09-10 15:31:54.222979
84	138	1000	168	1	f	f	2025-09-10 15:31:54.222979	2025-09-10 15:31:54.222979
85	139	160	48	1	f	f	2025-09-10 15:31:54.222979	2025-09-10 15:31:54.222979
86	140	600	91	1	f	f	2025-09-10 15:31:54.222979	2025-09-10 15:31:54.222979
87	142	623	97	1	f	f	2025-09-10 15:31:54.222979	2025-09-10 15:31:54.222979
88	143	20	30	1	f	f	2025-09-10 15:31:54.222979	2025-09-10 15:31:54.222979
89	145	220	27	1	f	f	2025-09-10 15:31:54.222979	2025-09-10 15:31:54.222979
90	146	610	93	1	f	f	2025-09-10 15:31:54.222979	2025-09-10 15:31:54.222979
91	147	997	167	1	f	f	2025-09-10 15:31:54.222979	2025-09-10 15:31:54.222979
92	148	560	86	1	f	f	2025-09-10 15:31:54.222979	2025-09-10 15:31:54.222979
93	150	631	99	1	f	f	2025-09-10 15:31:54.222979	2025-09-10 15:31:54.222979
94	151	409	64	1	f	f	2025-09-10 15:31:54.222979	2025-09-10 15:31:54.222979
95	153	75	42	1	f	f	2025-09-10 15:31:54.222979	2025-09-10 15:31:54.222979
96	154	710	106	1	f	f	2025-09-10 15:31:54.222979	2025-09-10 15:31:54.222979
97	156	260	54	1	f	f	2025-09-10 15:31:54.222979	2025-09-10 15:31:54.222979
98	157	65	39	1	f	f	2025-09-10 15:31:54.222979	2025-09-10 15:31:54.222979
99	158	914	150	1	f	f	2025-09-10 15:31:54.222979	2025-09-10 15:31:54.222979
100	158	915	151	2	f	f	2025-09-10 15:31:54.222979	2025-09-10 15:31:54.222979
101	159	761	111	1	f	f	2025-09-10 15:31:54.222979	2025-09-10 15:31:54.222979
102	160	79	43	1	f	f	2025-09-10 15:31:54.222979	2025-09-10 15:31:54.222979
103	161	874	136	1	f	f	2025-09-10 15:31:54.222979	2025-09-10 15:31:54.222979
104	161	875	137	2	f	f	2025-09-10 15:31:54.222979	2025-09-10 15:31:54.222979
105	162	592	79	1	f	f	2025-09-10 15:31:54.222979	2025-09-10 15:31:54.222979
106	163	940	157	1	f	f	2025-09-10 15:31:54.222979	2025-09-10 15:31:54.222979
107	163	941	158	2	f	f	2025-09-10 15:31:54.222979	2025-09-10 15:31:54.222979
108	164	789	117	1	f	f	2025-09-10 15:31:54.222979	2025-09-10 15:31:54.222979
109	165	837	179	1	f	f	2025-09-10 15:31:54.222979	2025-09-10 15:31:54.222979
110	166	932	156	1	f	f	2025-09-10 15:31:54.222979	2025-09-10 15:31:54.222979
111	167	712	107	1	f	f	2025-09-10 15:31:54.222979	2025-09-10 15:31:54.222979
112	168	961	182	1	f	f	2025-09-10 15:31:54.222979	2025-09-10 15:31:54.222979
113	169	813	114	1	f	f	2025-09-10 15:31:54.222979	2025-09-10 15:31:54.222979
114	170	384	59	1	f	f	2025-09-10 15:31:54.222979	2025-09-10 15:31:54.222979
115	170	386	60	2	f	f	2025-09-10 15:31:54.222979	2025-09-10 15:31:54.222979
116	170	387	61	3	f	f	2025-09-10 15:31:54.222979	2025-09-10 15:31:54.222979
117	171	544	82	1	f	f	2025-09-10 15:31:54.222979	2025-09-10 15:31:54.222979
118	172	26	31	1	f	f	2025-09-10 15:31:54.222979	2025-09-10 15:31:54.222979
119	173	348	55	1	f	f	2025-09-10 15:31:54.222979	2025-09-10 15:31:54.222979
120	174	754	110	1	f	f	2025-09-10 15:31:54.222979	2025-09-10 15:31:54.222979
121	176	468	77	1	f	f	2025-09-10 15:31:54.222979	2025-09-10 15:31:54.222979
122	177	460	76	1	f	f	2025-09-10 15:31:54.222979	2025-09-10 15:31:54.222979
123	178	471	78	1	f	f	2025-09-10 15:31:54.222979	2025-09-10 15:31:54.222979
124	179	595	89	1	f	f	2025-09-10 15:31:54.222979	2025-09-10 15:31:54.222979
125	180	440	173	1	f	f	2025-09-10 15:31:54.222979	2025-09-10 15:31:54.222979
126	181	735	109	1	f	f	2025-09-10 15:31:54.222979	2025-09-10 15:31:54.222979
127	182	50	35	1	f	f	2025-09-10 15:31:54.222979	2025-09-10 15:31:54.222979
128	183	765	177	1	f	f	2025-09-10 15:31:54.222979	2025-09-10 15:31:54.222979
129	184	625	98	1	f	f	2025-09-10 15:31:54.222979	2025-09-10 15:31:54.222979
130	186	904	147	1	f	f	2025-09-10 15:31:54.222979	2025-09-10 15:31:54.222979
131	186	906	148	2	f	f	2025-09-10 15:31:54.222979	2025-09-10 15:31:54.222979
132	187	882	125	1	f	f	2025-09-10 15:31:54.222979	2025-09-10 15:31:54.222979
133	187	883	115	2	f	f	2025-09-10 15:31:54.222979	2025-09-10 15:31:54.222979
134	187	884	138	3	f	f	2025-09-10 15:31:54.222979	2025-09-10 15:31:54.222979
135	187	885	129	4	f	f	2025-09-10 15:31:54.222979	2025-09-10 15:31:54.222979
136	189	715	108	1	f	f	2025-09-10 15:31:54.222979	2025-09-10 15:31:54.222979
137	190	986	165	1	f	f	2025-09-10 15:31:54.222979	2025-09-10 15:31:54.222979
138	191	989	186	1	f	f	2025-09-10 15:31:54.222979	2025-09-10 15:31:54.222979
139	192	646	101	1	f	f	2025-09-10 15:31:54.222979	2025-09-10 15:31:54.222979
140	194	867	131	1	f	f	2025-09-10 15:31:54.222979	2025-09-10 15:31:54.222979
141	194	868	132	2	f	f	2025-09-10 15:31:54.222979	2025-09-10 15:31:54.222979
142	195	911	149	1	f	f	2025-09-10 15:31:54.222979	2025-09-10 15:31:54.222979
143	196	821	119	1	f	f	2025-09-10 15:31:54.222979	2025-09-10 15:31:54.222979
144	196	822	120	2	f	f	2025-09-10 15:31:54.222979	2025-09-10 15:31:54.222979
145	198	922	142	1	f	f	2025-09-10 15:31:54.222979	2025-09-10 15:31:54.222979
146	198	923	143	2	f	f	2025-09-10 15:31:54.222979	2025-09-10 15:31:54.222979
147	199	548	83	1	f	f	2025-09-10 15:31:54.222979	2025-09-10 15:31:54.222979
148	200	597	90	1	f	f	2025-09-10 15:31:54.222979	2025-09-10 15:31:54.222979
149	201	891	140	1	f	f	2025-09-10 15:31:54.222979	2025-09-10 15:31:54.222979
150	202	399	63	1	f	f	2025-09-10 15:31:54.222979	2025-09-10 15:31:54.222979
151	203	73	41	1	f	f	2025-09-10 15:31:54.222979	2025-09-10 15:31:54.222979
152	204	830	123	1	f	f	2025-09-10 15:31:54.222979	2025-09-10 15:31:54.222979
153	205	621	96	1	f	f	2025-09-10 15:31:54.222979	2025-09-10 15:31:54.222979
154	206	818	118	1	f	f	2025-09-10 15:31:54.222979	2025-09-10 15:31:54.222979
155	207	966	183	1	f	f	2025-09-10 15:31:54.222979	2025-09-10 15:31:54.222979
156	208	853	130	1	f	f	2025-09-10 15:31:54.222979	2025-09-10 15:31:54.222979
157	210	224	21	1	f	f	2025-09-10 15:31:54.222979	2025-09-10 15:31:54.222979
158	212	539	81	1	f	f	2025-09-10 15:31:54.222979	2025-09-10 15:31:54.222979
159	213	423	68	1	f	f	2025-09-10 15:31:54.222979	2025-09-10 15:31:54.222979
160	214	917	152	1	f	f	2025-09-10 15:31:54.222979	2025-09-10 15:31:54.222979
161	214	918	153	2	f	f	2025-09-10 15:31:54.222979	2025-09-10 15:31:54.222979
162	215	870	133	1	f	f	2025-09-10 15:31:54.222979	2025-09-10 15:31:54.222979
163	215	871	134	2	f	f	2025-09-10 15:31:54.222979	2025-09-10 15:31:54.222979
164	215	873	135	3	f	f	2025-09-10 15:31:54.222979	2025-09-10 15:31:54.222979
165	216	33	32	1	f	f	2025-09-10 15:31:54.222979	2025-09-10 15:31:54.222979
166	217	825	121	1	f	f	2025-09-10 15:31:54.222979	2025-09-10 15:31:54.222979
167	217	826	122	2	f	f	2025-09-10 15:31:54.222979	2025-09-10 15:31:54.222979
168	218	693	102	1	f	f	2025-09-10 15:31:54.222979	2025-09-10 15:31:54.222979
169	219	982	164	1	f	f	2025-09-10 15:31:54.222979	2025-09-10 15:31:54.222979
170	221	973	185	1	f	f	2025-09-10 15:31:54.222979	2025-09-10 15:31:54.222979
171	223	878	124	1	f	f	2025-09-10 15:31:54.222979	2025-09-10 15:31:54.222979
172	224	231	50	1	f	f	2025-09-10 15:31:54.222979	2025-09-10 15:31:54.222979
173	225	453	73	1	f	f	2025-09-10 15:31:54.222979	2025-09-10 15:31:54.222979
174	226	577	88	1	f	f	2025-09-10 15:31:54.222979	2025-09-10 15:31:54.222979
175	227	436	69	1	f	f	2025-09-10 15:31:54.222979	2025-09-10 15:31:54.222979
176	228	704	105	1	f	f	2025-09-10 15:31:54.222979	2025-09-10 15:31:54.222979
177	229	414	65	1	f	f	2025-09-10 15:31:54.222979	2025-09-10 15:31:54.222979
178	230	418	66	1	f	f	2025-09-10 15:31:54.222979	2025-09-10 15:31:54.222979
179	231	673	104	1	f	f	2025-09-10 15:31:54.222979	2025-09-10 15:31:54.222979
180	232	445	70	1	f	f	2025-09-10 15:31:54.222979	2025-09-10 15:31:54.222979
181	233	834	178	1	f	f	2025-09-10 15:31:54.222979	2025-09-10 15:31:54.222979
182	234	534	75	1	f	f	2025-09-10 15:31:54.222979	2025-09-10 15:31:54.222979
183	235	948	160	1	f	f	2025-09-10 15:31:54.222979	2025-09-10 15:31:54.222979
184	235	949	161	2	f	f	2025-09-10 15:31:54.222979	2025-09-10 15:31:54.222979
185	235	950	162	3	f	f	2025-09-10 15:31:54.222979	2025-09-10 15:31:54.222979
186	236	898	145	1	f	f	2025-09-10 15:31:54.222979	2025-09-10 15:31:54.222979
187	236	900	146	2	f	f	2025-09-10 15:31:54.222979	2025-09-10 15:31:54.222979
188	238	450	72	1	f	f	2025-09-10 15:31:54.222979	2025-09-10 15:31:54.222979
189	239	894	144	1	f	f	2025-09-10 15:31:54.222979	2025-09-10 15:31:54.222979
190	239	896	141	2	f	f	2025-09-10 15:31:54.222979	2025-09-10 15:31:54.222979
191	240	662	103	1	f	f	2025-09-10 15:31:54.222979	2025-09-10 15:31:54.222979
192	242	617	95	1	f	f	2025-09-10 15:31:54.222979	2025-09-10 15:31:54.222979
193	243	150	46	1	f	f	2025-09-10 15:31:54.222979	2025-09-10 15:31:54.222979
194	244	613	94	1	f	f	2025-09-10 15:31:54.222979	2025-09-10 15:31:54.222979
195	245	377	174	1	f	f	2025-09-10 15:31:54.222979	2025-09-10 15:31:54.222979
196	246	248	53	1	f	f	2025-09-10 15:31:54.222979	2025-09-10 15:31:54.222979
197	247	465	176	1	f	f	2025-09-10 15:31:54.222979	2025-09-10 15:31:54.222979
198	248	978	163	1	f	f	2025-09-10 15:31:54.222979	2025-09-10 15:31:54.222979
199	249	109	44	1	f	f	2025-09-10 15:31:54.222979	2025-09-10 15:31:54.222979
200	250	67	40	1	f	f	2025-09-10 15:31:54.222979	2025-09-10 15:31:54.222979
201	251	953	180	1	f	f	2025-09-10 15:31:54.222979	2025-09-10 15:31:54.222979
202	252	991	166	1	f	f	2025-09-10 15:31:54.222979	2025-09-10 15:31:54.222979
\.


--
-- Data for Name: postgres_indexes; Type: TABLE DATA; Schema: mcl; Owner: postgres
--

COPY mcl.postgres_indexes (id, table_id, source_index_id, index_name, original_index_name, index_type, is_unique, is_primary_key, migration_status, migration_date, error_message, fill_factor, is_concurrent, name_conflict_resolved, name_conflict_reason, alternative_name, created_at, updated_at) FROM stdin;
81	302	1	pk_accnt	PK_accnt	btree	t	t	pending	\N	\N	\N	f	f	\N	\N	2025-09-10 08:20:00.477462	2025-09-10 08:20:00.477462
82	303	2	pk_cn	PK_cn	btree	t	t	pending	\N	\N	\N	f	f	\N	\N	2025-09-10 08:20:00.477462	2025-09-10 08:20:00.477462
83	304	3	pk_cn_inv	PK_cn_inv	btree	t	t	pending	\N	\N	\N	f	f	\N	\N	2025-09-10 08:20:00.477462	2025-09-10 08:20:00.477462
84	305	4	pk_cn_inv_dbt	PK_cn_inv_dbt	btree	t	t	pending	\N	\N	\N	f	f	\N	\N	2025-09-10 08:20:00.477462	2025-09-10 08:20:00.477462
85	305	5	uk_cn_inv_dbt_5	Задолженность_Выгрузка	btree	t	f	pending	\N	\N	\N	f	f	\N	\N	2025-09-10 08:20:00.477462	2025-09-10 08:20:00.477462
86	306	6	pk_cn_inv_dbt_upl	PK_cn_inv_dbt_upl	btree	t	t	pending	\N	\N	\N	f	f	\N	\N	2025-09-10 08:20:00.477462	2025-09-10 08:20:00.477462
87	307	7	pk_cn_inv_dbt_upl_g_p	PK_cn_inv_dbt_upl_g_p	btree	t	t	pending	\N	\N	\N	f	f	\N	\N	2025-09-10 08:20:00.477462	2025-09-10 08:20:00.477462
88	308	8	pk_cn_inv_doc	PK_cn_inv_doc	btree	t	t	pending	\N	\N	\N	f	f	\N	\N	2025-09-10 08:20:00.477462	2025-09-10 08:20:00.477462
89	309	9	pk_cn_inv_pm	PK_cn_inv_pm	btree	t	t	pending	\N	\N	\N	f	f	\N	\N	2025-09-10 08:20:00.477462	2025-09-10 08:20:00.477462
90	310	10	pk_cn_inv_pm_upl	PK_cn_inv_pm_upl	btree	t	t	pending	\N	\N	\N	f	f	\N	\N	2025-09-10 08:20:00.477462	2025-09-10 08:20:00.477462
91	167	11	uk_cn_pr_doc_11	IX_cn_PrDoc	btree	t	f	pending	\N	\N	\N	f	f	\N	\N	2025-09-10 08:20:00.477462	2025-09-10 08:20:00.477462
92	167	12	pk_cn_pr_doc	PK_cn_PrDoc	btree	t	t	pending	\N	\N	\N	f	f	\N	\N	2025-09-10 08:20:00.477462	2025-09-10 08:20:00.477462
93	168	13	pk_cn_pr_doc_p	PK_cn_PrDocP	btree	t	t	pending	\N	\N	\N	f	f	\N	\N	2025-09-10 08:20:00.477462	2025-09-10 08:20:00.477462
94	169	14	uk_cn_pr_doc_t_14	IX_cn_PrDocT	btree	t	f	pending	\N	\N	\N	f	f	\N	\N	2025-09-10 08:20:00.477462	2025-09-10 08:20:00.477462
95	169	15	pk_cn_pr_doc_t	PK_cn_PrDocT	btree	t	t	pending	\N	\N	\N	f	f	\N	\N	2025-09-10 08:20:00.477462	2025-09-10 08:20:00.477462
96	311	16	uk_cn_s_16	cn_cnSType	btree	t	f	pending	\N	\N	\N	f	f	\N	\N	2025-09-10 08:20:00.477462	2025-09-10 08:20:00.477462
97	311	17	pk_cn_s	PK_cn_s	btree	t	t	pending	\N	\N	\N	f	f	\N	\N	2025-09-10 08:20:00.477462	2025-09-10 08:20:00.477462
98	312	18	uk_cn_s_org_18	idxCsoAsbuID	btree	t	f	pending	\N	\N	\N	f	f	\N	\N	2025-09-10 08:20:00.477462	2025-09-10 08:20:00.477462
99	312	19	ix_cn_s_org_19	idxCsos_csoCnDate	btree	f	f	pending	\N	\N	\N	f	f	\N	\N	2025-09-10 08:20:00.477462	2025-09-10 08:20:00.477462
100	312	20	pk_cn_s_org	PK_cn_s_org	btree	t	t	pending	\N	\N	\N	f	f	\N	\N	2025-09-10 08:20:00.477462	2025-09-10 08:20:00.477462
102	178	22	pk_cn_inv_cmm_dt	PK_cnInvCmmDt	btree	t	t	pending	\N	\N	\N	f	f	\N	\N	2025-09-10 08:20:00.477462	2025-09-10 08:20:00.477462
103	190	23	pk_cst_ag_pn	PK_cstAgPn	btree	t	t	pending	\N	\N	\N	f	f	\N	\N	2025-09-10 08:20:00.477462	2025-09-10 08:20:00.477462
104	185	24	pk_cn_inv_gr_nm	PK_cnInvGrNm	btree	t	t	pending	\N	\N	\N	f	f	\N	\N	2025-09-10 08:20:00.477462	2025-09-10 08:20:00.477462
105	255	25	pk_og_ag	PK_ogAg	btree	t	t	pending	\N	\N	\N	f	f	\N	\N	2025-09-10 08:20:00.477462	2025-09-10 08:20:00.477462
106	187	26	pk_cn_num	PK_cnNum	btree	t	t	pending	\N	\N	\N	f	f	\N	\N	2025-09-10 08:20:00.477462	2025-09-10 08:20:00.477462
107	291	27	pk_rg_tax_sub_divs_name	PK_rgTaxSubDivsName	btree	t	t	pending	\N	\N	\N	f	f	\N	\N	2025-09-10 08:20:00.477462	2025-09-10 08:20:00.477462
108	327	28	pk_ra_period	PK_ra_period	btree	t	t	pending	\N	\N	\N	f	f	\N	\N	2025-09-10 08:20:00.477462	2025-09-10 08:20:00.477462
109	315	29	pk_cst	PK_cst	btree	t	t	pending	\N	\N	\N	f	f	\N	\N	2025-09-10 08:20:00.477462	2025-09-10 08:20:00.477462
110	272	30	pk_rg_tax_mn_st_reg_num	PK_rgTaxMnStRegNum	btree	t	t	pending	\N	\N	\N	f	f	\N	\N	2025-09-10 08:20:00.477462	2025-09-10 08:20:00.477462
111	293	31	pk_st_cost	PK_stCost	btree	t	t	pending	\N	\N	\N	f	f	\N	\N	2025-09-10 08:20:00.477462	2025-09-10 08:20:00.477462
112	191	32	pk_cst_ag_pn_branch	PK_cstAgPnBranch	btree	t	t	pending	\N	\N	\N	f	f	\N	\N	2025-09-10 08:20:00.477462	2025-09-10 08:20:00.477462
113	230	33	pk_ipg_st_rl_sh_p	PK_ipgStRlShP	btree	t	t	pending	\N	\N	\N	f	f	\N	\N	2025-09-10 08:20:00.477462	2025-09-10 08:20:00.477462
114	221	34	pk_ipg_cost_its_nm	PK_ipgCostItsNm	btree	t	t	pending	\N	\N	\N	f	f	\N	\N	2025-09-10 08:20:00.477462	2025-09-10 08:20:00.477462
115	243	35	pk_ju_un_doc_chng_type	PK_JuUnDocChngType	btree	t	t	pending	\N	\N	\N	f	f	\N	\N	2025-09-10 08:20:00.477462	2025-09-10 08:20:00.477462
116	296	36	pk_st_ipg	PK_stIpg	btree	t	t	pending	\N	\N	\N	f	f	\N	\N	2025-09-10 08:20:00.477462	2025-09-10 08:20:00.477462
117	240	37	pk_ju_un_doc_chng	PK_JuUnDocChng	btree	t	t	pending	\N	\N	\N	f	f	\N	\N	2025-09-10 08:20:00.477462	2025-09-10 08:20:00.477462
118	225	38	pk_ipg_st	PK_ipgSt	btree	t	t	pending	\N	\N	\N	f	f	\N	\N	2025-09-10 08:20:00.477462	2025-09-10 08:20:00.477462
119	217	39	pk_inv_num	PK_invNum	btree	t	t	pending	\N	\N	\N	f	f	\N	\N	2025-09-10 08:20:00.477462	2025-09-10 08:20:00.477462
121	227	41	pk_ipg_st_pn	PK_ipgStPn	btree	t	t	pending	\N	\N	\N	f	f	\N	\N	2025-09-10 08:20:00.477462	2025-09-10 08:20:00.477462
122	235	42	pk_ipg_ut_pl_pn_cost_its	PK_ipgUtPlPnCostIts	btree	t	t	pending	\N	\N	\N	f	f	\N	\N	2025-09-10 08:20:00.477462	2025-09-10 08:20:00.477462
123	288	43	pk_rg_tax_reor_trans	PK_rgTaxReorTrans	btree	t	t	pending	\N	\N	\N	f	f	\N	\N	2025-09-10 08:20:00.477462	2025-09-10 08:20:00.477462
126	249	46	pk_ju_un_doc_reg	PK_JuUnDocReg	btree	t	t	pending	\N	\N	\N	f	f	\N	\N	2025-09-10 08:20:00.477462	2025-09-10 08:20:00.477462
129	241	49	pk_ju_un_doc_chng_gr	PK_JuUnDocChngGr	btree	t	t	pending	\N	\N	\N	f	f	\N	\N	2025-09-10 08:20:00.477462	2025-09-10 08:20:00.477462
130	174	50	pk_cn_inv_cmm_ag	PK_cnInvCmmAg	btree	t	t	pending	\N	\N	\N	f	f	\N	\N	2025-09-10 08:20:00.477462	2025-09-10 08:20:00.477462
131	173	51	pk_cn_inv_cmm	PK_cnInvCmm	btree	t	t	pending	\N	\N	\N	f	f	\N	\N	2025-09-10 08:20:00.477462	2025-09-10 08:20:00.477462
132	177	52	pk_cn_inv_cmm_cst_n	PK_cnInvCmmCstN	btree	t	t	pending	\N	\N	\N	f	f	\N	\N	2025-09-10 08:20:00.477462	2025-09-10 08:20:00.477462
133	215	53	pk_inv_dbt_tmp_cia_rel	PK_invDbtTmpCiaRel	btree	t	t	pending	\N	\N	\N	f	f	\N	\N	2025-09-10 08:20:00.477462	2025-09-10 08:20:00.477462
134	264	54	pk_ralp_ra	PK_ralpRa	btree	t	t	pending	\N	\N	\N	f	f	\N	\N	2025-09-10 08:20:00.477462	2025-09-10 08:20:00.477462
135	328	55	pk_ra_summ	PK_ra_summ	btree	t	t	pending	\N	\N	\N	f	f	\N	\N	2025-09-10 08:20:00.477462	2025-09-10 08:20:00.477462
136	279	56	pk_rg_tax_region	PK_rgTaxRegion	btree	t	t	pending	\N	\N	\N	f	f	\N	\N	2025-09-10 08:20:00.477462	2025-09-10 08:20:00.477462
137	176	57	pk_cn_inv_cmm_cst	PK_cnInvCmmCst	btree	t	t	pending	\N	\N	\N	f	f	\N	\N	2025-09-10 08:20:00.477462	2025-09-10 08:20:00.477462
138	332	58	pk_yyyy	PK_yyyy	btree	t	t	pending	\N	\N	\N	f	f	\N	\N	2025-09-10 08:20:00.477462	2025-09-10 08:20:00.477462
139	188	59	pk_cn_num_type	PK_cnNumType	btree	t	t	pending	\N	\N	\N	f	f	\N	\N	2025-09-10 08:20:00.477462	2025-09-10 08:20:00.477462
140	248	60	pk_ju_un_doc_prmr_type	PK_JuUnDocPrmrType	btree	t	t	pending	\N	\N	\N	f	f	\N	\N	2025-09-10 08:20:00.477462	2025-09-10 08:20:00.477462
142	254	62	pk_ju_un_doc_side_type	PK_JuUnDocSideType	btree	t	t	pending	\N	\N	\N	f	f	\N	\N	2025-09-10 08:20:00.477462	2025-09-10 08:20:00.477462
145	313	65	pk_cn_s_org_smpl	PK_cn_s_org_smpl	btree	t	t	pending	\N	\N	\N	f	f	\N	\N	2025-09-10 08:20:00.477462	2025-09-10 08:20:00.477462
146	250	66	pk_ju_un_doc_reg_link	PK_JuUnDocRegLink	btree	t	t	pending	\N	\N	\N	f	f	\N	\N	2025-09-10 08:20:00.477462	2025-09-10 08:20:00.477462
147	331	67	pk_yr_upl_p	PK_yr_upl_p	btree	t	t	pending	\N	\N	\N	f	f	\N	\N	2025-09-10 08:20:00.477462	2025-09-10 08:20:00.477462
148	242	68	pk_ju_un_doc_chng_gr_rel	PK_JuUnDocChngGrRel	btree	t	t	pending	\N	\N	\N	f	f	\N	\N	2025-09-10 08:20:00.477462	2025-09-10 08:20:00.477462
150	320	70	pk_og	PK_og	btree	t	t	pending	\N	\N	\N	f	f	\N	\N	2025-09-10 08:20:00.477462	2025-09-10 08:20:00.477462
151	218	71	pk_ipg_ch	PK_ipgCh	btree	t	t	pending	\N	\N	\N	f	f	\N	\N	2025-09-10 08:20:00.477462	2025-09-10 08:20:00.477462
153	182	73	pk_cn_inv_cmm_gr	PK_cnInvCmmGr	btree	t	t	pending	\N	\N	\N	f	f	\N	\N	2025-09-10 08:20:00.477462	2025-09-10 08:20:00.477462
154	323	74	pk_org_id_type	PK_org_id_type	btree	t	t	pending	\N	\N	\N	f	f	\N	\N	2025-09-10 08:20:00.477462	2025-09-10 08:20:00.477462
156	194	76	pk_imp_gr	PK_impGr	btree	t	t	pending	\N	\N	\N	f	f	\N	\N	2025-09-10 08:20:00.477462	2025-09-10 08:20:00.477462
157	179	77	pk_cn_inv_cmm_dt_n	PK_cnInvCmmDtN	btree	t	t	pending	\N	\N	\N	f	f	\N	\N	2025-09-10 08:20:00.477462	2025-09-10 08:20:00.477462
158	285	78	pk_rg_tax_reor_separ	PK_rgTaxReorSepar	btree	t	t	pending	\N	\N	\N	f	f	\N	\N	2025-09-10 08:20:00.477462	2025-09-10 08:20:00.477462
159	260	79	pk_ra_change_summ_ct	PK_ra_change_summCt	btree	t	t	pending	\N	\N	\N	f	f	\N	\N	2025-09-10 08:20:00.477462	2025-09-10 08:20:00.477462
160	183	80	pk_cn_inv_cmm_tp	PK_cnInvCmmTp	btree	t	t	pending	\N	\N	\N	f	f	\N	\N	2025-09-10 08:20:00.477462	2025-09-10 08:20:00.477462
161	276	81	pk_rg_tax_office	PK_rgTaxOffice	btree	t	t	pending	\N	\N	\N	f	f	\N	\N	2025-09-10 08:20:00.477462	2025-09-10 08:20:00.477462
162	245	82	pk_ju_un_doc_prmr	PK_JuUnDocPrmr	btree	t	t	pending	\N	\N	\N	f	f	\N	\N	2025-09-10 08:20:00.477462	2025-09-10 08:20:00.477462
163	290	83	pk_rg_tax_sub_divs_buirg	PK_rgTaxSubDivsBuirg	btree	t	t	pending	\N	\N	\N	f	f	\N	\N	2025-09-10 08:20:00.477462	2025-09-10 08:20:00.477462
164	265	84	pk_ralp_ra_au	PK_ralpRaAu	btree	t	t	pending	\N	\N	\N	f	f	\N	\N	2025-09-10 08:20:00.477462	2025-09-10 08:20:00.477462
165	271	85	pk_rg_tax_lg_ent_trm_mtd	PK_rgTaxLgEntTrmMtd	btree	t	t	pending	\N	\N	\N	f	f	\N	\N	2025-09-10 08:20:00.477462	2025-09-10 08:20:00.477462
166	289	86	pk_rg_tax_sub_divs	PK_rgTaxSubDivs	btree	t	t	pending	\N	\N	\N	f	f	\N	\N	2025-09-10 08:20:00.477462	2025-09-10 08:20:00.477462
167	324	87	pk_qqqq	PK_qqqq	btree	t	t	pending	\N	\N	\N	f	f	\N	\N	2025-09-10 08:20:00.477462	2025-09-10 08:20:00.477462
168	294	88	pk_st_cost_nm	PK_stCostNm	btree	t	t	pending	\N	\N	\N	f	f	\N	\N	2025-09-10 08:20:00.477462	2025-09-10 08:20:00.477462
169	261	89	pk_ra_summ_ct	PK_ra_summCt	btree	t	t	pending	\N	\N	\N	f	f	\N	\N	2025-09-10 08:20:00.477462	2025-09-10 08:20:00.477462
170	216	90	pk_inv_dbt_value	PK_invDbtValue	btree	t	t	pending	\N	\N	\N	f	f	\N	\N	2025-09-10 08:20:00.477462	2025-09-10 08:20:00.477462
171	238	91	pk_ipg_ut_pl_pn_lm_ye	PK_ipgUtPlPnLmYe	btree	t	t	pending	\N	\N	\N	f	f	\N	\N	2025-09-10 08:20:00.477462	2025-09-10 08:20:00.477462
172	171	92	pk_cn_inv_accnt	PK_cnInvAccnt	btree	t	t	pending	\N	\N	\N	f	f	\N	\N	2025-09-10 08:20:00.477462	2025-09-10 08:20:00.477462
173	316	93	pk_inv	PK_inv	btree	t	t	pending	\N	\N	\N	f	f	\N	\N	2025-09-10 08:20:00.477462	2025-09-10 08:20:00.477462
174	318	94	pk_ra_change_summ	PK_ra_change_summ	btree	t	t	pending	\N	\N	\N	f	f	\N	\N	2025-09-10 08:20:00.477462	2025-09-10 08:20:00.477462
176	233	96	pk_ipg_ut_pl_gr_p	PK_ipgUtPlGrP	btree	t	t	pending	\N	\N	\N	f	f	\N	\N	2025-09-10 08:20:00.477462	2025-09-10 08:20:00.477462
177	231	97	pk_ipg_ut_pl	PK_ipgUtPl	btree	t	t	pending	\N	\N	\N	f	f	\N	\N	2025-09-10 08:20:00.477462	2025-09-10 08:20:00.477462
178	234	98	pk_ipg_ut_pl_p	PK_ipgUtPlP	btree	t	t	pending	\N	\N	\N	f	f	\N	\N	2025-09-10 08:20:00.477462	2025-09-10 08:20:00.477462
179	246	99	pk_ju_un_doc_prmr_gr	PK_JuUnDocPrmrGr	btree	t	t	pending	\N	\N	\N	f	f	\N	\N	2025-09-10 08:20:00.477462	2025-09-10 08:20:00.477462
180	224	100	pk_ipg_sh	PK_ipgSh	btree	t	t	pending	\N	\N	\N	f	f	\N	\N	2025-09-10 08:20:00.477462	2025-09-10 08:20:00.477462
181	326	101	pk_ra_change	PK_ra_change	btree	t	t	pending	\N	\N	\N	f	f	\N	\N	2025-09-10 08:20:00.477462	2025-09-10 08:20:00.477462
182	175	102	pk_cn_inv_cmm_ag_n	PK_cnInvCmmAgN	btree	t	t	pending	\N	\N	\N	f	f	\N	\N	2025-09-10 08:20:00.477462	2025-09-10 08:20:00.477462
183	263	103	pk_ralp_old	PK_ralpOld	btree	t	t	pending	\N	\N	\N	f	f	\N	\N	2025-09-10 08:20:00.477462	2025-09-10 08:20:00.477462
184	319	104	pk_mmmm	PK_mmmm	btree	t	t	pending	\N	\N	\N	f	f	\N	\N	2025-09-10 08:20:00.477462	2025-09-10 08:20:00.477462
186	283	106	pk_rg_tax_reor_divis_merg	PK_rgTaxReorDivisMerg	btree	t	t	pending	\N	\N	\N	f	f	\N	\N	2025-09-10 08:20:00.477462	2025-09-10 08:20:00.477462
187	278	107	pk_rg_tax_reason_code	PK_rgTaxReasonCode	btree	t	t	pending	\N	\N	\N	f	f	\N	\N	2025-09-10 08:20:00.477462	2025-09-10 08:20:00.477462
189	325	109	pk_ra	PK_ra	btree	t	t	pending	\N	\N	\N	f	f	\N	\N	2025-09-10 08:20:00.477462	2025-09-10 08:20:00.477462
190	300	110	pk_st_rel	PK_stRel	btree	t	t	pending	\N	\N	\N	f	f	\N	\N	2025-09-10 08:20:00.477462	2025-09-10 08:20:00.477462
191	301	111	pk_st_type	PK_stType	btree	t	t	pending	\N	\N	\N	f	f	\N	\N	2025-09-10 08:20:00.477462	2025-09-10 08:20:00.477462
192	256	112	pk_og_ag_fee	PK_ogAgFee	btree	t	t	pending	\N	\N	\N	f	f	\N	\N	2025-09-10 08:20:00.477462	2025-09-10 08:20:00.477462
194	274	114	pk_rg_tax_name	PK_rgTaxName	btree	t	t	pending	\N	\N	\N	f	f	\N	\N	2025-09-10 08:20:00.477462	2025-09-10 08:20:00.477462
195	284	115	pk_rg_tax_reor_merge	PK_rgTaxReorMerge	btree	t	t	pending	\N	\N	\N	f	f	\N	\N	2025-09-10 08:20:00.477462	2025-09-10 08:20:00.477462
196	267	116	pk_rg_tax_id_num_ind	PK_rgTaxIdNumInd	btree	t	t	pending	\N	\N	\N	f	f	\N	\N	2025-09-10 08:20:00.477462	2025-09-10 08:20:00.477462
198	287	118	pk_rg_tax_reor_separ_merg	PK_rgTaxReorSeparMerg	btree	t	t	pending	\N	\N	\N	f	f	\N	\N	2025-09-10 08:20:00.477462	2025-09-10 08:20:00.477462
199	239	119	pk_ju_un_doc	PK_JuUnDoc	btree	t	t	pending	\N	\N	\N	f	f	\N	\N	2025-09-10 08:20:00.477462	2025-09-10 08:20:00.477462
200	247	120	pk_ju_un_doc_prmr_gr_rel	PK_JuUnDocPrmrGrRel	btree	t	t	pending	\N	\N	\N	f	f	\N	\N	2025-09-10 08:20:00.477462	2025-09-10 08:20:00.477462
201	280	121	pk_rg_tax_reor_acqui	PK_rgTaxReorAcqui	btree	t	t	pending	\N	\N	\N	f	f	\N	\N	2025-09-10 08:20:00.477462	2025-09-10 08:20:00.477462
202	317	122	pk_ipg	PK_ipg	btree	t	t	pending	\N	\N	\N	f	f	\N	\N	2025-09-10 08:20:00.477462	2025-09-10 08:20:00.477462
203	181	123	pk_cn_inv_cmm_fn_n	PK_cnInvCmmFnN	btree	t	t	pending	\N	\N	\N	f	f	\N	\N	2025-09-10 08:20:00.477462	2025-09-10 08:20:00.477462
204	269	124	pk_rg_tax_ind	PK_rgTaxInd	btree	t	t	pending	\N	\N	\N	f	f	\N	\N	2025-09-10 08:20:00.477462	2025-09-10 08:20:00.477462
205	253	125	pk_ju_un_doc_side_org	PK_JuUnDocSideOrg	btree	t	t	pending	\N	\N	\N	f	f	\N	\N	2025-09-10 08:20:00.477462	2025-09-10 08:20:00.477462
206	266	126	pk_rg_tax_buirg	PK_rgTaxBuirg	btree	t	t	pending	\N	\N	\N	f	f	\N	\N	2025-09-10 08:20:00.477462	2025-09-10 08:20:00.477462
207	295	127	pk_sti_lim	PK_stiLim	btree	t	t	pending	\N	\N	\N	f	f	\N	\N	2025-09-10 08:20:00.477462	2025-09-10 08:20:00.477462
208	273	128	pk_rg_tax_mn_st_reg_num_ind	PK_rgTaxMnStRegNumInd	btree	t	t	pending	\N	\N	\N	f	f	\N	\N	2025-09-10 08:20:00.477462	2025-09-10 08:20:00.477462
210	314	130	pk_cn_s_type	PK_cn_s_type	btree	t	t	pending	\N	\N	\N	f	f	\N	\N	2025-09-10 08:20:00.477462	2025-09-10 08:20:00.477462
212	237	132	pk_ipg_ut_pl_pn_lm_qu	PK_ipgUtPlPnLmQu	btree	t	t	pending	\N	\N	\N	f	f	\N	\N	2025-09-10 08:20:00.477462	2025-09-10 08:20:00.477462
213	222	133	pk_ipg_pn	PK_ipgPn	btree	t	t	pending	\N	\N	\N	f	f	\N	\N	2025-09-10 08:20:00.477462	2025-09-10 08:20:00.477462
214	286	134	pk_rg_tax_reor_separ_acqu	PK_rgTaxReorSeparAcqu	btree	t	t	pending	\N	\N	\N	f	f	\N	\N	2025-09-10 08:20:00.477462	2025-09-10 08:20:00.477462
215	275	135	pk_rg_tax_name_short	PK_rgTaxNameShort	btree	t	t	pending	\N	\N	\N	f	f	\N	\N	2025-09-10 08:20:00.477462	2025-09-10 08:20:00.477462
216	172	136	pk_cn_inv_accnt_smpl	PK_cnInvAccntSmpl	btree	t	t	pending	\N	\N	\N	f	f	\N	\N	2025-09-10 08:20:00.477462	2025-09-10 08:20:00.477462
217	268	137	pk_rg_tax_id_num_jur_pers	PK_rgTaxIdNumJurPers	btree	t	t	pending	\N	\N	\N	f	f	\N	\N	2025-09-10 08:20:00.477462	2025-09-10 08:20:00.477462
218	259	138	pk_og_nm_f	PK_ogNmF	btree	t	t	pending	\N	\N	\N	f	f	\N	\N	2025-09-10 08:20:00.477462	2025-09-10 08:20:00.477462
219	299	139	pk_st_net_pn	PK_stNetPn	btree	t	t	pending	\N	\N	\N	f	f	\N	\N	2025-09-10 08:20:00.477462	2025-09-10 08:20:00.477462
221	297	141	pk_st_ipg_nm	PK_stIpgNm	btree	t	t	pending	\N	\N	\N	f	f	\N	\N	2025-09-10 08:20:00.477462	2025-09-10 08:20:00.477462
223	277	143	pk_rg_tax_reason	PK_rgTaxReason	btree	t	t	pending	\N	\N	\N	f	f	\N	\N	2025-09-10 08:20:00.477462	2025-09-10 08:20:00.477462
224	189	144	pk_cst_ag	PK_cstAg	btree	t	t	pending	\N	\N	\N	f	f	\N	\N	2025-09-10 08:20:00.477462	2025-09-10 08:20:00.477462
225	229	146	pk_ipg_st_rl_sh	PK_ipgStRlSh	btree	t	t	pending	\N	\N	\N	f	f	\N	\N	2025-09-10 08:20:00.477462	2025-09-10 08:20:00.477462
226	244	147	pk_ju_un_doc_import	PK_JuUnDocImport	btree	t	t	pending	\N	\N	\N	f	f	\N	\N	2025-09-10 08:20:00.477462	2025-09-10 08:20:00.477462
227	223	148	pk_ipg_pn_lim	PK_ipgPnLim	btree	t	t	pending	\N	\N	\N	f	f	\N	\N	2025-09-10 08:20:00.477462	2025-09-10 08:20:00.477462
228	322	149	pk_org_id	PK_org_id	btree	t	t	pending	\N	\N	\N	f	f	\N	\N	2025-09-10 08:20:00.477462	2025-09-10 08:20:00.477462
229	219	150	pk_ipg_ch_rl	PK_ipgChRl	btree	t	t	pending	\N	\N	\N	f	f	\N	\N	2025-09-10 08:20:00.477462	2025-09-10 08:20:00.477462
230	220	151	pk_ipg_cost_its	PK_ipgCostIts	btree	t	t	pending	\N	\N	\N	f	f	\N	\N	2025-09-10 08:20:00.477462	2025-09-10 08:20:00.477462
231	258	152	pk_og_ag_fee_pn_test	PK_ogAgFeePnTest	btree	t	t	pending	\N	\N	\N	f	f	\N	\N	2025-09-10 08:20:00.477462	2025-09-10 08:20:00.477462
232	226	153	pk_ipg_st_lm	PK_ipgStLm	btree	t	t	pending	\N	\N	\N	f	f	\N	\N	2025-09-10 08:20:00.477462	2025-09-10 08:20:00.477462
233	270	154	pk_rg_tax_lg_ent_frm_mtd	PK_rgTaxLgEntFrmMtd	btree	t	t	pending	\N	\N	\N	f	f	\N	\N	2025-09-10 08:20:00.477462	2025-09-10 08:20:00.477462
234	236	155	pk_ipg_ut_pl_pn_lm_mn	PK_ipgUtPlPnLmMn	btree	t	t	pending	\N	\N	\N	f	f	\N	\N	2025-09-10 08:20:00.477462	2025-09-10 08:20:00.477462
235	292	156	pk_rg_tax_sub_divs_reas	PK_rgTaxSubDivsReas	btree	t	t	pending	\N	\N	\N	f	f	\N	\N	2025-09-10 08:20:00.477462	2025-09-10 08:20:00.477462
236	282	157	pk_rg_tax_reor_divis_acqu	PK_rgTaxReorDivisAcqu	btree	t	t	pending	\N	\N	\N	f	f	\N	\N	2025-09-10 08:20:00.477462	2025-09-10 08:20:00.477462
238	228	159	pk_ipg_st_rl	PK_ipgStRl	btree	t	t	pending	\N	\N	\N	f	f	\N	\N	2025-09-10 08:20:00.477462	2025-09-10 08:20:00.477462
239	281	160	pk_rg_tax_reor_divis	PK_rgTaxReorDivis	btree	t	t	pending	\N	\N	\N	f	f	\N	\N	2025-09-10 08:20:00.477462	2025-09-10 08:20:00.477462
240	257	161	pk_og_ag_fee_p	PK_ogAgFeeP	btree	t	t	pending	\N	\N	\N	f	f	\N	\N	2025-09-10 08:20:00.477462	2025-09-10 08:20:00.477462
242	252	163	pk_ju_un_doc_side	PK_JuUnDocSide	btree	t	t	pending	\N	\N	\N	f	f	\N	\N	2025-09-10 08:20:00.477462	2025-09-10 08:20:00.477462
243	186	164	pk_cn_inv_transfer	PK_cnInvTransfer	btree	t	t	pending	\N	\N	\N	f	f	\N	\N	2025-09-10 08:20:00.477462	2025-09-10 08:20:00.477462
244	251	165	pk_ju_un_doc_rel_chng	PK_JuUnDocRelChng	btree	t	t	pending	\N	\N	\N	f	f	\N	\N	2025-09-10 08:20:00.477462	2025-09-10 08:20:00.477462
245	214	166	pk_inv_dbt	PK_invDbt	btree	t	t	pending	\N	\N	\N	f	f	\N	\N	2025-09-10 08:20:00.477462	2025-09-10 08:20:00.477462
246	192	167	pk_cst_ag_pn_mnrl	PK_cstAgPnMnrl	btree	t	t	pending	\N	\N	\N	f	f	\N	\N	2025-09-10 08:20:00.477462	2025-09-10 08:20:00.477462
247	232	168	pk_ipg_ut_pl_gr	PK_ipgUtPlGr	btree	t	t	pending	\N	\N	\N	f	f	\N	\N	2025-09-10 08:20:00.477462	2025-09-10 08:20:00.477462
248	298	169	pk_st_net	PK_stNet	btree	t	t	pending	\N	\N	\N	f	f	\N	\N	2025-09-10 08:20:00.477462	2025-09-10 08:20:00.477462
249	184	170	pk_cn_inv_gr	PK_cnInvGr	btree	t	t	pending	\N	\N	\N	f	f	\N	\N	2025-09-10 08:20:00.477462	2025-09-10 08:20:00.477462
250	180	171	pk_cn_inv_cmm_fn	PK_cnInvCmmFn	btree	t	t	pending	\N	\N	\N	f	f	\N	\N	2025-09-10 08:20:00.477462	2025-09-10 08:20:00.477462
251	329	172	pk_st	PK_st	btree	t	t	pending	\N	\N	\N	f	f	\N	\N	2025-09-10 08:20:00.477462	2025-09-10 08:20:00.477462
252	330	173	pk_yr	PK_yr	btree	t	t	pending	\N	\N	\N	f	f	\N	\N	2025-09-10 08:20:00.477462	2025-09-10 08:20:00.477462
143	170	63	pk_cn_inv_alt	PK_cnInv	btree	t	t	pending	\N	\N	\N	f	t	Дублирование имени после нормализации	pk_cn_inv_alt	2025-09-10 08:20:00.477462	2025-09-10 08:20:00.477462
\.


--
-- Data for Name: postgres_objects; Type: TABLE DATA; Schema: mcl; Owner: postgres
--

COPY mcl.postgres_objects (id, task_id, object_name, object_type, schema_name, migration_status, migration_date, error_message, create_date, modify_date, object_id, created_at, updated_at) FROM stdin;
\.


--
-- Data for Name: postgres_primary_key_columns; Type: TABLE DATA; Schema: mcl; Owner: postgres
--

COPY mcl.postgres_primary_key_columns (id, primary_key_id, column_id, ordinal_position, created_at, updated_at) FROM stdin;
1	115	1	1	2025-09-09 08:08:12.612123	2025-09-09 08:08:12.612123
2	116	4	1	2025-09-09 08:08:12.612123	2025-09-09 08:08:12.612123
3	117	11	1	2025-09-09 08:08:12.612123	2025-09-09 08:08:12.612123
4	118	81	1	2025-09-09 08:08:12.612123	2025-09-09 08:08:12.612123
5	119	94	1	2025-09-09 08:08:12.612123	2025-09-09 08:08:12.612123
6	121	102	1	2025-09-09 08:08:12.612123	2025-09-09 08:08:12.612123
7	120	99	1	2025-09-09 08:08:12.612123	2025-09-09 08:08:12.612123
8	122	116	1	2025-09-09 08:08:12.612123	2025-09-09 08:08:12.612123
9	123	147	1	2025-09-09 08:08:12.612123	2025-09-09 08:08:12.612123
10	124	209	1	2025-09-09 08:08:12.612123	2025-09-09 08:08:12.612123
11	125	212	1	2025-09-09 08:08:12.612123	2025-09-09 08:08:12.612123
12	127	224	1	2025-09-09 08:08:12.612123	2025-09-09 08:08:12.612123
13	134	704	1	2025-09-09 08:08:12.612123	2025-09-09 08:08:12.612123
14	135	710	1	2025-09-09 08:08:12.612123	2025-09-09 08:08:12.612123
15	137	715	1	2025-09-09 08:08:12.612123	2025-09-09 08:08:12.612123
16	138	735	1	2025-09-09 08:08:12.612123	2025-09-09 08:08:12.612123
17	131	754	1	2025-09-09 08:08:12.612123	2025-09-09 08:08:12.612123
18	139	801	1	2025-09-09 08:08:12.612123	2025-09-09 08:08:12.612123
19	140	806	1	2025-09-09 08:08:12.612123	2025-09-09 08:08:12.612123
20	142	991	1	2025-09-09 08:08:12.612123	2025-09-09 08:08:12.612123
21	143	997	1	2025-09-09 08:08:12.612123	2025-09-09 08:08:12.612123
22	4	20	1	2025-09-09 08:08:12.612123	2025-09-09 08:08:12.612123
23	5	26	1	2025-09-09 08:08:12.612123	2025-09-09 08:08:12.612123
24	6	33	1	2025-09-09 08:08:12.612123	2025-09-09 08:08:12.612123
25	7	39	1	2025-09-09 08:08:12.612123	2025-09-09 08:08:12.612123
26	8	45	1	2025-09-09 08:08:12.612123	2025-09-09 08:08:12.612123
27	9	50	1	2025-09-09 08:08:12.612123	2025-09-09 08:08:12.612123
28	10	52	1	2025-09-09 08:08:12.612123	2025-09-09 08:08:12.612123
29	11	57	1	2025-09-09 08:08:12.612123	2025-09-09 08:08:12.612123
30	12	59	1	2025-09-09 08:08:12.612123	2025-09-09 08:08:12.612123
31	13	65	1	2025-09-09 08:08:12.612123	2025-09-09 08:08:12.612123
32	14	67	1	2025-09-09 08:08:12.612123	2025-09-09 08:08:12.612123
33	15	73	1	2025-09-09 08:08:12.612123	2025-09-09 08:08:12.612123
34	16	75	1	2025-09-09 08:08:12.612123	2025-09-09 08:08:12.612123
35	17	79	1	2025-09-09 08:08:12.612123	2025-09-09 08:08:12.612123
36	18	109	1	2025-09-09 08:08:12.612123	2025-09-09 08:08:12.612123
37	19	114	1	2025-09-09 08:08:12.612123	2025-09-09 08:08:12.612123
38	20	150	1	2025-09-09 08:08:12.612123	2025-09-09 08:08:12.612123
39	21	153	1	2025-09-09 08:08:12.612123	2025-09-09 08:08:12.612123
40	22	160	1	2025-09-09 08:08:12.612123	2025-09-09 08:08:12.612123
41	1	162	1	2025-09-09 08:08:12.612123	2025-09-09 08:08:12.612123
42	2	171	1	2025-09-09 08:08:12.612123	2025-09-09 08:08:12.612123
43	3	205	1	2025-09-09 08:08:12.612123	2025-09-09 08:08:12.612123
44	126	220	1	2025-09-09 08:08:12.612123	2025-09-09 08:08:12.612123
45	128	226	1	2025-09-09 08:08:12.612123	2025-09-09 08:08:12.612123
46	23	231	1	2025-09-09 08:08:12.612123	2025-09-09 08:08:12.612123
47	24	236	1	2025-09-09 08:08:12.612123	2025-09-09 08:08:12.612123
48	25	243	1	2025-09-09 08:08:12.612123	2025-09-09 08:08:12.612123
49	26	248	1	2025-09-09 08:08:12.612123	2025-09-09 08:08:12.612123
50	27	260	1	2025-09-09 08:08:12.612123	2025-09-09 08:08:12.612123
51	129	348	1	2025-09-09 08:08:12.612123	2025-09-09 08:08:12.612123
52	28	377	1	2025-09-09 08:08:12.612123	2025-09-09 08:08:12.612123
53	28	378	2	2025-09-09 08:08:12.612123	2025-09-09 08:08:12.612123
54	29	381	1	2025-09-09 08:08:12.612123	2025-09-09 08:08:12.612123
55	29	382	2	2025-09-09 08:08:12.612123	2025-09-09 08:08:12.612123
56	29	383	3	2025-09-09 08:08:12.612123	2025-09-09 08:08:12.612123
57	30	384	1	2025-09-09 08:08:12.612123	2025-09-09 08:08:12.612123
58	30	385	2	2025-09-09 08:08:12.612123	2025-09-09 08:08:12.612123
59	30	386	3	2025-09-09 08:08:12.612123	2025-09-09 08:08:12.612123
60	31	393	1	2025-09-09 08:08:12.612123	2025-09-09 08:08:12.612123
61	130	399	1	2025-09-09 08:08:12.612123	2025-09-09 08:08:12.612123
62	32	409	1	2025-09-09 08:08:12.612123	2025-09-09 08:08:12.612123
63	33	414	1	2025-09-09 08:08:12.612123	2025-09-09 08:08:12.612123
64	34	418	1	2025-09-09 08:08:12.612123	2025-09-09 08:08:12.612123
65	35	420	1	2025-09-09 08:08:12.612123	2025-09-09 08:08:12.612123
66	36	423	1	2025-09-09 08:08:12.612123	2025-09-09 08:08:12.612123
67	37	436	1	2025-09-09 08:08:12.612123	2025-09-09 08:08:12.612123
68	38	440	1	2025-09-09 08:08:12.612123	2025-09-09 08:08:12.612123
69	39	442	1	2025-09-09 08:08:12.612123	2025-09-09 08:08:12.612123
70	40	445	1	2025-09-09 08:08:12.612123	2025-09-09 08:08:12.612123
71	41	447	1	2025-09-09 08:08:12.612123	2025-09-09 08:08:12.612123
72	42	450	1	2025-09-09 08:08:12.612123	2025-09-09 08:08:12.612123
73	43	453	1	2025-09-09 08:08:12.612123	2025-09-09 08:08:12.612123
74	44	456	1	2025-09-09 08:08:12.612123	2025-09-09 08:08:12.612123
75	45	460	1	2025-09-09 08:08:12.612123	2025-09-09 08:08:12.612123
76	46	465	1	2025-09-09 08:08:12.612123	2025-09-09 08:08:12.612123
77	47	468	1	2025-09-09 08:08:12.612123	2025-09-09 08:08:12.612123
78	48	471	1	2025-09-09 08:08:12.612123	2025-09-09 08:08:12.612123
79	49	503	1	2025-09-09 08:08:12.612123	2025-09-09 08:08:12.612123
80	50	534	1	2025-09-09 08:08:12.612123	2025-09-09 08:08:12.612123
81	51	539	1	2025-09-09 08:08:12.612123	2025-09-09 08:08:12.612123
82	52	544	1	2025-09-09 08:08:12.612123	2025-09-09 08:08:12.612123
83	53	548	1	2025-09-09 08:08:12.612123	2025-09-09 08:08:12.612123
84	54	555	1	2025-09-09 08:08:12.612123	2025-09-09 08:08:12.612123
85	55	558	1	2025-09-09 08:08:12.612123	2025-09-09 08:08:12.612123
86	56	560	1	2025-09-09 08:08:12.612123	2025-09-09 08:08:12.612123
87	57	563	1	2025-09-09 08:08:12.612123	2025-09-09 08:08:12.612123
88	58	565	1	2025-09-09 08:08:12.612123	2025-09-09 08:08:12.612123
89	59	592	1	2025-09-09 08:08:12.612123	2025-09-09 08:08:12.612123
90	60	595	1	2025-09-09 08:08:12.612123	2025-09-09 08:08:12.612123
91	61	597	1	2025-09-09 08:08:12.612123	2025-09-09 08:08:12.612123
92	62	600	1	2025-09-09 08:08:12.612123	2025-09-09 08:08:12.612123
93	63	602	1	2025-09-09 08:08:12.612123	2025-09-09 08:08:12.612123
94	64	610	1	2025-09-09 08:08:12.612123	2025-09-09 08:08:12.612123
95	65	613	1	2025-09-09 08:08:12.612123	2025-09-09 08:08:12.612123
96	66	617	1	2025-09-09 08:08:12.612123	2025-09-09 08:08:12.612123
97	67	621	1	2025-09-09 08:08:12.612123	2025-09-09 08:08:12.612123
98	68	623	1	2025-09-09 08:08:12.612123	2025-09-09 08:08:12.612123
99	132	625	1	2025-09-09 08:08:12.612123	2025-09-09 08:08:12.612123
100	133	631	1	2025-09-09 08:08:12.612123	2025-09-09 08:08:12.612123
101	69	642	1	2025-09-09 08:08:12.612123	2025-09-09 08:08:12.612123
102	70	646	1	2025-09-09 08:08:12.612123	2025-09-09 08:08:12.612123
103	71	662	1	2025-09-09 08:08:12.612123	2025-09-09 08:08:12.612123
104	72	673	1	2025-09-09 08:08:12.612123	2025-09-09 08:08:12.612123
105	73	693	1	2025-09-09 08:08:12.612123	2025-09-09 08:08:12.612123
106	136	712	1	2025-09-09 08:08:12.612123	2025-09-09 08:08:12.612123
107	74	761	1	2025-09-09 08:08:12.612123	2025-09-09 08:08:12.612123
108	76	765	1	2025-09-09 08:08:12.612123	2025-09-09 08:08:12.612123
109	77	782	1	2025-09-09 08:08:12.612123	2025-09-09 08:08:12.612123
110	78	789	1	2025-09-09 08:08:12.612123	2025-09-09 08:08:12.612123
111	75	813	1	2025-09-09 08:08:12.612123	2025-09-09 08:08:12.612123
112	79	818	1	2025-09-09 08:08:12.612123	2025-09-09 08:08:12.612123
113	80	820	1	2025-09-09 08:08:12.612123	2025-09-09 08:08:12.612123
114	80	821	2	2025-09-09 08:08:12.612123	2025-09-09 08:08:12.612123
115	81	824	1	2025-09-09 08:08:12.612123	2025-09-09 08:08:12.612123
116	81	825	2	2025-09-09 08:08:12.612123	2025-09-09 08:08:12.612123
117	82	830	1	2025-09-09 08:08:12.612123	2025-09-09 08:08:12.612123
118	83	834	1	2025-09-09 08:08:12.612123	2025-09-09 08:08:12.612123
119	84	837	1	2025-09-09 08:08:12.612123	2025-09-09 08:08:12.612123
120	85	840	1	2025-09-09 08:08:12.612123	2025-09-09 08:08:12.612123
121	85	841	2	2025-09-09 08:08:12.612123	2025-09-09 08:08:12.612123
122	85	842	3	2025-09-09 08:08:12.612123	2025-09-09 08:08:12.612123
123	86	853	1	2025-09-09 08:08:12.612123	2025-09-09 08:08:12.612123
124	87	867	1	2025-09-09 08:08:12.612123	2025-09-09 08:08:12.612123
125	87	868	2	2025-09-09 08:08:12.612123	2025-09-09 08:08:12.612123
126	88	870	1	2025-09-09 08:08:12.612123	2025-09-09 08:08:12.612123
127	88	871	2	2025-09-09 08:08:12.612123	2025-09-09 08:08:12.612123
128	88	872	3	2025-09-09 08:08:12.612123	2025-09-09 08:08:12.612123
129	89	874	1	2025-09-09 08:08:12.612123	2025-09-09 08:08:12.612123
130	89	875	2	2025-09-09 08:08:12.612123	2025-09-09 08:08:12.612123
131	90	878	1	2025-09-09 08:08:12.612123	2025-09-09 08:08:12.612123
132	91	882	1	2025-09-09 08:08:12.612123	2025-09-09 08:08:12.612123
133	91	883	2	2025-09-09 08:08:12.612123	2025-09-09 08:08:12.612123
134	91	884	3	2025-09-09 08:08:12.612123	2025-09-09 08:08:12.612123
135	91	885	4	2025-09-09 08:08:12.612123	2025-09-09 08:08:12.612123
136	92	889	1	2025-09-09 08:08:12.612123	2025-09-09 08:08:12.612123
137	93	891	1	2025-09-09 08:08:12.612123	2025-09-09 08:08:12.612123
138	94	894	1	2025-09-09 08:08:12.612123	2025-09-09 08:08:12.612123
139	94	895	2	2025-09-09 08:08:12.612123	2025-09-09 08:08:12.612123
140	95	898	1	2025-09-09 08:08:12.612123	2025-09-09 08:08:12.612123
141	95	899	2	2025-09-09 08:08:12.612123	2025-09-09 08:08:12.612123
142	96	904	1	2025-09-09 08:08:12.612123	2025-09-09 08:08:12.612123
143	96	905	2	2025-09-09 08:08:12.612123	2025-09-09 08:08:12.612123
144	97	911	1	2025-09-09 08:08:12.612123	2025-09-09 08:08:12.612123
145	98	914	1	2025-09-09 08:08:12.612123	2025-09-09 08:08:12.612123
146	98	915	2	2025-09-09 08:08:12.612123	2025-09-09 08:08:12.612123
147	99	917	1	2025-09-09 08:08:12.612123	2025-09-09 08:08:12.612123
148	99	918	2	2025-09-09 08:08:12.612123	2025-09-09 08:08:12.612123
149	100	922	1	2025-09-09 08:08:12.612123	2025-09-09 08:08:12.612123
150	100	923	2	2025-09-09 08:08:12.612123	2025-09-09 08:08:12.612123
151	101	928	1	2025-09-09 08:08:12.612123	2025-09-09 08:08:12.612123
152	101	929	2	2025-09-09 08:08:12.612123	2025-09-09 08:08:12.612123
153	102	932	1	2025-09-09 08:08:12.612123	2025-09-09 08:08:12.612123
154	103	939	1	2025-09-09 08:08:12.612123	2025-09-09 08:08:12.612123
155	103	940	2	2025-09-09 08:08:12.612123	2025-09-09 08:08:12.612123
156	104	943	1	2025-09-09 08:08:12.612123	2025-09-09 08:08:12.612123
157	105	947	1	2025-09-09 08:08:12.612123	2025-09-09 08:08:12.612123
158	105	948	2	2025-09-09 08:08:12.612123	2025-09-09 08:08:12.612123
159	105	949	3	2025-09-09 08:08:12.612123	2025-09-09 08:08:12.612123
160	141	953	1	2025-09-09 08:08:12.612123	2025-09-09 08:08:12.612123
161	141	954	2	2025-09-09 08:08:12.612123	2025-09-09 08:08:12.612123
162	141	955	3	2025-09-09 08:08:12.612123	2025-09-09 08:08:12.612123
163	106	957	1	2025-09-09 08:08:12.612123	2025-09-09 08:08:12.612123
164	107	961	1	2025-09-09 08:08:12.612123	2025-09-09 08:08:12.612123
165	108	966	1	2025-09-09 08:08:12.612123	2025-09-09 08:08:12.612123
166	109	968	1	2025-09-09 08:08:12.612123	2025-09-09 08:08:12.612123
167	110	973	1	2025-09-09 08:08:12.612123	2025-09-09 08:08:12.612123
168	111	978	1	2025-09-09 08:08:12.612123	2025-09-09 08:08:12.612123
169	112	982	1	2025-09-09 08:08:12.612123	2025-09-09 08:08:12.612123
170	113	986	1	2025-09-09 08:08:12.612123	2025-09-09 08:08:12.612123
171	114	989	1	2025-09-09 08:08:12.612123	2025-09-09 08:08:12.612123
172	144	1000	1	2025-09-09 08:08:12.612123	2025-09-09 08:08:12.612123
\.


--
-- Data for Name: postgres_primary_keys; Type: TABLE DATA; Schema: mcl; Owner: postgres
--

COPY mcl.postgres_primary_keys (id, table_id, source_primary_key_id, constraint_name, is_clustered, created_at, updated_at, original_constraint_name) FROM stdin;
69	255	260	pk_og_ag	t	2025-09-09 08:07:57.317869	2025-09-09 08:07:57.317869	PK_ogAg
1	167	182	pk_cn_pr_doc	t	2025-09-09 08:07:57.317869	2025-09-09 08:07:57.317869	PK_cn_PrDoc
2	168	183	pk_cn_pr_doc_p	t	2025-09-09 08:07:57.317869	2025-09-09 08:07:57.317869	PK_cn_PrDocP
3	169	184	pk_cn_pr_doc_t	t	2025-09-09 08:07:57.317869	2025-09-09 08:07:57.317869	PK_cn_PrDocT
4	170	189	pk_cn_inv	t	2025-09-09 08:07:57.317869	2025-09-09 08:07:57.317869	PK_cnInv
5	171	190	pk_cn_inv_accnt	t	2025-09-09 08:07:57.317869	2025-09-09 08:07:57.317869	PK_cnInvAccnt
6	172	191	pk_cn_inv_accnt_smpl	t	2025-09-09 08:07:57.317869	2025-09-09 08:07:57.317869	PK_cnInvAccntSmpl
7	173	192	pk_cn_inv_cmm	t	2025-09-09 08:07:57.317869	2025-09-09 08:07:57.317869	PK_cnInvCmm
8	174	193	pk_cn_inv_cmm_ag	t	2025-09-09 08:07:57.317869	2025-09-09 08:07:57.317869	PK_cnInvCmmAg
9	175	194	pk_cn_inv_cmm_ag_n	t	2025-09-09 08:07:57.317869	2025-09-09 08:07:57.317869	PK_cnInvCmmAgN
10	176	195	pk_cn_inv_cmm_cst	t	2025-09-09 08:07:57.317869	2025-09-09 08:07:57.317869	PK_cnInvCmmCst
11	177	196	pk_cn_inv_cmm_cst_n	t	2025-09-09 08:07:57.317869	2025-09-09 08:07:57.317869	PK_cnInvCmmCstN
12	178	197	pk_cn_inv_cmm_dt	t	2025-09-09 08:07:57.317869	2025-09-09 08:07:57.317869	PK_cnInvCmmDt
13	179	198	pk_cn_inv_cmm_dt_n	t	2025-09-09 08:07:57.317869	2025-09-09 08:07:57.317869	PK_cnInvCmmDtN
14	180	199	pk_cn_inv_cmm_fn	t	2025-09-09 08:07:57.317869	2025-09-09 08:07:57.317869	PK_cnInvCmmFn
15	181	200	pk_cn_inv_cmm_fn_n	t	2025-09-09 08:07:57.317869	2025-09-09 08:07:57.317869	PK_cnInvCmmFnN
16	182	201	pk_cn_inv_cmm_gr	t	2025-09-09 08:07:57.317869	2025-09-09 08:07:57.317869	PK_cnInvCmmGr
17	183	202	pk_cn_inv_cmm_tp	t	2025-09-09 08:07:57.317869	2025-09-09 08:07:57.317869	PK_cnInvCmmTp
18	184	203	pk_cn_inv_gr	t	2025-09-09 08:07:57.317869	2025-09-09 08:07:57.317869	PK_cnInvGr
19	185	204	pk_cn_inv_gr_nm	t	2025-09-09 08:07:57.317869	2025-09-09 08:07:57.317869	PK_cnInvGrNm
20	186	205	pk_cn_inv_transfer	t	2025-09-09 08:07:57.317869	2025-09-09 08:07:57.317869	PK_cnInvTransfer
21	187	206	pk_cn_num	t	2025-09-09 08:07:57.317869	2025-09-09 08:07:57.317869	PK_cnNum
22	188	207	pk_cn_num_type	t	2025-09-09 08:07:57.317869	2025-09-09 08:07:57.317869	PK_cnNumType
23	189	209	pk_cst_ag	t	2025-09-09 08:07:57.317869	2025-09-09 08:07:57.317869	PK_cstAg
24	190	210	pk_cst_ag_pn	t	2025-09-09 08:07:57.317869	2025-09-09 08:07:57.317869	PK_cstAgPn
25	191	211	pk_cst_ag_pn_branch	t	2025-09-09 08:07:57.317869	2025-09-09 08:07:57.317869	PK_cstAgPnBranch
26	192	212	pk_cst_ag_pn_mnrl	t	2025-09-09 08:07:57.317869	2025-09-09 08:07:57.317869	PK_cstAgPnMnrl
27	194	213	pk_imp_gr	t	2025-09-09 08:07:57.317869	2025-09-09 08:07:57.317869	PK_impGr
28	214	215	pk_inv_dbt	t	2025-09-09 08:07:57.317869	2025-09-09 08:07:57.317869	PK_invDbt
29	215	216	pk_inv_dbt_tmp_cia_rel	t	2025-09-09 08:07:57.317869	2025-09-09 08:07:57.317869	PK_invDbtTmpCiaRel
30	216	217	pk_inv_dbt_value	t	2025-09-09 08:07:57.317869	2025-09-09 08:07:57.317869	PK_invDbtValue
31	217	218	pk_inv_num	t	2025-09-09 08:07:57.317869	2025-09-09 08:07:57.317869	PK_invNum
32	218	220	pk_ipg_ch	t	2025-09-09 08:07:57.317869	2025-09-09 08:07:57.317869	PK_ipgCh
33	219	221	pk_ipg_ch_rl	t	2025-09-09 08:07:57.317869	2025-09-09 08:07:57.317869	PK_ipgChRl
34	220	222	pk_ipg_cost_its	t	2025-09-09 08:07:57.317869	2025-09-09 08:07:57.317869	PK_ipgCostIts
35	221	223	pk_ipg_cost_its_nm	t	2025-09-09 08:07:57.317869	2025-09-09 08:07:57.317869	PK_ipgCostItsNm
36	222	224	pk_ipg_pn	t	2025-09-09 08:07:57.317869	2025-09-09 08:07:57.317869	PK_ipgPn
37	223	225	pk_ipg_pn_lim	t	2025-09-09 08:07:57.317869	2025-09-09 08:07:57.317869	PK_ipgPnLim
38	224	226	pk_ipg_sh	t	2025-09-09 08:07:57.317869	2025-09-09 08:07:57.317869	PK_ipgSh
39	225	227	pk_ipg_st	t	2025-09-09 08:07:57.317869	2025-09-09 08:07:57.317869	PK_ipgSt
40	226	228	pk_ipg_st_lm	t	2025-09-09 08:07:57.317869	2025-09-09 08:07:57.317869	PK_ipgStLm
41	227	229	pk_ipg_st_pn	t	2025-09-09 08:07:57.317869	2025-09-09 08:07:57.317869	PK_ipgStPn
42	228	230	pk_ipg_st_rl	t	2025-09-09 08:07:57.317869	2025-09-09 08:07:57.317869	PK_ipgStRl
43	229	231	pk_ipg_st_rl_sh	t	2025-09-09 08:07:57.317869	2025-09-09 08:07:57.317869	PK_ipgStRlSh
44	230	232	pk_ipg_st_rl_sh_p	t	2025-09-09 08:07:57.317869	2025-09-09 08:07:57.317869	PK_ipgStRlShP
45	231	233	pk_ipg_ut_pl	t	2025-09-09 08:07:57.317869	2025-09-09 08:07:57.317869	PK_ipgUtPl
46	232	234	pk_ipg_ut_pl_gr	t	2025-09-09 08:07:57.317869	2025-09-09 08:07:57.317869	PK_ipgUtPlGr
47	233	235	pk_ipg_ut_pl_gr_p	t	2025-09-09 08:07:57.317869	2025-09-09 08:07:57.317869	PK_ipgUtPlGrP
48	234	236	pk_ipg_ut_pl_p	t	2025-09-09 08:07:57.317869	2025-09-09 08:07:57.317869	PK_ipgUtPlP
49	235	237	pk_ipg_ut_pl_pn_cost_its	t	2025-09-09 08:07:57.317869	2025-09-09 08:07:57.317869	PK_ipgUtPlPnCostIts
50	236	238	pk_ipg_ut_pl_pn_lm_mn	t	2025-09-09 08:07:57.317869	2025-09-09 08:07:57.317869	PK_ipgUtPlPnLmMn
51	237	240	pk_ipg_ut_pl_pn_lm_qu	t	2025-09-09 08:07:57.317869	2025-09-09 08:07:57.317869	PK_ipgUtPlPnLmQu
52	238	241	pk_ipg_ut_pl_pn_lm_ye	t	2025-09-09 08:07:57.317869	2025-09-09 08:07:57.317869	PK_ipgUtPlPnLmYe
53	239	242	pk_ju_un_doc	t	2025-09-09 08:07:57.317869	2025-09-09 08:07:57.317869	PK_JuUnDoc
54	240	243	pk_ju_un_doc_chng	t	2025-09-09 08:07:57.317869	2025-09-09 08:07:57.317869	PK_JuUnDocChng
55	241	244	pk_ju_un_doc_chng_gr	t	2025-09-09 08:07:57.317869	2025-09-09 08:07:57.317869	PK_JuUnDocChngGr
56	242	245	pk_ju_un_doc_chng_gr_rel	t	2025-09-09 08:07:57.317869	2025-09-09 08:07:57.317869	PK_JuUnDocChngGrRel
57	243	246	pk_ju_un_doc_chng_type	t	2025-09-09 08:07:57.317869	2025-09-09 08:07:57.317869	PK_JuUnDocChngType
58	244	247	pk_ju_un_doc_import	t	2025-09-09 08:07:57.317869	2025-09-09 08:07:57.317869	PK_JuUnDocImport
59	245	248	pk_ju_un_doc_prmr	t	2025-09-09 08:07:57.317869	2025-09-09 08:07:57.317869	PK_JuUnDocPrmr
60	246	249	pk_ju_un_doc_prmr_gr	t	2025-09-09 08:07:57.317869	2025-09-09 08:07:57.317869	PK_JuUnDocPrmrGr
61	247	250	pk_ju_un_doc_prmr_gr_rel	t	2025-09-09 08:07:57.317869	2025-09-09 08:07:57.317869	PK_JuUnDocPrmrGrRel
62	248	251	pk_ju_un_doc_prmr_type	t	2025-09-09 08:07:57.317869	2025-09-09 08:07:57.317869	PK_JuUnDocPrmrType
63	249	252	pk_ju_un_doc_reg	t	2025-09-09 08:07:57.317869	2025-09-09 08:07:57.317869	PK_JuUnDocReg
64	250	253	pk_ju_un_doc_reg_link	t	2025-09-09 08:07:57.317869	2025-09-09 08:07:57.317869	PK_JuUnDocRegLink
65	251	254	pk_ju_un_doc_rel_chng	t	2025-09-09 08:07:57.317869	2025-09-09 08:07:57.317869	PK_JuUnDocRelChng
66	252	255	pk_ju_un_doc_side	t	2025-09-09 08:07:57.317869	2025-09-09 08:07:57.317869	PK_JuUnDocSide
67	253	256	pk_ju_un_doc_side_org	t	2025-09-09 08:07:57.317869	2025-09-09 08:07:57.317869	PK_JuUnDocSideOrg
68	254	257	pk_ju_un_doc_side_type	t	2025-09-09 08:07:57.317869	2025-09-09 08:07:57.317869	PK_JuUnDocSideType
70	256	261	pk_og_ag_fee	t	2025-09-09 08:07:57.317869	2025-09-09 08:07:57.317869	PK_ogAgFee
71	257	262	pk_og_ag_fee_p	t	2025-09-09 08:07:57.317869	2025-09-09 08:07:57.317869	PK_ogAgFeeP
72	258	263	pk_og_ag_fee_pn_test	t	2025-09-09 08:07:57.317869	2025-09-09 08:07:57.317869	PK_ogAgFeePnTest
73	259	264	pk_og_nm_f	t	2025-09-09 08:07:57.317869	2025-09-09 08:07:57.317869	PK_ogNmF
74	260	270	pk_ra_change_summ_ct	t	2025-09-09 08:07:57.317869	2025-09-09 08:07:57.317869	PK_ra_change_summCt
75	261	273	pk_ra_summ_ct	t	2025-09-09 08:07:57.317869	2025-09-09 08:07:57.317869	PK_ra_summCt
76	263	274	pk_ralp_old	t	2025-09-09 08:07:57.317869	2025-09-09 08:07:57.317869	PK_ralpOld
77	264	275	pk_ralp_ra	t	2025-09-09 08:07:57.317869	2025-09-09 08:07:57.317869	PK_ralpRa
78	265	276	pk_ralp_ra_au	t	2025-09-09 08:07:57.317869	2025-09-09 08:07:57.317869	PK_ralpRaAu
79	266	277	pk_rg_tax_buirg	t	2025-09-09 08:07:57.317869	2025-09-09 08:07:57.317869	PK_rgTaxBuirg
80	267	278	pk_rg_tax_id_num_ind	t	2025-09-09 08:07:57.317869	2025-09-09 08:07:57.317869	PK_rgTaxIdNumInd
81	268	279	pk_rg_tax_id_num_jur_pers	t	2025-09-09 08:07:57.317869	2025-09-09 08:07:57.317869	PK_rgTaxIdNumJurPers
82	269	280	pk_rg_tax_ind	t	2025-09-09 08:07:57.317869	2025-09-09 08:07:57.317869	PK_rgTaxInd
83	270	281	pk_rg_tax_lg_ent_frm_mtd	t	2025-09-09 08:07:57.317869	2025-09-09 08:07:57.317869	PK_rgTaxLgEntFrmMtd
84	271	282	pk_rg_tax_lg_ent_trm_mtd	t	2025-09-09 08:07:57.317869	2025-09-09 08:07:57.317869	PK_rgTaxLgEntTrmMtd
85	272	283	pk_rg_tax_mn_st_reg_num	t	2025-09-09 08:07:57.317869	2025-09-09 08:07:57.317869	PK_rgTaxMnStRegNum
86	273	284	pk_rg_tax_mn_st_reg_num_ind	t	2025-09-09 08:07:57.317869	2025-09-09 08:07:57.317869	PK_rgTaxMnStRegNumInd
87	274	285	pk_rg_tax_name	t	2025-09-09 08:07:57.317869	2025-09-09 08:07:57.317869	PK_rgTaxName
88	275	286	pk_rg_tax_name_short	t	2025-09-09 08:07:57.317869	2025-09-09 08:07:57.317869	PK_rgTaxNameShort
89	276	287	pk_rg_tax_office	t	2025-09-09 08:07:57.317869	2025-09-09 08:07:57.317869	PK_rgTaxOffice
90	277	288	pk_rg_tax_reason	t	2025-09-09 08:07:57.317869	2025-09-09 08:07:57.317869	PK_rgTaxReason
91	278	289	pk_rg_tax_reason_code	t	2025-09-09 08:07:57.317869	2025-09-09 08:07:57.317869	PK_rgTaxReasonCode
92	279	290	pk_rg_tax_region	t	2025-09-09 08:07:57.317869	2025-09-09 08:07:57.317869	PK_rgTaxRegion
93	280	291	pk_rg_tax_reor_acqui	t	2025-09-09 08:07:57.317869	2025-09-09 08:07:57.317869	PK_rgTaxReorAcqui
94	281	292	pk_rg_tax_reor_divis	t	2025-09-09 08:07:57.317869	2025-09-09 08:07:57.317869	PK_rgTaxReorDivis
95	282	293	pk_rg_tax_reor_divis_acqu	t	2025-09-09 08:07:57.317869	2025-09-09 08:07:57.317869	PK_rgTaxReorDivisAcqu
96	283	294	pk_rg_tax_reor_divis_merg	t	2025-09-09 08:07:57.317869	2025-09-09 08:07:57.317869	PK_rgTaxReorDivisMerg
97	284	295	pk_rg_tax_reor_merge	t	2025-09-09 08:07:57.317869	2025-09-09 08:07:57.317869	PK_rgTaxReorMerge
98	285	296	pk_rg_tax_reor_separ	t	2025-09-09 08:07:57.317869	2025-09-09 08:07:57.317869	PK_rgTaxReorSepar
99	286	297	pk_rg_tax_reor_separ_acqu	t	2025-09-09 08:07:57.317869	2025-09-09 08:07:57.317869	PK_rgTaxReorSeparAcqu
100	287	298	pk_rg_tax_reor_separ_merg	t	2025-09-09 08:07:57.317869	2025-09-09 08:07:57.317869	PK_rgTaxReorSeparMerg
101	288	299	pk_rg_tax_reor_trans	t	2025-09-09 08:07:57.317869	2025-09-09 08:07:57.317869	PK_rgTaxReorTrans
102	289	300	pk_rg_tax_sub_divs	t	2025-09-09 08:07:57.317869	2025-09-09 08:07:57.317869	PK_rgTaxSubDivs
103	290	301	pk_rg_tax_sub_divs_buirg	t	2025-09-09 08:07:57.317869	2025-09-09 08:07:57.317869	PK_rgTaxSubDivsBuirg
104	291	302	pk_rg_tax_sub_divs_name	t	2025-09-09 08:07:57.317869	2025-09-09 08:07:57.317869	PK_rgTaxSubDivsName
105	292	303	pk_rg_tax_sub_divs_reas	t	2025-09-09 08:07:57.317869	2025-09-09 08:07:57.317869	PK_rgTaxSubDivsReas
106	293	305	pk_st_cost	t	2025-09-09 08:07:57.317869	2025-09-09 08:07:57.317869	PK_stCost
107	294	306	pk_st_cost_nm	t	2025-09-09 08:07:57.317869	2025-09-09 08:07:57.317869	PK_stCostNm
108	295	307	pk_sti_lim	t	2025-09-09 08:07:57.317869	2025-09-09 08:07:57.317869	PK_stiLim
109	296	308	pk_st_ipg	t	2025-09-09 08:07:57.317869	2025-09-09 08:07:57.317869	PK_stIpg
110	297	309	pk_st_ipg_nm	t	2025-09-09 08:07:57.317869	2025-09-09 08:07:57.317869	PK_stIpgNm
111	298	310	pk_st_net	t	2025-09-09 08:07:57.317869	2025-09-09 08:07:57.317869	PK_stNet
112	299	311	pk_st_net_pn	t	2025-09-09 08:07:57.317869	2025-09-09 08:07:57.317869	PK_stNetPn
113	300	312	pk_st_rel	t	2025-09-09 08:07:57.317869	2025-09-09 08:07:57.317869	PK_stRel
114	301	313	pk_st_type	t	2025-09-09 08:07:57.317869	2025-09-09 08:07:57.317869	PK_stType
115	302	173	pk_accnt	t	2025-09-09 08:07:57.317869	2025-09-09 08:07:57.317869	PK_accnt
116	303	174	pk_cn	t	2025-09-09 08:07:57.317869	2025-09-09 08:07:57.317869	PK_cn
118	305	176	pk_cn_inv_dbt	t	2025-09-09 08:07:57.317869	2025-09-09 08:07:57.317869	PK_cn_inv_dbt
119	306	177	pk_cn_inv_dbt_upl	t	2025-09-09 08:07:57.317869	2025-09-09 08:07:57.317869	PK_cn_inv_dbt_upl
120	307	178	pk_cn_inv_dbt_upl_g_p	t	2025-09-09 08:07:57.317869	2025-09-09 08:07:57.317869	PK_cn_inv_dbt_upl_g_p
121	308	179	pk_cn_inv_doc	t	2025-09-09 08:07:57.317869	2025-09-09 08:07:57.317869	PK_cn_inv_doc
122	309	180	pk_cn_inv_pm	t	2025-09-09 08:07:57.317869	2025-09-09 08:07:57.317869	PK_cn_inv_pm
123	310	181	pk_cn_inv_pm_upl	t	2025-09-09 08:07:57.317869	2025-09-09 08:07:57.317869	PK_cn_inv_pm_upl
124	311	185	pk_cn_s	t	2025-09-09 08:07:57.317869	2025-09-09 08:07:57.317869	PK_cn_s
125	312	186	pk_cn_s_org	t	2025-09-09 08:07:57.317869	2025-09-09 08:07:57.317869	PK_cn_s_org
126	313	187	pk_cn_s_org_smpl	t	2025-09-09 08:07:57.317869	2025-09-09 08:07:57.317869	PK_cn_s_org_smpl
127	314	188	pk_cn_s_type	t	2025-09-09 08:07:57.317869	2025-09-09 08:07:57.317869	PK_cn_s_type
128	315	208	pk_cst	t	2025-09-09 08:07:57.317869	2025-09-09 08:07:57.317869	PK_cst
129	316	214	pk_inv	t	2025-09-09 08:07:57.317869	2025-09-09 08:07:57.317869	PK_inv
130	317	219	pk_ipg	t	2025-09-09 08:07:57.317869	2025-09-09 08:07:57.317869	PK_ipg
131	318	239	pk_ra_change_summ	t	2025-09-09 08:07:57.317869	2025-09-09 08:07:57.317869	PK_ra_change_summ
132	319	258	pk_mmmm	t	2025-09-09 08:07:57.317869	2025-09-09 08:07:57.317869	PK_mmmm
133	320	259	pk_og	t	2025-09-09 08:07:57.317869	2025-09-09 08:07:57.317869	PK_og
134	322	265	pk_org_id	t	2025-09-09 08:07:57.317869	2025-09-09 08:07:57.317869	PK_org_id
135	323	266	pk_org_id_type	t	2025-09-09 08:07:57.317869	2025-09-09 08:07:57.317869	PK_org_id_type
136	324	267	pk_qqqq	t	2025-09-09 08:07:57.317869	2025-09-09 08:07:57.317869	PK_qqqq
137	325	268	pk_ra	t	2025-09-09 08:07:57.317869	2025-09-09 08:07:57.317869	PK_ra
138	326	269	pk_ra_change	t	2025-09-09 08:07:57.317869	2025-09-09 08:07:57.317869	PK_ra_change
139	327	271	pk_ra_period	t	2025-09-09 08:07:57.317869	2025-09-09 08:07:57.317869	PK_ra_period
140	328	272	pk_ra_summ	t	2025-09-09 08:07:57.317869	2025-09-09 08:07:57.317869	PK_ra_summ
141	329	304	pk_st	t	2025-09-09 08:07:57.317869	2025-09-09 08:07:57.317869	PK_st
142	330	314	pk_yr	t	2025-09-09 08:07:57.317869	2025-09-09 08:07:57.317869	PK_yr
143	331	315	pk_yr_upl_p	t	2025-09-09 08:07:57.317869	2025-09-09 08:07:57.317869	PK_yr_upl_p
144	332	316	pk_yyyy	t	2025-09-09 08:07:57.317869	2025-09-09 08:07:57.317869	PK_yyyy
117	304	175	pk_cn_inv_2	t	2025-09-09 08:07:57.317869	2025-09-09 08:07:57.317869	PK_cn_inv
\.


--
-- Data for Name: postgres_sequences; Type: TABLE DATA; Schema: mcl; Owner: postgres
--

COPY mcl.postgres_sequences (id, table_id, column_id, source_identity_column_id, sequence_name, original_sequence_name, start_value, increment_value, current_value, migration_status, migration_date, error_message, created_at, updated_at) FROM stdin;
21	224	440	23	seq_ipgsh_ipgskey	ipgSh_ipgsKey	1	1	3	pending	\N	\N	2025-09-10 19:07:58.182027	2025-09-10 19:07:58.182027
22	304	11	24	seq_cn_inv_cn_inv_key	cn_inv_cn_inv_key	1	1	2056	pending	\N	\N	2025-09-10 19:07:58.182027	2025-09-10 19:07:58.182027
23	236	534	25	seq_ipgutplpnlmmn_iuplpmkey	ipgUtPlPnLmMn_iuplpmKey	1	1	21367	pending	\N	\N	2025-09-10 19:07:58.182027	2025-09-10 19:07:58.182027
24	305	81	26	seq_cn_inv_dbt_cn_inv_dbt_key	cn_inv_dbt_cn_inv_dbt_key	1	1	61514	pending	\N	\N	2025-09-10 19:07:58.182027	2025-09-10 19:07:58.182027
25	306	94	27	seq_cn_inv_dbt_upl_upl_key	cn_inv_dbt_upl_upl_key	1	1	28	pending	\N	\N	2025-09-10 19:07:58.182027	2025-09-10 19:07:58.182027
26	307	99	28	seq_cn_inv_dbt_upl_g_p_key	cn_inv_dbt_upl_g_p_key	1	1	47	pending	\N	\N	2025-09-10 19:07:58.182027	2025-09-10 19:07:58.182027
27	308	102	29	seq_cn_inv_doc_cn_inv_doc_key	cn_inv_doc_cn_inv_doc_key	1	1	229794	pending	\N	\N	2025-09-10 19:07:58.182027	2025-09-10 19:07:58.182027
28	309	116	30	seq_cn_inv_pm_cn_inv_pm_key	cn_inv_pm_cn_inv_pm_key	1	1	492893	pending	\N	\N	2025-09-10 19:07:58.182027	2025-09-10 19:07:58.182027
29	167	162	31	seq_cn_prdoc_cnpdkey	cn_PrDoc_cnpdKey	1	1	2772	pending	\N	\N	2025-09-10 19:07:58.182027	2025-09-10 19:07:58.182027
30	310	147	32	seq_cn_inv_pm_upl_cn_inv_pm_key	cn_inv_pm_upl_cn_inv_pm_key	1	1	46	pending	\N	\N	2025-09-10 19:07:58.182027	2025-09-10 19:07:58.182027
31	312	212	33	seq_cn_s_org_cn_s_org_key	cn_s_org_cn_s_org_key	1	1	3074	pending	\N	\N	2025-09-10 19:07:58.182027	2025-09-10 19:07:58.182027
32	314	224	34	seq_cn_s_type_cn_s_t_key	cn_s_type_cn_s_t_key	1	1	2	pending	\N	\N	2025-09-10 19:07:58.182027	2025-09-10 19:07:58.182027
33	170	20	35	seq_cninv_cikey	cnInv_ciKey	1	1	93722	pending	\N	\N	2025-09-10 19:07:58.182027	2025-09-10 19:07:58.182027
34	168	171	36	seq_cn_prdocp_pdpkey	cn_PrDocP_pdpKey	1	1	3448	pending	\N	\N	2025-09-10 19:07:58.182027	2025-09-10 19:07:58.182027
35	169	205	37	seq_cn_prdoct_pdtokey	cn_PrDocT_pdtoKey	1	1	4	pending	\N	\N	2025-09-10 19:07:58.182027	2025-09-10 19:07:58.182027
36	311	209	38	seq_cn_s_cn_s_key	cn_s_cn_s_key	1	1	3279	pending	\N	\N	2025-09-10 19:07:58.182027	2025-09-10 19:07:58.182027
37	313	220	39	seq_cn_s_org_smpl_csoskey	cn_s_org_smpl_csosKey	1	1	3335	pending	\N	\N	2025-09-10 19:07:58.182027	2025-09-10 19:07:58.182027
38	171	26	40	seq_cninvaccnt_ciakey	cnInvAccnt_ciaKey	1	1	19123	pending	\N	\N	2025-09-10 19:07:58.182027	2025-09-10 19:07:58.182027
39	172	33	41	seq_cninvaccntsmpl_ciaskey	cnInvAccntSmpl_ciasKey	1	1	100534	pending	\N	\N	2025-09-10 19:07:58.182027	2025-09-10 19:07:58.182027
40	173	39	42	seq_cninvcmm_cnickey	cnInvCmm_cnicKey	1	1	12203	pending	\N	\N	2025-09-10 19:07:58.182027	2025-09-10 19:07:58.182027
41	174	45	43	seq_cninvcmmag_cicakey	cnInvCmmAg_cicaKey	1	1	1281	pending	\N	\N	2025-09-10 19:07:58.182027	2025-09-10 19:07:58.182027
42	175	50	44	seq_cninvcmmagn_cicankey	cnInvCmmAgN_cicanKey	1	1	2	pending	\N	\N	2025-09-10 19:07:58.182027	2025-09-10 19:07:58.182027
43	176	52	45	seq_cninvcmmcst_cicckey	cnInvCmmCst_ciccKey	1	1	5996	pending	\N	\N	2025-09-10 19:07:58.182027	2025-09-10 19:07:58.182027
44	177	57	46	seq_cninvcmmcstn_ciccnkey	cnInvCmmCstN_ciccnKey	1	1	2	pending	\N	\N	2025-09-10 19:07:58.182027	2025-09-10 19:07:58.182027
45	178	59	47	seq_cninvcmmdt_cnicdkey	cnInvCmmDt_cnicdKey	1	1	151	pending	\N	\N	2025-09-10 19:07:58.182027	2025-09-10 19:07:58.182027
46	179	65	48	seq_cninvcmmdtn_cnicdnkey	cnInvCmmDtN_cnicdnKey	1	1	1	pending	\N	\N	2025-09-10 19:07:58.182027	2025-09-10 19:07:58.182027
47	180	67	49	seq_cninvcmmfn_cnicfkey	cnInvCmmFn_cnicfKey	1	1	1125	pending	\N	\N	2025-09-10 19:07:58.182027	2025-09-10 19:07:58.182027
48	181	73	50	seq_cninvcmmfnn_cnicfnkey	cnInvCmmFnN_cnicfnKey	1	1	5	pending	\N	\N	2025-09-10 19:07:58.182027	2025-09-10 19:07:58.182027
49	182	75	51	seq_cninvcmmgr_cnicgkey	cnInvCmmGr_cnicgKey	1	1	38	pending	\N	\N	2025-09-10 19:07:58.182027	2025-09-10 19:07:58.182027
50	183	79	52	seq_cninvcmmtp_cnictkey	cnInvCmmTp_cnictKey	1	1	10	pending	\N	\N	2025-09-10 19:07:58.182027	2025-09-10 19:07:58.182027
51	184	109	53	seq_cninvgr_cnigkey	cnInvGr_cnigKey	1	1	755	pending	\N	\N	2025-09-10 19:07:58.182027	2025-09-10 19:07:58.182027
52	185	114	54	seq_cninvgrnm_cnignkey	cnInvGrNm_cnignKey	1	1	11	pending	\N	\N	2025-09-10 19:07:58.182027	2025-09-10 19:07:58.182027
53	186	150	55	seq_cninvtransfer_ciokey	cnInvTransfer_cioKey	1	1	2028	pending	\N	\N	2025-09-10 19:07:58.182027	2025-09-10 19:07:58.182027
54	187	153	56	seq_cnnum_cnnkey	cnNum_cnnKey	1	1	2395	pending	\N	\N	2025-09-10 19:07:58.182027	2025-09-10 19:07:58.182027
55	188	160	57	seq_cnnumtype_cnntkey	cnNumType_cnntKey	1	1	3	pending	\N	\N	2025-09-10 19:07:58.182027	2025-09-10 19:07:58.182027
56	315	226	58	seq_cst_cstkey	cst_cstKey	1	1	5146	pending	\N	\N	2025-09-10 19:07:58.182027	2025-09-10 19:07:58.182027
57	189	231	59	seq_cstag_cstakey	cstAg_cstaKey	1	1	3169	pending	\N	\N	2025-09-10 19:07:58.182027	2025-09-10 19:07:58.182027
58	190	236	60	seq_cstagpn_cstapkey	cstAgPn_cstapKey	1	1	4402	pending	\N	\N	2025-09-10 19:07:58.182027	2025-09-10 19:07:58.182027
59	191	243	61	seq_cstagpnbranch_cstapbkey	cstAgPnBranch_cstapbKey	1	1	1017	pending	\N	\N	2025-09-10 19:07:58.182027	2025-09-10 19:07:58.182027
60	192	248	62	seq_cstagpnmnrl_amkey	cstAgPnMnrl_amKey	1	1	1243	pending	\N	\N	2025-09-10 19:07:58.182027	2025-09-10 19:07:58.182027
61	194	260	63	seq_impgr_igrkey	impGr_igrKey	1	1	3	pending	\N	\N	2025-09-10 19:07:58.182027	2025-09-10 19:07:58.182027
62	316	348	64	seq_inv_ikey	inv_iKey	1	1	90870	pending	\N	\N	2025-09-10 19:07:58.182027	2025-09-10 19:07:58.182027
63	217	393	65	seq_invnum_inkey	invNum_inKey	1	1	90879	pending	\N	\N	2025-09-10 19:07:58.182027	2025-09-10 19:07:58.182027
64	317	399	66	seq_ipg_ipgkey	ipg_ipgKey	1	1	26	pending	\N	\N	2025-09-10 19:07:58.182027	2025-09-10 19:07:58.182027
65	218	409	67	seq_ipgch_ipgckey	ipgCh_ipgcKey	1	1	15	pending	\N	\N	2025-09-10 19:07:58.182027	2025-09-10 19:07:58.182027
66	219	414	68	seq_ipgchrl_ipgcrkey	ipgChRl_ipgcrKey	1	1	34	pending	\N	\N	2025-09-10 19:07:58.182027	2025-09-10 19:07:58.182027
67	220	418	69	seq_ipgcostits_icikey	ipgCostIts_iciKey	1	1	62	pending	\N	\N	2025-09-10 19:07:58.182027	2025-09-10 19:07:58.182027
68	221	420	70	seq_ipgcostitsnm_icinkey	ipgCostItsNm_icinKey	1	1	64	pending	\N	\N	2025-09-10 19:07:58.182027	2025-09-10 19:07:58.182027
69	222	423	71	seq_ipgpn_ipgpkey	ipgPn_ipgpKey	1	1	12389	pending	\N	\N	2025-09-10 19:07:58.182027	2025-09-10 19:07:58.182027
70	223	436	72	seq_ipgpnlim_ipgplkey	ipgPnLim_ipgplKey	1	1	14635	pending	\N	\N	2025-09-10 19:07:58.182027	2025-09-10 19:07:58.182027
71	225	442	73	seq_ipgst_ipgstkey	ipgSt_ipgStKey	1	1	75	pending	\N	\N	2025-09-10 19:07:58.182027	2025-09-10 19:07:58.182027
72	226	445	74	seq_ipgstlm_ipgsplkey	ipgStLm_ipgsplKey	1	1	3	pending	\N	\N	2025-09-10 19:07:58.182027	2025-09-10 19:07:58.182027
73	227	447	75	seq_ipgstpn_ipgspkey	ipgStPn_ipgspKey	1	1	8721	pending	\N	\N	2025-09-10 19:07:58.182027	2025-09-10 19:07:58.182027
74	228	450	76	seq_ipgstrl_ipgsrkey	ipgStRl_ipgsrKey	1	1	89	pending	\N	\N	2025-09-10 19:07:58.182027	2025-09-10 19:07:58.182027
75	229	453	77	seq_ipgstrlsh_ipgstrshkey	ipgStRlSh_ipgstrshKey	1	1	2	pending	\N	\N	2025-09-10 19:07:58.182027	2025-09-10 19:07:58.182027
76	230	456	78	seq_ipgstrlshp_ipgstrshpkey	ipgStRlShP_ipgstrshpKey	1	1	130	pending	\N	\N	2025-09-10 19:07:58.182027	2025-09-10 19:07:58.182027
77	231	460	79	seq_ipgutpl_iuplkey	ipgUtPl_iuplKey	1	1	200	pending	\N	\N	2025-09-10 19:07:58.182027	2025-09-10 19:07:58.182027
78	232	465	80	seq_ipgutplgr_iuplgkey	ipgUtPlGr_iuplgKey	1	1	17	pending	\N	\N	2025-09-10 19:07:58.182027	2025-09-10 19:07:58.182027
79	233	468	81	seq_ipgutplgrp_iuplgpkey	ipgUtPlGrP_iuplgpKey	1	1	205	pending	\N	\N	2025-09-10 19:07:58.182027	2025-09-10 19:07:58.182027
80	234	471	82	seq_ipgutplp_iuplpkey	ipgUtPlP_iuplpKey	1	1	9900	pending	\N	\N	2025-09-10 19:07:58.182027	2025-09-10 19:07:58.182027
81	235	503	83	seq_ipgutplpncostits_iuplpckey	ipgUtPlPnCostIts_iuplpcKey	1	1	\N	pending	\N	\N	2025-09-10 19:07:58.182027	2025-09-10 19:07:58.182027
82	237	539	84	seq_ipgutplpnlmqu_iuplpqkey	ipgUtPlPnLmQu_iuplpqKey	1	1	1709	pending	\N	\N	2025-09-10 19:07:58.182027	2025-09-10 19:07:58.182027
83	238	544	85	seq_ipgutplpnlmye_iuplpykey	ipgUtPlPnLmYe_iuplpyKey	1	1	2457	pending	\N	\N	2025-09-10 19:07:58.182027	2025-09-10 19:07:58.182027
84	239	548	86	seq_juundoc_jkey	JuUnDoc_jKey	1	1	32711	pending	\N	\N	2025-09-10 19:07:58.182027	2025-09-10 19:07:58.182027
85	241	558	87	seq_juundocchnggr_jcgkey	JuUnDocChngGr_jcgKey	1	1	\N	pending	\N	\N	2025-09-10 19:07:58.182027	2025-09-10 19:07:58.182027
86	242	560	88	seq_juundocchnggrrel_jcgrkey	JuUnDocChngGrRel_jcgrKey	1	1	\N	pending	\N	\N	2025-09-10 19:07:58.182027	2025-09-10 19:07:58.182027
87	243	563	89	seq_juundocchngtype_jctkey	JuUnDocChngType_jctKey	1	1	4	pending	\N	\N	2025-09-10 19:07:58.182027	2025-09-10 19:07:58.182027
88	244	577	90	seq_juundocimport_nkey	JuUnDocImport_nKey	1	1	31107	pending	\N	\N	2025-09-10 19:07:58.182027	2025-09-10 19:07:58.182027
89	246	595	91	seq_juundocprmrgr_jpgkey	JuUnDocPrmrGr_jpgKey	1	1	118	pending	\N	\N	2025-09-10 19:07:58.182027	2025-09-10 19:07:58.182027
90	247	597	92	seq_juundocprmrgrrel_jpgrkey	JuUnDocPrmrGrRel_jpgrKey	1	1	\N	pending	\N	\N	2025-09-10 19:07:58.182027	2025-09-10 19:07:58.182027
91	248	600	93	seq_juundocprmrtype_jptkey	JuUnDocPrmrType_jptKey	1	1	9	pending	\N	\N	2025-09-10 19:07:58.182027	2025-09-10 19:07:58.182027
92	249	602	94	seq_juundocreg_jrkey	JuUnDocReg_jrKey	1	1	31107	pending	\N	\N	2025-09-10 19:07:58.182027	2025-09-10 19:07:58.182027
93	250	610	95	seq_juundocreglink_jrlkey	JuUnDocRegLink_jrlKey	1	1	30558	pending	\N	\N	2025-09-10 19:07:58.182027	2025-09-10 19:07:58.182027
94	251	613	96	seq_juundocrelchng_jrckey	JuUnDocRelChng_jrcKey	1	1	23846	pending	\N	\N	2025-09-10 19:07:58.182027	2025-09-10 19:07:58.182027
95	252	617	97	seq_juundocside_jskey	JuUnDocSide_jsKey	1	1	\N	pending	\N	\N	2025-09-10 19:07:58.182027	2025-09-10 19:07:58.182027
96	253	621	98	seq_juundocsideorg_jsokey	JuUnDocSideOrg_jsoKey	1	1	\N	pending	\N	\N	2025-09-10 19:07:58.182027	2025-09-10 19:07:58.182027
97	254	623	99	seq_juundocsidetype_jstkey	JuUnDocSideType_jstKey	1	1	\N	pending	\N	\N	2025-09-10 19:07:58.182027	2025-09-10 19:07:58.182027
98	319	625	100	seq_mmmm_mkey	mmmm_mKey	1	1	12	pending	\N	\N	2025-09-10 19:07:58.182027	2025-09-10 19:07:58.182027
99	320	631	101	seq_og_ogkey	og_ogKey	1	1	578	pending	\N	\N	2025-09-10 19:07:58.182027	2025-09-10 19:07:58.182027
100	255	642	102	seq_ogag_ogakey	ogAg_ogaKey	1	1	66	pending	\N	\N	2025-09-10 19:07:58.182027	2025-09-10 19:07:58.182027
101	256	646	103	seq_ogagfee_oafkey	ogAgFee_oafKey	1	1	2451	pending	\N	\N	2025-09-10 19:07:58.182027	2025-09-10 19:07:58.182027
102	259	693	104	seq_ognmf_onfkey	ogNmF_onfKey	1	1	108	pending	\N	\N	2025-09-10 19:07:58.182027	2025-09-10 19:07:58.182027
103	257	662	105	seq_ogagfeep_oafpkey	ogAgFeeP_oafpKey	1	1	99802	pending	\N	\N	2025-09-10 19:07:58.182027	2025-09-10 19:07:58.182027
104	322	704	106	seq_org_id_org_id_key	org_id_org_id_key	1	1	640	pending	\N	\N	2025-09-10 19:07:58.182027	2025-09-10 19:07:58.182027
105	323	710	107	seq_org_id_type_org_id_type_key	org_id_type_org_id_type_key	1	1	2	pending	\N	\N	2025-09-10 19:07:58.182027	2025-09-10 19:07:58.182027
106	324	712	108	seq_qqqq_qkey	qqqq_qKey	1	1	4	pending	\N	\N	2025-09-10 19:07:58.182027	2025-09-10 19:07:58.182027
107	325	715	109	seq_ra_ra_key	ra_ra_key	1	1	51537	pending	\N	\N	2025-09-10 19:07:58.182027	2025-09-10 19:07:58.182027
108	326	735	110	seq_ra_change_rac_key	ra_change_rac_key	1	1	3429	pending	\N	\N	2025-09-10 19:07:58.182027	2025-09-10 19:07:58.182027
109	318	754	111	seq_ra_change_summ_ra_s_key	ra_change_summ_raсs_key	1	1	2409	pending	\N	\N	2025-09-10 19:07:58.182027	2025-09-10 19:07:58.182027
110	260	761	112	seq_ra_change_summct_rcsckey	ra_change_summCt_rcscKey	1	1	838	pending	\N	\N	2025-09-10 19:07:58.182027	2025-09-10 19:07:58.182027
111	327	801	113	seq_ra_period_key	ra_period_key	1	1	209	pending	\N	\N	2025-09-10 19:07:58.182027	2025-09-10 19:07:58.182027
112	328	806	114	seq_ra_summ_ras_key	ra_summ_ras_key	1	1	37711	pending	\N	\N	2025-09-10 19:07:58.182027	2025-09-10 19:07:58.182027
113	261	813	115	seq_ra_summct_rsckey	ra_summCt_rscKey	1	1	19944	pending	\N	\N	2025-09-10 19:07:58.182027	2025-09-10 19:07:58.182027
114	263	765	116	seq_ralpold_ralpkey	ralpOld_ralpKey	1	1	2117	pending	\N	\N	2025-09-10 19:07:58.182027	2025-09-10 19:07:58.182027
115	264	782	117	seq_ralpra_ralprkey	ralpRa_ralprKey	1	1	14135	pending	\N	\N	2025-09-10 19:07:58.182027	2025-09-10 19:07:58.182027
116	265	789	118	seq_ralpraau_ralprakey	ralpRaAu_ralpraKey	1	1	16073	pending	\N	\N	2025-09-10 19:07:58.182027	2025-09-10 19:07:58.182027
117	269	830	119	seq_rgtaxind_rtikey	rgTaxInd_rtiKey	1	1	6	pending	\N	\N	2025-09-10 19:07:58.182027	2025-09-10 19:07:58.182027
118	273	853	120	seq_rgtaxmnstregnumind_rtmsrnikey	rgTaxMnStRegNumInd_rtmsrniKey	1	1	5	pending	\N	\N	2025-09-10 19:07:58.182027	2025-09-10 19:07:58.182027
119	329	953	121	seq_st_stkey	st_stKey	1	1	254	pending	\N	\N	2025-09-10 19:07:58.182027	2025-09-10 19:07:58.182027
120	289	932	122	seq_rgtaxsubdivs_rsdkey	rgTaxSubDivs_rsdKey	1	1	43	pending	\N	\N	2025-09-10 19:07:58.182027	2025-09-10 19:07:58.182027
121	290	939	123	seq_rgtaxsubdivsbuirg_rkey	rgTaxSubDivsBuirg_rKey	1	1	29	pending	\N	\N	2025-09-10 19:07:58.182027	2025-09-10 19:07:58.182027
122	291	943	124	seq_rgtaxsubdivsname_rsdnkey	rgTaxSubDivsName_rsdnKey	1	1	32	pending	\N	\N	2025-09-10 19:07:58.182027	2025-09-10 19:07:58.182027
123	294	961	125	seq_stcostnm_stcnkey	stCostNm_stcnKey	1	1	165	pending	\N	\N	2025-09-10 19:07:58.182027	2025-09-10 19:07:58.182027
124	297	973	126	seq_stipgnm_stinkey	stIpgNm_stinKey	1	1	97	pending	\N	\N	2025-09-10 19:07:58.182027	2025-09-10 19:07:58.182027
125	298	978	127	seq_stnet_stnkey	stNet_stnKey	1	1	3	pending	\N	\N	2025-09-10 19:07:58.182027	2025-09-10 19:07:58.182027
126	299	982	128	seq_stnetpn_stnpkey	stNetPn_stnpKey	1	1	219	pending	\N	\N	2025-09-10 19:07:58.182027	2025-09-10 19:07:58.182027
127	300	986	129	seq_strel_strkey	stRel_strKey	1	1	173	pending	\N	\N	2025-09-10 19:07:58.182027	2025-09-10 19:07:58.182027
128	330	991	130	seq_yr_yr_key	yr_yr_key	1	1	8	pending	\N	\N	2025-09-10 19:07:58.182027	2025-09-10 19:07:58.182027
129	331	997	131	seq_yr_upl_p_yr_upl_p_key	yr_upl_p_yr_upl_p_key	1	1	29	pending	\N	\N	2025-09-10 19:07:58.182027	2025-09-10 19:07:58.182027
130	332	1000	132	seq_yyyy_ykey	yyyy_yKey	1	1	27	pending	\N	\N	2025-09-10 19:07:58.182027	2025-09-10 19:07:58.182027
\.


--
-- Data for Name: postgres_stored_procedures; Type: TABLE DATA; Schema: mcl; Owner: postgres
--

COPY mcl.postgres_stored_procedures (id, task_id, object_name, object_type, schema_name, migration_status, migration_date, error_message, create_date, modify_date, object_id, created_at, updated_at, source_procedure_id, procedure_definition, parameter_count, source_procedure_name, source_procedure_definition, migration_duration, definition_complexity) FROM stdin;
\.


--
-- Data for Name: postgres_tables; Type: TABLE DATA; Schema: mcl; Owner: postgres
--

COPY mcl.postgres_tables (id, task_id, object_name, object_type, schema_name, migration_status, migration_date, error_message, create_date, modify_date, object_id, created_at, updated_at, source_table_id, table_size, row_count, has_primary_key, has_foreign_keys, has_indexes, has_triggers, column_count, max_column_length, migration_duration, data_transfer_size, data_integrity_percentage) FROM stdin;
167	\N	cn_pr_doc	BASE TABLE	ags	pending	\N	\N	\N	\N	\N	2025-09-06 08:06:16.532806	2025-09-06 08:06:16.532806	1517	\N	\N	\N	\N	\N	\N	\N	\N	\N	\N	\N
168	\N	cn_pr_doc_p	BASE TABLE	ags	pending	\N	\N	\N	\N	\N	2025-09-06 08:06:16.532806	2025-09-06 08:06:16.532806	1518	\N	\N	\N	\N	\N	\N	\N	\N	\N	\N	\N
169	\N	cn_pr_doc_t	BASE TABLE	ags	pending	\N	\N	\N	\N	\N	2025-09-06 08:06:16.532806	2025-09-06 08:06:16.532806	1519	\N	\N	\N	\N	\N	\N	\N	\N	\N	\N	\N
170	\N	cn_inv_new	BASE TABLE	ags	pending	\N	\N	\N	\N	\N	2025-09-06 08:06:16.532806	2025-09-06 08:06:16.532806	1524	\N	\N	\N	\N	\N	\N	\N	\N	\N	\N	\N
171	\N	cn_inv_accnt	BASE TABLE	ags	pending	\N	\N	\N	\N	\N	2025-09-06 08:06:16.532806	2025-09-06 08:06:16.532806	1525	\N	\N	\N	\N	\N	\N	\N	\N	\N	\N	\N
172	\N	cn_inv_accnt_smpl	BASE TABLE	ags	pending	\N	\N	\N	\N	\N	2025-09-06 08:06:16.532806	2025-09-06 08:06:16.532806	1526	\N	\N	\N	\N	\N	\N	\N	\N	\N	\N	\N
173	\N	cn_inv_cmm	BASE TABLE	ags	pending	\N	\N	\N	\N	\N	2025-09-06 08:06:16.532806	2025-09-06 08:06:16.532806	1527	\N	\N	\N	\N	\N	\N	\N	\N	\N	\N	\N
174	\N	cn_inv_cmm_ag	BASE TABLE	ags	pending	\N	\N	\N	\N	\N	2025-09-06 08:06:16.532806	2025-09-06 08:06:16.532806	1528	\N	\N	\N	\N	\N	\N	\N	\N	\N	\N	\N
175	\N	cn_inv_cmm_ag_n	BASE TABLE	ags	pending	\N	\N	\N	\N	\N	2025-09-06 08:06:16.532806	2025-09-06 08:06:16.532806	1529	\N	\N	\N	\N	\N	\N	\N	\N	\N	\N	\N
176	\N	cn_inv_cmm_cst	BASE TABLE	ags	pending	\N	\N	\N	\N	\N	2025-09-06 08:06:16.532806	2025-09-06 08:06:16.532806	1530	\N	\N	\N	\N	\N	\N	\N	\N	\N	\N	\N
177	\N	cn_inv_cmm_cst_n	BASE TABLE	ags	pending	\N	\N	\N	\N	\N	2025-09-06 08:06:16.532806	2025-09-06 08:06:16.532806	1531	\N	\N	\N	\N	\N	\N	\N	\N	\N	\N	\N
178	\N	cn_inv_cmm_dt	BASE TABLE	ags	pending	\N	\N	\N	\N	\N	2025-09-06 08:06:16.532806	2025-09-06 08:06:16.532806	1532	\N	\N	\N	\N	\N	\N	\N	\N	\N	\N	\N
179	\N	cn_inv_cmm_dt_n	BASE TABLE	ags	pending	\N	\N	\N	\N	\N	2025-09-06 08:06:16.532806	2025-09-06 08:06:16.532806	1533	\N	\N	\N	\N	\N	\N	\N	\N	\N	\N	\N
180	\N	cn_inv_cmm_fn	BASE TABLE	ags	pending	\N	\N	\N	\N	\N	2025-09-06 08:06:16.532806	2025-09-06 08:06:16.532806	1534	\N	\N	\N	\N	\N	\N	\N	\N	\N	\N	\N
181	\N	cn_inv_cmm_fn_n	BASE TABLE	ags	pending	\N	\N	\N	\N	\N	2025-09-06 08:06:16.532806	2025-09-06 08:06:16.532806	1535	\N	\N	\N	\N	\N	\N	\N	\N	\N	\N	\N
182	\N	cn_inv_cmm_gr	BASE TABLE	ags	pending	\N	\N	\N	\N	\N	2025-09-06 08:06:16.532806	2025-09-06 08:06:16.532806	1536	\N	\N	\N	\N	\N	\N	\N	\N	\N	\N	\N
183	\N	cn_inv_cmm_tp	BASE TABLE	ags	pending	\N	\N	\N	\N	\N	2025-09-06 08:06:16.532806	2025-09-06 08:06:16.532806	1537	\N	\N	\N	\N	\N	\N	\N	\N	\N	\N	\N
184	\N	cn_inv_gr	BASE TABLE	ags	pending	\N	\N	\N	\N	\N	2025-09-06 08:06:16.532806	2025-09-06 08:06:16.532806	1538	\N	\N	\N	\N	\N	\N	\N	\N	\N	\N	\N
185	\N	cn_inv_gr_nm	BASE TABLE	ags	pending	\N	\N	\N	\N	\N	2025-09-06 08:06:16.532806	2025-09-06 08:06:16.532806	1539	\N	\N	\N	\N	\N	\N	\N	\N	\N	\N	\N
186	\N	cn_inv_transfer	BASE TABLE	ags	pending	\N	\N	\N	\N	\N	2025-09-06 08:06:16.532806	2025-09-06 08:06:16.532806	1540	\N	\N	\N	\N	\N	\N	\N	\N	\N	\N	\N
187	\N	cn_num	BASE TABLE	ags	pending	\N	\N	\N	\N	\N	2025-09-06 08:06:16.532806	2025-09-06 08:06:16.532806	1541	\N	\N	\N	\N	\N	\N	\N	\N	\N	\N	\N
188	\N	cn_num_type	BASE TABLE	ags	pending	\N	\N	\N	\N	\N	2025-09-06 08:06:16.532806	2025-09-06 08:06:16.532806	1542	\N	\N	\N	\N	\N	\N	\N	\N	\N	\N	\N
189	\N	cst_ag	BASE TABLE	ags	pending	\N	\N	\N	\N	\N	2025-09-06 08:06:16.532806	2025-09-06 08:06:16.532806	1544	\N	\N	\N	\N	\N	\N	\N	\N	\N	\N	\N
190	\N	cst_ag_pn	BASE TABLE	ags	pending	\N	\N	\N	\N	\N	2025-09-06 08:06:16.532806	2025-09-06 08:06:16.532806	1545	\N	\N	\N	\N	\N	\N	\N	\N	\N	\N	\N
191	\N	cst_ag_pn_branch	BASE TABLE	ags	pending	\N	\N	\N	\N	\N	2025-09-06 08:06:16.532806	2025-09-06 08:06:16.532806	1546	\N	\N	\N	\N	\N	\N	\N	\N	\N	\N	\N
192	\N	cst_ag_pn_mnrl	BASE TABLE	ags	pending	\N	\N	\N	\N	\N	2025-09-06 08:06:16.532806	2025-09-06 08:06:16.532806	1547	\N	\N	\N	\N	\N	\N	\N	\N	\N	\N	\N
193	\N	imp_cst_code_strange	BASE TABLE	ags	pending	\N	\N	\N	\N	\N	2025-09-06 08:06:16.532806	2025-09-06 08:06:16.532806	1548	\N	\N	\N	\N	\N	\N	\N	\N	\N	\N	\N
194	\N	imp_gr	BASE TABLE	ags	pending	\N	\N	\N	\N	\N	2025-09-06 08:06:16.532806	2025-09-06 08:06:16.532806	1549	\N	\N	\N	\N	\N	\N	\N	\N	\N	\N	\N
195	\N	import_dbt_23-0331_pir	BASE TABLE	ags	pending	\N	\N	\N	\N	\N	2025-09-06 08:06:16.532806	2025-09-06 08:06:16.532806	1550	\N	\N	\N	\N	\N	\N	\N	\N	\N	\N	\N
196	\N	import_dbt_23-0331_test	BASE TABLE	ags	pending	\N	\N	\N	\N	\N	2025-09-06 08:06:16.532806	2025-09-06 08:06:16.532806	1551	\N	\N	\N	\N	\N	\N	\N	\N	\N	\N	\N
197	\N	import_dbt_23-0630_pir	BASE TABLE	ags	pending	\N	\N	\N	\N	\N	2025-09-06 08:06:16.532806	2025-09-06 08:06:16.532806	1552	\N	\N	\N	\N	\N	\N	\N	\N	\N	\N	\N
198	\N	import_dbt_23-0630_test	BASE TABLE	ags	pending	\N	\N	\N	\N	\N	2025-09-06 08:06:16.532806	2025-09-06 08:06:16.532806	1553	\N	\N	\N	\N	\N	\N	\N	\N	\N	\N	\N
199	\N	import_dbt_23-0930_pir	BASE TABLE	ags	pending	\N	\N	\N	\N	\N	2025-09-06 08:06:16.532806	2025-09-06 08:06:16.532806	1554	\N	\N	\N	\N	\N	\N	\N	\N	\N	\N	\N
200	\N	import_dbt_23-0930_test	BASE TABLE	ags	pending	\N	\N	\N	\N	\N	2025-09-06 08:06:16.532806	2025-09-06 08:06:16.532806	1555	\N	\N	\N	\N	\N	\N	\N	\N	\N	\N	\N
201	\N	import_dbt_23-1231_pir	BASE TABLE	ags	pending	\N	\N	\N	\N	\N	2025-09-06 08:06:16.532806	2025-09-06 08:06:16.532806	1556	\N	\N	\N	\N	\N	\N	\N	\N	\N	\N	\N
202	\N	import_dbt_23-1231_test	BASE TABLE	ags	pending	\N	\N	\N	\N	\N	2025-09-06 08:06:16.532806	2025-09-06 08:06:16.532806	1557	\N	\N	\N	\N	\N	\N	\N	\N	\N	\N	\N
203	\N	import_dbt_25-0210_test-pir	BASE TABLE	ags	pending	\N	\N	\N	\N	\N	2025-09-06 08:06:16.532806	2025-09-06 08:06:16.532806	1558	\N	\N	\N	\N	\N	\N	\N	\N	\N	\N	\N
204	\N	import_dbt_25-0529_test-pir	BASE TABLE	ags	pending	\N	\N	\N	\N	\N	2025-09-06 08:06:16.532806	2025-09-06 08:06:16.532806	1559	\N	\N	\N	\N	\N	\N	\N	\N	\N	\N	\N
205	\N	import_dbt_25-0606_test-pir	BASE TABLE	ags	pending	\N	\N	\N	\N	\N	2025-09-06 08:06:16.532806	2025-09-06 08:06:16.532806	1560	\N	\N	\N	\N	\N	\N	\N	\N	\N	\N	\N
206	\N	import_dbt_25-0731_test-pir	BASE TABLE	ags	pending	\N	\N	\N	\N	\N	2025-09-06 08:06:16.532806	2025-09-06 08:06:16.532806	1561	\N	\N	\N	\N	\N	\N	\N	\N	\N	\N	\N
207	\N	import_mnrl_23-1128	BASE TABLE	ags	pending	\N	\N	\N	\N	\N	2025-09-06 08:06:16.532806	2025-09-06 08:06:16.532806	1562	\N	\N	\N	\N	\N	\N	\N	\N	\N	\N	\N
208	\N	imp_pir_21	BASE TABLE	ags	pending	\N	\N	\N	\N	\N	2025-09-06 08:06:16.532806	2025-09-06 08:06:16.532806	1563	\N	\N	\N	\N	\N	\N	\N	\N	\N	\N	\N
209	\N	inv_branch_23q1	BASE TABLE	ags	pending	\N	\N	\N	\N	\N	2025-09-06 08:06:16.532806	2025-09-06 08:06:16.532806	1565	\N	\N	\N	\N	\N	\N	\N	\N	\N	\N	\N
210	\N	inv_branch_23q2	BASE TABLE	ags	pending	\N	\N	\N	\N	\N	2025-09-06 08:06:16.532806	2025-09-06 08:06:16.532806	1566	\N	\N	\N	\N	\N	\N	\N	\N	\N	\N	\N
211	\N	inv_branch_25q0	BASE TABLE	ags	pending	\N	\N	\N	\N	\N	2025-09-06 08:06:16.532806	2025-09-06 08:06:16.532806	1567	\N	\N	\N	\N	\N	\N	\N	\N	\N	\N	\N
212	\N	inv_branch_25q1	BASE TABLE	ags	pending	\N	\N	\N	\N	\N	2025-09-06 08:06:16.532806	2025-09-06 08:06:16.532806	1568	\N	\N	\N	\N	\N	\N	\N	\N	\N	\N	\N
213	\N	inv_branch_25q1_new	BASE TABLE	ags	pending	\N	\N	\N	\N	\N	2025-09-06 08:06:16.532806	2025-09-06 08:06:16.532806	1569	\N	\N	\N	\N	\N	\N	\N	\N	\N	\N	\N
214	\N	inv_dbt	BASE TABLE	ags	pending	\N	\N	\N	\N	\N	2025-09-06 08:06:16.532806	2025-09-06 08:06:16.532806	1570	\N	\N	\N	\N	\N	\N	\N	\N	\N	\N	\N
215	\N	inv_dbt_tmp_cia_rel	BASE TABLE	ags	pending	\N	\N	\N	\N	\N	2025-09-06 08:06:16.532806	2025-09-06 08:06:16.532806	1571	\N	\N	\N	\N	\N	\N	\N	\N	\N	\N	\N
216	\N	inv_dbt_value	BASE TABLE	ags	pending	\N	\N	\N	\N	\N	2025-09-06 08:06:16.532806	2025-09-06 08:06:16.532806	1572	\N	\N	\N	\N	\N	\N	\N	\N	\N	\N	\N
217	\N	inv_num	BASE TABLE	ags	pending	\N	\N	\N	\N	\N	2025-09-06 08:06:16.532806	2025-09-06 08:06:16.532806	1573	\N	\N	\N	\N	\N	\N	\N	\N	\N	\N	\N
218	\N	ipg_ch	BASE TABLE	ags	pending	\N	\N	\N	\N	\N	2025-09-06 08:06:16.532806	2025-09-06 08:06:16.532806	1575	\N	\N	\N	\N	\N	\N	\N	\N	\N	\N	\N
219	\N	ipg_ch_rl	BASE TABLE	ags	pending	\N	\N	\N	\N	\N	2025-09-06 08:06:16.532806	2025-09-06 08:06:16.532806	1576	\N	\N	\N	\N	\N	\N	\N	\N	\N	\N	\N
220	\N	ipg_cost_its	BASE TABLE	ags	pending	\N	\N	\N	\N	\N	2025-09-06 08:06:16.532806	2025-09-06 08:06:16.532806	1577	\N	\N	\N	\N	\N	\N	\N	\N	\N	\N	\N
221	\N	ipg_cost_its_nm	BASE TABLE	ags	pending	\N	\N	\N	\N	\N	2025-09-06 08:06:16.532806	2025-09-06 08:06:16.532806	1578	\N	\N	\N	\N	\N	\N	\N	\N	\N	\N	\N
222	\N	ipg_pn	BASE TABLE	ags	pending	\N	\N	\N	\N	\N	2025-09-06 08:06:16.532806	2025-09-06 08:06:16.532806	1579	\N	\N	\N	\N	\N	\N	\N	\N	\N	\N	\N
223	\N	ipg_pn_lim	BASE TABLE	ags	pending	\N	\N	\N	\N	\N	2025-09-06 08:06:16.532806	2025-09-06 08:06:16.532806	1580	\N	\N	\N	\N	\N	\N	\N	\N	\N	\N	\N
224	\N	ipg_sh	BASE TABLE	ags	pending	\N	\N	\N	\N	\N	2025-09-06 08:06:16.532806	2025-09-06 08:06:16.532806	1581	\N	\N	\N	\N	\N	\N	\N	\N	\N	\N	\N
225	\N	ipg_st	BASE TABLE	ags	pending	\N	\N	\N	\N	\N	2025-09-06 08:06:16.532806	2025-09-06 08:06:16.532806	1582	\N	\N	\N	\N	\N	\N	\N	\N	\N	\N	\N
226	\N	ipg_st_lm	BASE TABLE	ags	pending	\N	\N	\N	\N	\N	2025-09-06 08:06:16.532806	2025-09-06 08:06:16.532806	1583	\N	\N	\N	\N	\N	\N	\N	\N	\N	\N	\N
227	\N	ipg_st_pn	BASE TABLE	ags	pending	\N	\N	\N	\N	\N	2025-09-06 08:06:16.532806	2025-09-06 08:06:16.532806	1584	\N	\N	\N	\N	\N	\N	\N	\N	\N	\N	\N
228	\N	ipg_st_rl	BASE TABLE	ags	pending	\N	\N	\N	\N	\N	2025-09-06 08:06:16.532806	2025-09-06 08:06:16.532806	1585	\N	\N	\N	\N	\N	\N	\N	\N	\N	\N	\N
229	\N	ipg_st_rl_sh	BASE TABLE	ags	pending	\N	\N	\N	\N	\N	2025-09-06 08:06:16.532806	2025-09-06 08:06:16.532806	1586	\N	\N	\N	\N	\N	\N	\N	\N	\N	\N	\N
230	\N	ipg_st_rl_sh_p	BASE TABLE	ags	pending	\N	\N	\N	\N	\N	2025-09-06 08:06:16.532806	2025-09-06 08:06:16.532806	1587	\N	\N	\N	\N	\N	\N	\N	\N	\N	\N	\N
231	\N	ipg_ut_pl	BASE TABLE	ags	pending	\N	\N	\N	\N	\N	2025-09-06 08:06:16.532806	2025-09-06 08:06:16.532806	1588	\N	\N	\N	\N	\N	\N	\N	\N	\N	\N	\N
232	\N	ipg_ut_pl_gr	BASE TABLE	ags	pending	\N	\N	\N	\N	\N	2025-09-06 08:06:16.532806	2025-09-06 08:06:16.532806	1589	\N	\N	\N	\N	\N	\N	\N	\N	\N	\N	\N
233	\N	ipg_ut_pl_gr_p	BASE TABLE	ags	pending	\N	\N	\N	\N	\N	2025-09-06 08:06:16.532806	2025-09-06 08:06:16.532806	1590	\N	\N	\N	\N	\N	\N	\N	\N	\N	\N	\N
234	\N	ipg_ut_pl_p	BASE TABLE	ags	pending	\N	\N	\N	\N	\N	2025-09-06 08:06:16.532806	2025-09-06 08:06:16.532806	1591	\N	\N	\N	\N	\N	\N	\N	\N	\N	\N	\N
235	\N	ipg_ut_pl_pn_cost_its	BASE TABLE	ags	pending	\N	\N	\N	\N	\N	2025-09-06 08:06:16.532806	2025-09-06 08:06:16.532806	1592	\N	\N	\N	\N	\N	\N	\N	\N	\N	\N	\N
236	\N	ipg_ut_pl_pn_lm_mn	BASE TABLE	ags	pending	\N	\N	\N	\N	\N	2025-09-06 08:06:16.532806	2025-09-06 08:06:16.532806	1593	\N	\N	\N	\N	\N	\N	\N	\N	\N	\N	\N
237	\N	ipg_ut_pl_pn_lm_qu	BASE TABLE	ags	pending	\N	\N	\N	\N	\N	2025-09-06 08:06:16.532806	2025-09-06 08:06:16.532806	1594	\N	\N	\N	\N	\N	\N	\N	\N	\N	\N	\N
238	\N	ipg_ut_pl_pn_lm_ye	BASE TABLE	ags	pending	\N	\N	\N	\N	\N	2025-09-06 08:06:16.532806	2025-09-06 08:06:16.532806	1595	\N	\N	\N	\N	\N	\N	\N	\N	\N	\N	\N
239	\N	ju_un_doc	BASE TABLE	ags	pending	\N	\N	\N	\N	\N	2025-09-06 08:06:16.532806	2025-09-06 08:06:16.532806	1596	\N	\N	\N	\N	\N	\N	\N	\N	\N	\N	\N
240	\N	ju_un_doc_chng	BASE TABLE	ags	pending	\N	\N	\N	\N	\N	2025-09-06 08:06:16.532806	2025-09-06 08:06:16.532806	1597	\N	\N	\N	\N	\N	\N	\N	\N	\N	\N	\N
241	\N	ju_un_doc_chng_gr	BASE TABLE	ags	pending	\N	\N	\N	\N	\N	2025-09-06 08:06:16.532806	2025-09-06 08:06:16.532806	1598	\N	\N	\N	\N	\N	\N	\N	\N	\N	\N	\N
242	\N	ju_un_doc_chng_gr_rel	BASE TABLE	ags	pending	\N	\N	\N	\N	\N	2025-09-06 08:06:16.532806	2025-09-06 08:06:16.532806	1599	\N	\N	\N	\N	\N	\N	\N	\N	\N	\N	\N
243	\N	ju_un_doc_chng_type	BASE TABLE	ags	pending	\N	\N	\N	\N	\N	2025-09-06 08:06:16.532806	2025-09-06 08:06:16.532806	1600	\N	\N	\N	\N	\N	\N	\N	\N	\N	\N	\N
244	\N	ju_un_doc_import	BASE TABLE	ags	pending	\N	\N	\N	\N	\N	2025-09-06 08:06:16.532806	2025-09-06 08:06:16.532806	1601	\N	\N	\N	\N	\N	\N	\N	\N	\N	\N	\N
245	\N	ju_un_doc_prmr	BASE TABLE	ags	pending	\N	\N	\N	\N	\N	2025-09-06 08:06:16.532806	2025-09-06 08:06:16.532806	1602	\N	\N	\N	\N	\N	\N	\N	\N	\N	\N	\N
246	\N	ju_un_doc_prmr_gr	BASE TABLE	ags	pending	\N	\N	\N	\N	\N	2025-09-06 08:06:16.532806	2025-09-06 08:06:16.532806	1603	\N	\N	\N	\N	\N	\N	\N	\N	\N	\N	\N
247	\N	ju_un_doc_prmr_gr_rel	BASE TABLE	ags	pending	\N	\N	\N	\N	\N	2025-09-06 08:06:16.532806	2025-09-06 08:06:16.532806	1604	\N	\N	\N	\N	\N	\N	\N	\N	\N	\N	\N
248	\N	ju_un_doc_prmr_type	BASE TABLE	ags	pending	\N	\N	\N	\N	\N	2025-09-06 08:06:16.532806	2025-09-06 08:06:16.532806	1605	\N	\N	\N	\N	\N	\N	\N	\N	\N	\N	\N
249	\N	ju_un_doc_reg	BASE TABLE	ags	pending	\N	\N	\N	\N	\N	2025-09-06 08:06:16.532806	2025-09-06 08:06:16.532806	1606	\N	\N	\N	\N	\N	\N	\N	\N	\N	\N	\N
250	\N	ju_un_doc_reg_link	BASE TABLE	ags	pending	\N	\N	\N	\N	\N	2025-09-06 08:06:16.532806	2025-09-06 08:06:16.532806	1607	\N	\N	\N	\N	\N	\N	\N	\N	\N	\N	\N
251	\N	ju_un_doc_rel_chng	BASE TABLE	ags	pending	\N	\N	\N	\N	\N	2025-09-06 08:06:16.532806	2025-09-06 08:06:16.532806	1608	\N	\N	\N	\N	\N	\N	\N	\N	\N	\N	\N
252	\N	ju_un_doc_side	BASE TABLE	ags	pending	\N	\N	\N	\N	\N	2025-09-06 08:06:16.532806	2025-09-06 08:06:16.532806	1609	\N	\N	\N	\N	\N	\N	\N	\N	\N	\N	\N
253	\N	ju_un_doc_side_org	BASE TABLE	ags	pending	\N	\N	\N	\N	\N	2025-09-06 08:06:16.532806	2025-09-06 08:06:16.532806	1610	\N	\N	\N	\N	\N	\N	\N	\N	\N	\N	\N
254	\N	ju_un_doc_side_type	BASE TABLE	ags	pending	\N	\N	\N	\N	\N	2025-09-06 08:06:16.532806	2025-09-06 08:06:16.532806	1611	\N	\N	\N	\N	\N	\N	\N	\N	\N	\N	\N
255	\N	og_ag	BASE TABLE	ags	pending	\N	\N	\N	\N	\N	2025-09-06 08:06:16.532806	2025-09-06 08:06:16.532806	1614	\N	\N	\N	\N	\N	\N	\N	\N	\N	\N	\N
256	\N	og_ag_fee	BASE TABLE	ags	pending	\N	\N	\N	\N	\N	2025-09-06 08:06:16.532806	2025-09-06 08:06:16.532806	1615	\N	\N	\N	\N	\N	\N	\N	\N	\N	\N	\N
257	\N	og_ag_fee_p	BASE TABLE	ags	pending	\N	\N	\N	\N	\N	2025-09-06 08:06:16.532806	2025-09-06 08:06:16.532806	1616	\N	\N	\N	\N	\N	\N	\N	\N	\N	\N	\N
258	\N	og_ag_fee_pn_test	BASE TABLE	ags	pending	\N	\N	\N	\N	\N	2025-09-06 08:06:16.532806	2025-09-06 08:06:16.532806	1617	\N	\N	\N	\N	\N	\N	\N	\N	\N	\N	\N
259	\N	og_nm_f	BASE TABLE	ags	pending	\N	\N	\N	\N	\N	2025-09-06 08:06:16.532806	2025-09-06 08:06:16.532806	1618	\N	\N	\N	\N	\N	\N	\N	\N	\N	\N	\N
260	\N	ra_change_summ_ct	BASE TABLE	ags	pending	\N	\N	\N	\N	\N	2025-09-06 08:06:16.532806	2025-09-06 08:06:16.532806	1626	\N	\N	\N	\N	\N	\N	\N	\N	\N	\N	\N
261	\N	ra_summ_ct	BASE TABLE	ags	pending	\N	\N	\N	\N	\N	2025-09-06 08:06:16.532806	2025-09-06 08:06:16.532806	1629	\N	\N	\N	\N	\N	\N	\N	\N	\N	\N	\N
262	\N	ra_type_gr	BASE TABLE	ags	pending	\N	\N	\N	\N	\N	2025-09-06 08:06:16.532806	2025-09-06 08:06:16.532806	1630	\N	\N	\N	\N	\N	\N	\N	\N	\N	\N	\N
263	\N	ralp_old	BASE TABLE	ags	pending	\N	\N	\N	\N	\N	2025-09-06 08:06:16.532806	2025-09-06 08:06:16.532806	1631	\N	\N	\N	\N	\N	\N	\N	\N	\N	\N	\N
264	\N	ralp_ra	BASE TABLE	ags	pending	\N	\N	\N	\N	\N	2025-09-06 08:06:16.532806	2025-09-06 08:06:16.532806	1632	\N	\N	\N	\N	\N	\N	\N	\N	\N	\N	\N
265	\N	ralp_ra_au	BASE TABLE	ags	pending	\N	\N	\N	\N	\N	2025-09-06 08:06:16.532806	2025-09-06 08:06:16.532806	1633	\N	\N	\N	\N	\N	\N	\N	\N	\N	\N	\N
266	\N	rg_tax_buirg	BASE TABLE	ags	pending	\N	\N	\N	\N	\N	2025-09-06 08:06:16.532806	2025-09-06 08:06:16.532806	1634	\N	\N	\N	\N	\N	\N	\N	\N	\N	\N	\N
267	\N	rg_tax_id_num_ind	BASE TABLE	ags	pending	\N	\N	\N	\N	\N	2025-09-06 08:06:16.532806	2025-09-06 08:06:16.532806	1635	\N	\N	\N	\N	\N	\N	\N	\N	\N	\N	\N
268	\N	rg_tax_id_num_jur_pers	BASE TABLE	ags	pending	\N	\N	\N	\N	\N	2025-09-06 08:06:16.532806	2025-09-06 08:06:16.532806	1636	\N	\N	\N	\N	\N	\N	\N	\N	\N	\N	\N
269	\N	rg_tax_ind	BASE TABLE	ags	pending	\N	\N	\N	\N	\N	2025-09-06 08:06:16.532806	2025-09-06 08:06:16.532806	1637	\N	\N	\N	\N	\N	\N	\N	\N	\N	\N	\N
270	\N	rg_tax_lg_ent_frm_mtd	BASE TABLE	ags	pending	\N	\N	\N	\N	\N	2025-09-06 08:06:16.532806	2025-09-06 08:06:16.532806	1638	\N	\N	\N	\N	\N	\N	\N	\N	\N	\N	\N
271	\N	rg_tax_lg_ent_trm_mtd	BASE TABLE	ags	pending	\N	\N	\N	\N	\N	2025-09-06 08:06:16.532806	2025-09-06 08:06:16.532806	1639	\N	\N	\N	\N	\N	\N	\N	\N	\N	\N	\N
272	\N	rg_tax_mn_st_reg_num	BASE TABLE	ags	pending	\N	\N	\N	\N	\N	2025-09-06 08:06:16.532806	2025-09-06 08:06:16.532806	1640	\N	\N	\N	\N	\N	\N	\N	\N	\N	\N	\N
273	\N	rg_tax_mn_st_reg_num_ind	BASE TABLE	ags	pending	\N	\N	\N	\N	\N	2025-09-06 08:06:16.532806	2025-09-06 08:06:16.532806	1641	\N	\N	\N	\N	\N	\N	\N	\N	\N	\N	\N
274	\N	rg_tax_name	BASE TABLE	ags	pending	\N	\N	\N	\N	\N	2025-09-06 08:06:16.532806	2025-09-06 08:06:16.532806	1642	\N	\N	\N	\N	\N	\N	\N	\N	\N	\N	\N
275	\N	rg_tax_name_short	BASE TABLE	ags	pending	\N	\N	\N	\N	\N	2025-09-06 08:06:16.532806	2025-09-06 08:06:16.532806	1643	\N	\N	\N	\N	\N	\N	\N	\N	\N	\N	\N
276	\N	rg_tax_office	BASE TABLE	ags	pending	\N	\N	\N	\N	\N	2025-09-06 08:06:16.532806	2025-09-06 08:06:16.532806	1644	\N	\N	\N	\N	\N	\N	\N	\N	\N	\N	\N
277	\N	rg_tax_reason	BASE TABLE	ags	pending	\N	\N	\N	\N	\N	2025-09-06 08:06:16.532806	2025-09-06 08:06:16.532806	1645	\N	\N	\N	\N	\N	\N	\N	\N	\N	\N	\N
278	\N	rg_tax_reason_code	BASE TABLE	ags	pending	\N	\N	\N	\N	\N	2025-09-06 08:06:16.532806	2025-09-06 08:06:16.532806	1646	\N	\N	\N	\N	\N	\N	\N	\N	\N	\N	\N
279	\N	rg_tax_region	BASE TABLE	ags	pending	\N	\N	\N	\N	\N	2025-09-06 08:06:16.532806	2025-09-06 08:06:16.532806	1647	\N	\N	\N	\N	\N	\N	\N	\N	\N	\N	\N
280	\N	rg_tax_reor_acqui	BASE TABLE	ags	pending	\N	\N	\N	\N	\N	2025-09-06 08:06:16.532806	2025-09-06 08:06:16.532806	1648	\N	\N	\N	\N	\N	\N	\N	\N	\N	\N	\N
281	\N	rg_tax_reor_divis	BASE TABLE	ags	pending	\N	\N	\N	\N	\N	2025-09-06 08:06:16.532806	2025-09-06 08:06:16.532806	1649	\N	\N	\N	\N	\N	\N	\N	\N	\N	\N	\N
282	\N	rg_tax_reor_divis_acqu	BASE TABLE	ags	pending	\N	\N	\N	\N	\N	2025-09-06 08:06:16.532806	2025-09-06 08:06:16.532806	1650	\N	\N	\N	\N	\N	\N	\N	\N	\N	\N	\N
283	\N	rg_tax_reor_divis_merg	BASE TABLE	ags	pending	\N	\N	\N	\N	\N	2025-09-06 08:06:16.532806	2025-09-06 08:06:16.532806	1651	\N	\N	\N	\N	\N	\N	\N	\N	\N	\N	\N
284	\N	rg_tax_reor_merge	BASE TABLE	ags	pending	\N	\N	\N	\N	\N	2025-09-06 08:06:16.532806	2025-09-06 08:06:16.532806	1652	\N	\N	\N	\N	\N	\N	\N	\N	\N	\N	\N
285	\N	rg_tax_reor_separ	BASE TABLE	ags	pending	\N	\N	\N	\N	\N	2025-09-06 08:06:16.532806	2025-09-06 08:06:16.532806	1653	\N	\N	\N	\N	\N	\N	\N	\N	\N	\N	\N
286	\N	rg_tax_reor_separ_acqu	BASE TABLE	ags	pending	\N	\N	\N	\N	\N	2025-09-06 08:06:16.532806	2025-09-06 08:06:16.532806	1654	\N	\N	\N	\N	\N	\N	\N	\N	\N	\N	\N
287	\N	rg_tax_reor_separ_merg	BASE TABLE	ags	pending	\N	\N	\N	\N	\N	2025-09-06 08:06:16.532806	2025-09-06 08:06:16.532806	1655	\N	\N	\N	\N	\N	\N	\N	\N	\N	\N	\N
288	\N	rg_tax_reor_trans	BASE TABLE	ags	pending	\N	\N	\N	\N	\N	2025-09-06 08:06:16.532806	2025-09-06 08:06:16.532806	1656	\N	\N	\N	\N	\N	\N	\N	\N	\N	\N	\N
289	\N	rg_tax_sub_divs	BASE TABLE	ags	pending	\N	\N	\N	\N	\N	2025-09-06 08:06:16.532806	2025-09-06 08:06:16.532806	1657	\N	\N	\N	\N	\N	\N	\N	\N	\N	\N	\N
290	\N	rg_tax_sub_divs_buirg	BASE TABLE	ags	pending	\N	\N	\N	\N	\N	2025-09-06 08:06:16.532806	2025-09-06 08:06:16.532806	1658	\N	\N	\N	\N	\N	\N	\N	\N	\N	\N	\N
291	\N	rg_tax_sub_divs_name	BASE TABLE	ags	pending	\N	\N	\N	\N	\N	2025-09-06 08:06:16.532806	2025-09-06 08:06:16.532806	1659	\N	\N	\N	\N	\N	\N	\N	\N	\N	\N	\N
292	\N	rg_tax_sub_divs_reas	BASE TABLE	ags	pending	\N	\N	\N	\N	\N	2025-09-06 08:06:16.532806	2025-09-06 08:06:16.532806	1660	\N	\N	\N	\N	\N	\N	\N	\N	\N	\N	\N
293	\N	st_cost	BASE TABLE	ags	pending	\N	\N	\N	\N	\N	2025-09-06 08:06:16.532806	2025-09-06 08:06:16.532806	1662	\N	\N	\N	\N	\N	\N	\N	\N	\N	\N	\N
294	\N	st_cost_nm	BASE TABLE	ags	pending	\N	\N	\N	\N	\N	2025-09-06 08:06:16.532806	2025-09-06 08:06:16.532806	1663	\N	\N	\N	\N	\N	\N	\N	\N	\N	\N	\N
295	\N	sti_lim	BASE TABLE	ags	pending	\N	\N	\N	\N	\N	2025-09-06 08:06:16.532806	2025-09-06 08:06:16.532806	1664	\N	\N	\N	\N	\N	\N	\N	\N	\N	\N	\N
296	\N	st_ipg	BASE TABLE	ags	pending	\N	\N	\N	\N	\N	2025-09-06 08:06:16.532806	2025-09-06 08:06:16.532806	1665	\N	\N	\N	\N	\N	\N	\N	\N	\N	\N	\N
297	\N	st_ipg_nm	BASE TABLE	ags	pending	\N	\N	\N	\N	\N	2025-09-06 08:06:16.532806	2025-09-06 08:06:16.532806	1666	\N	\N	\N	\N	\N	\N	\N	\N	\N	\N	\N
298	\N	st_net	BASE TABLE	ags	pending	\N	\N	\N	\N	\N	2025-09-06 08:06:16.532806	2025-09-06 08:06:16.532806	1667	\N	\N	\N	\N	\N	\N	\N	\N	\N	\N	\N
299	\N	st_net_pn	BASE TABLE	ags	pending	\N	\N	\N	\N	\N	2025-09-06 08:06:16.532806	2025-09-06 08:06:16.532806	1668	\N	\N	\N	\N	\N	\N	\N	\N	\N	\N	\N
300	\N	st_rel	BASE TABLE	ags	pending	\N	\N	\N	\N	\N	2025-09-06 08:06:16.532806	2025-09-06 08:06:16.532806	1669	\N	\N	\N	\N	\N	\N	\N	\N	\N	\N	\N
301	\N	st_type	BASE TABLE	ags	pending	\N	\N	\N	\N	\N	2025-09-06 08:06:16.532806	2025-09-06 08:06:16.532806	1670	\N	\N	\N	\N	\N	\N	\N	\N	\N	\N	\N
302	\N	accnt	BASE TABLE	ags	pending	\N	\N	\N	\N	\N	2025-09-06 08:15:17.779577	2025-09-06 08:15:17.779577	1508	\N	\N	\N	\N	\N	\N	\N	\N	\N	\N	\N
303	\N	cn	BASE TABLE	ags	pending	\N	\N	\N	\N	\N	2025-09-06 08:15:17.779577	2025-09-06 08:15:17.779577	1509	\N	\N	\N	\N	\N	\N	\N	\N	\N	\N	\N
304	\N	cn_inv	BASE TABLE	ags	pending	\N	\N	\N	\N	\N	2025-09-06 08:15:17.779577	2025-09-06 08:15:17.779577	1510	\N	\N	\N	\N	\N	\N	\N	\N	\N	\N	\N
305	\N	cn_inv_dbt	BASE TABLE	ags	pending	\N	\N	\N	\N	\N	2025-09-06 08:15:17.779577	2025-09-06 08:15:17.779577	1511	\N	\N	\N	\N	\N	\N	\N	\N	\N	\N	\N
306	\N	cn_inv_dbt_upl	BASE TABLE	ags	pending	\N	\N	\N	\N	\N	2025-09-06 08:15:17.779577	2025-09-06 08:15:17.779577	1512	\N	\N	\N	\N	\N	\N	\N	\N	\N	\N	\N
307	\N	cn_inv_dbt_upl_g_p	BASE TABLE	ags	pending	\N	\N	\N	\N	\N	2025-09-06 08:15:17.779577	2025-09-06 08:15:17.779577	1513	\N	\N	\N	\N	\N	\N	\N	\N	\N	\N	\N
308	\N	cn_inv_doc	BASE TABLE	ags	pending	\N	\N	\N	\N	\N	2025-09-06 08:15:17.779577	2025-09-06 08:15:17.779577	1514	\N	\N	\N	\N	\N	\N	\N	\N	\N	\N	\N
309	\N	cn_inv_pm	BASE TABLE	ags	pending	\N	\N	\N	\N	\N	2025-09-06 08:15:17.779577	2025-09-06 08:15:17.779577	1515	\N	\N	\N	\N	\N	\N	\N	\N	\N	\N	\N
310	\N	cn_inv_pm_upl	BASE TABLE	ags	pending	\N	\N	\N	\N	\N	2025-09-06 08:15:17.779577	2025-09-06 08:15:17.779577	1516	\N	\N	\N	\N	\N	\N	\N	\N	\N	\N	\N
311	\N	cn_s	BASE TABLE	ags	pending	\N	\N	\N	\N	\N	2025-09-06 08:15:17.779577	2025-09-06 08:15:17.779577	1520	\N	\N	\N	\N	\N	\N	\N	\N	\N	\N	\N
312	\N	cn_s_org	BASE TABLE	ags	pending	\N	\N	\N	\N	\N	2025-09-06 08:15:17.779577	2025-09-06 08:15:17.779577	1521	\N	\N	\N	\N	\N	\N	\N	\N	\N	\N	\N
313	\N	cn_s_org_smpl	BASE TABLE	ags	pending	\N	\N	\N	\N	\N	2025-09-06 08:15:17.779577	2025-09-06 08:15:17.779577	1522	\N	\N	\N	\N	\N	\N	\N	\N	\N	\N	\N
314	\N	cn_s_type	BASE TABLE	ags	pending	\N	\N	\N	\N	\N	2025-09-06 08:15:17.779577	2025-09-06 08:15:17.779577	1523	\N	\N	\N	\N	\N	\N	\N	\N	\N	\N	\N
315	\N	cst	BASE TABLE	ags	pending	\N	\N	\N	\N	\N	2025-09-06 08:15:17.779577	2025-09-06 08:15:17.779577	1543	\N	\N	\N	\N	\N	\N	\N	\N	\N	\N	\N
316	\N	inv	BASE TABLE	ags	pending	\N	\N	\N	\N	\N	2025-09-06 08:15:17.779577	2025-09-06 08:15:17.779577	1564	\N	\N	\N	\N	\N	\N	\N	\N	\N	\N	\N
317	\N	ipg	BASE TABLE	ags	pending	\N	\N	\N	\N	\N	2025-09-06 08:15:17.779577	2025-09-06 08:15:17.779577	1574	\N	\N	\N	\N	\N	\N	\N	\N	\N	\N	\N
318	\N	ra_change_summ	BASE TABLE	ags	pending	\N	\N	\N	\N	\N	2025-09-06 08:15:17.779577	2025-09-06 08:15:17.779577	1625	\N	\N	\N	\N	\N	\N	\N	\N	\N	\N	\N
319	\N	mmmm	BASE TABLE	ags	pending	\N	\N	\N	\N	\N	2025-09-06 08:15:17.779577	2025-09-06 08:15:17.779577	1612	\N	\N	\N	\N	\N	\N	\N	\N	\N	\N	\N
320	\N	og	BASE TABLE	ags	pending	\N	\N	\N	\N	\N	2025-09-06 08:15:17.779577	2025-09-06 08:15:17.779577	1613	\N	\N	\N	\N	\N	\N	\N	\N	\N	\N	\N
321	\N	org	BASE TABLE	ags	pending	\N	\N	\N	\N	\N	2025-09-06 08:15:17.779577	2025-09-06 08:15:17.779577	1619	\N	\N	\N	\N	\N	\N	\N	\N	\N	\N	\N
322	\N	org_id	BASE TABLE	ags	pending	\N	\N	\N	\N	\N	2025-09-06 08:15:17.779577	2025-09-06 08:15:17.779577	1620	\N	\N	\N	\N	\N	\N	\N	\N	\N	\N	\N
323	\N	org_id_type	BASE TABLE	ags	pending	\N	\N	\N	\N	\N	2025-09-06 08:15:17.779577	2025-09-06 08:15:17.779577	1621	\N	\N	\N	\N	\N	\N	\N	\N	\N	\N	\N
324	\N	qqqq	BASE TABLE	ags	pending	\N	\N	\N	\N	\N	2025-09-06 08:15:17.779577	2025-09-06 08:15:17.779577	1622	\N	\N	\N	\N	\N	\N	\N	\N	\N	\N	\N
325	\N	ra	BASE TABLE	ags	pending	\N	\N	\N	\N	\N	2025-09-06 08:15:17.779577	2025-09-06 08:15:17.779577	1623	\N	\N	\N	\N	\N	\N	\N	\N	\N	\N	\N
326	\N	ra_change	BASE TABLE	ags	pending	\N	\N	\N	\N	\N	2025-09-06 08:15:17.779577	2025-09-06 08:15:17.779577	1624	\N	\N	\N	\N	\N	\N	\N	\N	\N	\N	\N
327	\N	ra_period	BASE TABLE	ags	pending	\N	\N	\N	\N	\N	2025-09-06 08:15:17.779577	2025-09-06 08:15:17.779577	1627	\N	\N	\N	\N	\N	\N	\N	\N	\N	\N	\N
328	\N	ra_summ	BASE TABLE	ags	pending	\N	\N	\N	\N	\N	2025-09-06 08:15:17.779577	2025-09-06 08:15:17.779577	1628	\N	\N	\N	\N	\N	\N	\N	\N	\N	\N	\N
329	\N	st	BASE TABLE	ags	pending	\N	\N	\N	\N	\N	2025-09-06 08:15:17.779577	2025-09-06 08:15:17.779577	1661	\N	\N	\N	\N	\N	\N	\N	\N	\N	\N	\N
330	\N	yr	BASE TABLE	ags	pending	\N	\N	\N	\N	\N	2025-09-06 08:15:17.779577	2025-09-06 08:15:17.779577	1671	\N	\N	\N	\N	\N	\N	\N	\N	\N	\N	\N
331	\N	yr_upl_p	BASE TABLE	ags	pending	\N	\N	\N	\N	\N	2025-09-06 08:15:17.779577	2025-09-06 08:15:17.779577	1672	\N	\N	\N	\N	\N	\N	\N	\N	\N	\N	\N
332	\N	yyyy	BASE TABLE	ags	pending	\N	\N	\N	\N	\N	2025-09-06 08:15:17.779577	2025-09-06 08:15:17.779577	1673	\N	\N	\N	\N	\N	\N	\N	\N	\N	\N	\N
\.


--
-- Data for Name: postgres_triggers; Type: TABLE DATA; Schema: mcl; Owner: postgres
--

COPY mcl.postgres_triggers (id, table_id, source_trigger_id, trigger_name, original_trigger_name, trigger_type, event_type, function_name, migration_status, migration_date, error_message, created_at, updated_at) FROM stdin;
1	216	1	tr_tr_insteadofinsert	tr_InsteadOfInsert	INSTEAD OF	INSERT	fn_tr_tr_insteadofinsert	pending	\N	\N	2025-09-10 18:38:12.235357	2025-09-10 18:38:12.235357
2	268	2	tr_rgtaxidnumjurpers_upd_inst	rgTaxIdNumJurPers_upd_inst	AFTER INSERT	INSERT	fn_tr_rgtaxidnumjurpers_upd_inst	pending	\N	\N	2025-09-10 18:38:12.235357	2025-09-10 18:38:12.235357
3	268	3	tr_rgtaxidnumjurpers_ins_inst	rgTaxIdNumJurPers_ins_inst	AFTER INSERT	INSERT	fn_tr_rgtaxidnumjurpers_ins_inst	pending	\N	\N	2025-09-10 18:38:12.235357	2025-09-10 18:38:12.235357
4	268	4	tr_rgtaxidnumjurpers_del_aftr	rgTaxIdNumJurPers_del_aftr	AFTER DELETE	DELETE	fn_tr_rgtaxidnumjurpers_del_aftr	pending	\N	\N	2025-09-10 18:38:12.235357	2025-09-10 18:38:12.235357
5	273	5	tr_rgtaxmnstregnumind_upd_inst	rgTaxMnStRegNumInd_upd_inst	AFTER INSERT	INSERT	fn_tr_rgtaxmnstregnumind_upd_inst	pending	\N	\N	2025-09-10 18:38:12.235357	2025-09-10 18:38:12.235357
6	273	6	tr_rgtaxmnstregnumind_ins_inst	rgTaxMnStRegNumInd_ins_inst	AFTER INSERT	INSERT	fn_tr_rgtaxmnstregnumind_ins_inst	pending	\N	\N	2025-09-10 18:38:12.235357	2025-09-10 18:38:12.235357
7	273	7	tr_rgtaxmnstregnumind_del_aftr	rgTaxMnStRegNumInd_del_aftr	AFTER DELETE	DELETE	fn_tr_rgtaxmnstregnumind_del_aftr	pending	\N	\N	2025-09-10 18:38:12.235357	2025-09-10 18:38:12.235357
8	290	8	tr_upd_inst	upd_inst	AFTER INSERT	INSERT	fn_tr_upd_inst	pending	\N	\N	2025-09-10 18:38:12.235357	2025-09-10 18:38:12.235357
9	290	9	tr_ins_inst	ins_inst	AFTER INSERT	INSERT	fn_tr_ins_inst	pending	\N	\N	2025-09-10 18:38:12.235357	2025-09-10 18:38:12.235357
10	290	10	tr_del_aftr	del_aftr	AFTER	UNKNOWN	fn_tr_del_aftr	pending	\N	\N	2025-09-10 18:38:12.235357	2025-09-10 18:38:12.235357
11	329	11	tr_st_delete	st_delete	AFTER DELETE	DELETE	fn_tr_st_delete	pending	\N	\N	2025-09-10 18:38:12.235357	2025-09-10 18:38:12.235357
12	293	12	tr_stcost_insert	stCost_insert	AFTER INSERT	INSERT	fn_tr_stcost_insert	pending	\N	\N	2025-09-10 18:38:12.235357	2025-09-10 18:38:12.235357
13	293	13	tr_stcost_delete	stCost_delete	AFTER DELETE	DELETE	fn_tr_stcost_delete	pending	\N	\N	2025-09-10 18:38:12.235357	2025-09-10 18:38:12.235357
14	296	14	tr_stipg_insert	stIpg_insert	AFTER INSERT	INSERT	fn_tr_stipg_insert	pending	\N	\N	2025-09-10 18:38:12.235357	2025-09-10 18:38:12.235357
15	296	15	tr_stipg_delete	stIpg_delete	AFTER DELETE	DELETE	fn_tr_stipg_delete	pending	\N	\N	2025-09-10 18:38:12.235357	2025-09-10 18:38:12.235357
\.


--
-- Data for Name: postgres_unique_constraint_columns; Type: TABLE DATA; Schema: mcl; Owner: postgres
--

COPY mcl.postgres_unique_constraint_columns (id, unique_constraint_id, column_id, source_unique_constraint_column_id, ordinal_position, is_descending, created_at, updated_at) FROM stdin;
1	1	210	1	1	f	2025-09-10 15:59:32.285929	2025-09-10 15:59:32.285929
2	1	211	2	2	f	2025-09-10 15:59:32.285929	2025-09-10 15:59:32.285929
3	3	233	3	1	f	2025-09-10 16:17:23.674834	2025-09-10 16:17:23.674834
4	3	232	4	2	f	2025-09-10 16:17:23.674834	2025-09-10 16:17:23.674834
\.


--
-- Data for Name: postgres_unique_constraints; Type: TABLE DATA; Schema: mcl; Owner: postgres
--

COPY mcl.postgres_unique_constraints (id, table_id, source_unique_constraint_id, constraint_name, original_constraint_name, migration_status, migration_date, error_message, created_at, updated_at) FROM stdin;
1	311	1	cn_cn_stype	cn_cnSType	pending	\N	\N	2025-09-10 15:59:27.293026	2025-09-10 15:59:27.293026
2	320	5	uq_og_tax_type	UQ_og_TaxType	pending	\N	\N	2025-09-10 15:59:27.293026	2025-09-10 15:59:27.293026
3	189	2	uq_cst_ag	UQ_cstAg	pending	\N	\N	2025-09-10 16:17:14.089885	2025-09-10 16:17:14.089885
4	239	3	uq_ju_un_doc_key_type	UQ_JuUnDoc_KeyType	pending	\N	\N	2025-09-10 16:17:14.089885	2025-09-10 16:17:14.089885
5	249	4	uq_ju_un_doc_reg_jr_doc	UQ_JuUnDocReg_jrDoc	pending	\N	\N	2025-09-10 16:17:14.089885	2025-09-10 16:17:14.089885
6	264	6	ix_ralp_ra	IX_ralpRa	pending	\N	\N	2025-09-10 16:17:14.089885	2025-09-10 16:17:14.089885
7	265	7	ix_ralp_ra_au	IX_ralpRaAu	pending	\N	\N	2025-09-10 16:17:14.089885	2025-09-10 16:17:14.089885
8	266	8	uq_rg_tax_buirg_num_type	UQ_rgTaxBuirg_Num_Type	pending	\N	\N	2025-09-10 16:17:14.089885	2025-09-10 16:17:14.089885
9	267	10	uq_rg_tax_id_num_ind_rtini_ind	UQ_rgTaxIdNumInd_rtiniInd	pending	\N	\N	2025-09-10 16:17:14.089885	2025-09-10 16:17:14.089885
10	267	9	uq_rg_tax_id_num_ind_rtini_code	UQ_rgTaxIdNumInd_rtiniCode	pending	\N	\N	2025-09-10 16:17:14.089885	2025-09-10 16:17:14.089885
\.


--
-- Data for Name: postgres_views; Type: TABLE DATA; Schema: mcl; Owner: postgres
--

COPY mcl.postgres_views (id, task_id, object_name, object_type, schema_name, migration_status, migration_date, error_message, create_date, modify_date, object_id, created_at, updated_at, source_view_id, view_definition, is_updatable, check_option, dependency_count, referenced_tables, source_view_name, source_view_schema_name, source_view_definition, migration_duration, definition_complexity, definition_length_category) FROM stdin;
\.


--
-- Data for Name: problems; Type: TABLE DATA; Schema: mcl; Owner: postgres
--

COPY mcl.problems (id, problem_name, problem_description, problem_category, severity_level, created_at, updated_at) FROM stdin;
\.


--
-- Data for Name: problems_cm; Type: TABLE DATA; Schema: mcl; Owner: postgres
--

COPY mcl.problems_cm (id, problem_name, problem_description, problem_category, severity_level, created_at, updated_at, problem_context, migration_impact) FROM stdin;
3	Проблема с заглавными буквами в именах колонок	Колонки Microsoft SQL Server содержат заглавные буквы в именах, которые не могут быть так же названы в PostgreSQL	naming_convention	medium	2025-09-02 07:29:50.042416	2025-09-02 07:29:50.042416	PostgreSQL требует нижний регистр для имен объектов	Требуется переименование колонок
20	Проблема с mixed_case именованием колонок	Колонки содержат заглавные буквы в середине имени, что не соответствует стандартам PostgreSQL snake_case	naming_convention	medium	2025-09-08 07:38:56.496333	2025-09-08 07:38:56.496333	\N	\N
21	Проблема с camel_case именованием колонок	Колонки имеют сложные имена с множественными заглавными буквами, требующие преобразования в snake_case	naming_convention	high	2025-09-08 07:39:04.239847	2025-09-08 07:39:04.239847	\N	\N
22	Проблема с именами колонок, начинающимися с цифр	Колонки начинаются с цифр, что требует кавычек в PostgreSQL и не рекомендуется	naming_convention	high	2025-09-08 07:39:08.531432	2025-09-08 07:39:08.531432	\N	\N
23	Проблема с специальными символами в именах колонок	Колонки содержат специальные символы (дефисы, точки и др.), которые не соответствуют стандартам PostgreSQL snake_case и требуют кавычек при использовании	naming_convention	medium	2025-09-08 08:29:04.687351	2025-09-08 08:29:04.687351	\N	\N
24	Проблема с зарезервированными словами PostgreSQL	Колонки используют зарезервированные слова PostgreSQL (key, select, from и др.), что требует кавычек или переименования для корректной работы	naming_convention	high	2025-09-08 08:29:12.637272	2025-09-08 08:29:12.637272	\N	\N
\.


--
-- Data for Name: problems_cm_slt; Type: TABLE DATA; Schema: mcl; Owner: postgres
--

COPY mcl.problems_cm_slt (id, solution_name, solution_description, solution_category, complexity_level, est_impl_time, created_at, updated_at, problem_id) FROM stdin;
3	Переименование колонки в нижний регистр	Переименовать колонку, заменив заглавные буквы на строчные	naming_convention	low	\N	2025-09-02 07:30:06.593138	2025-09-02 07:30:06.593138	3
1	Способ решения не определен	Стандартный способ решения для проблем, для которых еще не определен конкретный способ решения	default	low	\N	2025-09-02 05:42:41.161158	2025-09-02 05:42:41.161158	3
5	Способ решения не определен	Способ решения для проблемы с camel_case именованием колонок требует дополнительного анализа	naming_convention	high	TBD	2025-09-08 07:39:17.880788	2025-09-08 07:39:17.880788	21
6	Способ решения не определен	Способ решения для проблемы с именами колонок, начинающимися с цифр, требует дополнительного анализа	naming_convention	high	TBD	2025-09-08 07:39:17.880788	2025-09-08 07:39:17.880788	22
4	Автоматическое преобразование в snake_case с обработкой конфликтов	Преобразование mixed_case имен колонок в snake_case с автоматической обработкой конфликтов. Для колонки cnInvKey применен вариант cn_inv_key_new.	naming_convention	medium	TBD	2025-09-08 07:39:17.880788	2025-09-08 07:53:38.968737	20
7	Автоматическое преобразование в snake_case	Автоматическое преобразование camel_case имен колонок в snake_case с использованием регулярных выражений. Формула: LOWER(regexp_replace(regexp_replace(column_name, '([a-z])([A-Z])', '\\1_\\2', 'g'), '_+', '_', 'g'))	naming_convention	low	immediate	2025-09-08 08:04:09.311733	2025-09-08 08:04:09.311733	21
8	Добавление префикса col_ с преобразованием в snake_case	Добавление префикса col_ к именам колонок, начинающимся с цифр, с последующим преобразованием в snake_case. Формула: col_ || LOWER(regexp_replace(regexp_replace(column_name, '([a-z])([A-Z])', '\\1_\\2', 'g'), '_+', '_', 'g'))	naming_convention	low	immediate	2025-09-08 08:14:46.32349	2025-09-08 08:14:46.32349	22
9	Способ решения не определен	Способ решения для колонок со специальными символами пока не определен	naming_convention	medium	1-2 hours	2025-09-08 08:29:20.139419	2025-09-08 08:29:20.139419	23
10	Способ решения не определен	Способ решения для зарезервированных слов PostgreSQL пока не определен	naming_convention	high	2-4 hours	2025-09-08 08:29:20.139419	2025-09-08 08:29:20.139419	24
11	Автоматическое преобразование специальных символов в snake_case	Автоматическое преобразование специальных символов в именах колонок: замена дефисов на подчеркивания (- → _) и кириллических символов на латинские (с → c, С → c). Формула: REPLACE(REPLACE(REPLACE(column_name, '-', '_'), 'с', 'c'), 'С', 'c')	naming_convention	low	immediate	2025-09-09 04:23:08.840931	2025-09-09 04:23:08.840931	23
12	Семантическое переименование зарезервированных слов с учетом контекста таблицы	Контекстно-зависимое переименование зарезервированных слов PostgreSQL с учетом семантики таблицы. cn_inv_dbt_upl_g_p.key → cidugp_key, ra_period.key → rap_key. Сохраняет функциональность Identity колонок и обеспечивает полное соответствие стандартам PostgreSQL.	naming_convention	low	immediate	2025-09-09 04:28:23.170637	2025-09-09 05:23:07.641503	24
\.


--
-- Data for Name: problems_cm_slt_mp; Type: TABLE DATA; Schema: mcl; Owner: postgres
--

COPY mcl.problems_cm_slt_mp (id, column_id, solution_id, solution_status, problem_detected_date, problem_resolved_date, resolution_notes, created_at, updated_at) FROM stdin;
3	3	3	active	2025-09-02 07:30:32.880227	\N	Проблема с заглавными буквами в имени колонки обнаружена	2025-09-02 07:30:32.880227	2025-09-02 07:30:32.880227
787	132	7	resolved	2025-09-08 08:04:21.796222	2025-09-08 08:04:59.055531	Имена camel_case колонок успешно преобразованы в snake_case. Все 11 колонок преобразованы автоматически без конфликтов.	2025-09-08 07:40:45.668383	2025-09-08 08:04:59.055531
788	266	7	resolved	2025-09-08 08:04:21.796222	2025-09-08 08:04:59.055531	Имена camel_case колонок успешно преобразованы в snake_case. Все 11 колонок преобразованы автоматически без конфликтов.	2025-09-08 07:40:45.668383	2025-09-08 08:04:59.055531
789	268	7	resolved	2025-09-08 08:04:21.796222	2025-09-08 08:04:59.055531	Имена camel_case колонок успешно преобразованы в snake_case. Все 11 колонок преобразованы автоматически без конфликтов.	2025-09-08 07:40:45.668383	2025-09-08 08:04:59.055531
790	269	7	resolved	2025-09-08 08:04:21.796222	2025-09-08 08:04:59.055531	Имена camel_case колонок успешно преобразованы в snake_case. Все 11 колонок преобразованы автоматически без конфликтов.	2025-09-08 07:40:45.668383	2025-09-08 08:04:59.055531
794	274	8	resolved	2025-09-08 08:15:17.564169	2025-09-08 08:16:01.091674	Имена колонок, начинающихся с цифр, успешно преобразованы с добавлением префикса col_ и преобразованием в snake_case. Все 32 колонки преобразованы автоматически без конфликтов.	2025-09-08 07:40:53.775855	2025-09-08 08:16:01.091674
795	275	8	resolved	2025-09-08 08:15:17.564169	2025-09-08 08:16:01.091674	Имена колонок, начинающихся с цифр, успешно преобразованы с добавлением префикса col_ и преобразованием в snake_case. Все 32 колонки преобразованы автоматически без конфликтов.	2025-09-08 07:40:53.775855	2025-09-08 08:16:01.091674
796	276	8	resolved	2025-09-08 08:15:17.564169	2025-09-08 08:16:01.091674	Имена колонок, начинающихся с цифр, успешно преобразованы с добавлением префикса col_ и преобразованием в snake_case. Все 32 колонки преобразованы автоматически без конфликтов.	2025-09-08 07:40:53.775855	2025-09-08 08:16:01.091674
797	277	8	resolved	2025-09-08 08:15:17.564169	2025-09-08 08:16:01.091674	Имена колонок, начинающихся с цифр, успешно преобразованы с добавлением префикса col_ и преобразованием в snake_case. Все 32 колонки преобразованы автоматически без конфликтов.	2025-09-08 07:40:53.775855	2025-09-08 08:16:01.091674
798	278	8	resolved	2025-09-08 08:15:17.564169	2025-09-08 08:16:01.091674	Имена колонок, начинающихся с цифр, успешно преобразованы с добавлением префикса col_ и преобразованием в snake_case. Все 32 колонки преобразованы автоматически без конфликтов.	2025-09-08 07:40:53.775855	2025-09-08 08:16:01.091674
799	283	8	resolved	2025-09-08 08:15:17.564169	2025-09-08 08:16:01.091674	Имена колонок, начинающихся с цифр, успешно преобразованы с добавлением префикса col_ и преобразованием в snake_case. Все 32 колонки преобразованы автоматически без конфликтов.	2025-09-08 07:40:53.775855	2025-09-08 08:16:01.091674
800	284	8	resolved	2025-09-08 08:15:17.564169	2025-09-08 08:16:01.091674	Имена колонок, начинающихся с цифр, успешно преобразованы с добавлением префикса col_ и преобразованием в snake_case. Все 32 колонки преобразованы автоматически без конфликтов.	2025-09-08 07:40:53.775855	2025-09-08 08:16:01.091674
801	285	8	resolved	2025-09-08 08:15:17.564169	2025-09-08 08:16:01.091674	Имена колонок, начинающихся с цифр, успешно преобразованы с добавлением префикса col_ и преобразованием в snake_case. Все 32 колонки преобразованы автоматически без конфликтов.	2025-09-08 07:40:53.775855	2025-09-08 08:16:01.091674
802	286	8	resolved	2025-09-08 08:15:17.564169	2025-09-08 08:16:01.091674	Имена колонок, начинающихся с цифр, успешно преобразованы с добавлением префикса col_ и преобразованием в snake_case. Все 32 колонки преобразованы автоматически без конфликтов.	2025-09-08 07:40:53.775855	2025-09-08 08:16:01.091674
803	287	8	resolved	2025-09-08 08:15:17.564169	2025-09-08 08:16:01.091674	Имена колонок, начинающихся с цифр, успешно преобразованы с добавлением префикса col_ и преобразованием в snake_case. Все 32 колонки преобразованы автоматически без конфликтов.	2025-09-08 07:40:53.775855	2025-09-08 08:16:01.091674
804	292	8	resolved	2025-09-08 08:15:17.564169	2025-09-08 08:16:01.091674	Имена колонок, начинающихся с цифр, успешно преобразованы с добавлением префикса col_ и преобразованием в snake_case. Все 32 колонки преобразованы автоматически без конфликтов.	2025-09-08 07:40:53.775855	2025-09-08 08:16:01.091674
805	293	8	resolved	2025-09-08 08:15:17.564169	2025-09-08 08:16:01.091674	Имена колонок, начинающихся с цифр, успешно преобразованы с добавлением префикса col_ и преобразованием в snake_case. Все 32 колонки преобразованы автоматически без конфликтов.	2025-09-08 07:40:53.775855	2025-09-08 08:16:01.091674
806	294	8	resolved	2025-09-08 08:15:17.564169	2025-09-08 08:16:01.091674	Имена колонок, начинающихся с цифр, успешно преобразованы с добавлением префикса col_ и преобразованием в snake_case. Все 32 колонки преобразованы автоматически без конфликтов.	2025-09-08 07:40:53.775855	2025-09-08 08:16:01.091674
807	295	8	resolved	2025-09-08 08:15:17.564169	2025-09-08 08:16:01.091674	Имена колонок, начинающихся с цифр, успешно преобразованы с добавлением префикса col_ и преобразованием в snake_case. Все 32 колонки преобразованы автоматически без конфликтов.	2025-09-08 07:40:53.775855	2025-09-08 08:16:01.091674
808	296	8	resolved	2025-09-08 08:15:17.564169	2025-09-08 08:16:01.091674	Имена колонок, начинающихся с цифр, успешно преобразованы с добавлением префикса col_ и преобразованием в snake_case. Все 32 колонки преобразованы автоматически без конфликтов.	2025-09-08 07:40:53.775855	2025-09-08 08:16:01.091674
809	301	8	resolved	2025-09-08 08:15:17.564169	2025-09-08 08:16:01.091674	Имена колонок, начинающихся с цифр, успешно преобразованы с добавлением префикса col_ и преобразованием в snake_case. Все 32 колонки преобразованы автоматически без конфликтов.	2025-09-08 07:40:53.775855	2025-09-08 08:16:01.091674
114	191	4	resolved	2025-09-08 07:40:37.709951	2025-09-08 07:54:07.779517	Имена колонок успешно преобразованы в snake_case. Конфликтующая колонка cnInvKey переименована в cn_inv_key_new.	2025-09-08 07:40:37.709951	2025-09-08 07:54:07.779517
810	302	8	resolved	2025-09-08 08:15:17.564169	2025-09-08 08:16:01.091674	Имена колонок, начинающихся с цифр, успешно преобразованы с добавлением префикса col_ и преобразованием в snake_case. Все 32 колонки преобразованы автоматически без конфликтов.	2025-09-08 07:40:53.775855	2025-09-08 08:16:01.091674
811	315	8	resolved	2025-09-08 08:15:17.564169	2025-09-08 08:16:01.091674	Имена колонок, начинающихся с цифр, успешно преобразованы с добавлением префикса col_ и преобразованием в snake_case. Все 32 колонки преобразованы автоматически без конфликтов.	2025-09-08 07:40:53.775855	2025-09-08 08:16:01.091674
812	316	8	resolved	2025-09-08 08:15:17.564169	2025-09-08 08:16:01.091674	Имена колонок, начинающихся с цифр, успешно преобразованы с добавлением префикса col_ и преобразованием в snake_case. Все 32 колонки преобразованы автоматически без конфликтов.	2025-09-08 07:40:53.775855	2025-09-08 08:16:01.091674
813	322	8	resolved	2025-09-08 08:15:17.564169	2025-09-08 08:16:01.091674	Имена колонок, начинающихся с цифр, успешно преобразованы с добавлением префикса col_ и преобразованием в snake_case. Все 32 колонки преобразованы автоматически без конфликтов.	2025-09-08 07:40:53.775855	2025-09-08 08:16:01.091674
814	323	8	resolved	2025-09-08 08:15:17.564169	2025-09-08 08:16:01.091674	Имена колонок, начинающихся с цифр, успешно преобразованы с добавлением префикса col_ и преобразованием в snake_case. Все 32 колонки преобразованы автоматически без конфликтов.	2025-09-08 07:40:53.775855	2025-09-08 08:16:01.091674
815	327	8	resolved	2025-09-08 08:15:17.564169	2025-09-08 08:16:01.091674	Имена колонок, начинающихся с цифр, успешно преобразованы с добавлением префикса col_ и преобразованием в snake_case. Все 32 колонки преобразованы автоматически без конфликтов.	2025-09-08 07:40:53.775855	2025-09-08 08:16:01.091674
816	328	8	resolved	2025-09-08 08:15:17.564169	2025-09-08 08:16:01.091674	Имена колонок, начинающихся с цифр, успешно преобразованы с добавлением префикса col_ и преобразованием в snake_case. Все 32 колонки преобразованы автоматически без конфликтов.	2025-09-08 07:40:53.775855	2025-09-08 08:16:01.091674
817	332	8	resolved	2025-09-08 08:15:17.564169	2025-09-08 08:16:01.091674	Имена колонок, начинающихся с цифр, успешно преобразованы с добавлением префикса col_ и преобразованием в snake_case. Все 32 колонки преобразованы автоматически без конфликтов.	2025-09-08 07:40:53.775855	2025-09-08 08:16:01.091674
818	333	8	resolved	2025-09-08 08:15:17.564169	2025-09-08 08:16:01.091674	Имена колонок, начинающихся с цифр, успешно преобразованы с добавлением префикса col_ и преобразованием в snake_case. Все 32 колонки преобразованы автоматически без конфликтов.	2025-09-08 07:40:53.775855	2025-09-08 08:16:01.091674
819	337	8	resolved	2025-09-08 08:15:17.564169	2025-09-08 08:16:01.091674	Имена колонок, начинающихся с цифр, успешно преобразованы с добавлением префикса col_ и преобразованием в snake_case. Все 32 колонки преобразованы автоматически без конфликтов.	2025-09-08 07:40:53.775855	2025-09-08 08:16:01.091674
820	338	8	resolved	2025-09-08 08:15:17.564169	2025-09-08 08:16:01.091674	Имена колонок, начинающихся с цифр, успешно преобразованы с добавлением префикса col_ и преобразованием в snake_case. Все 32 колонки преобразованы автоматически без конфликтов.	2025-09-08 07:40:53.775855	2025-09-08 08:16:01.091674
821	342	8	resolved	2025-09-08 08:15:17.564169	2025-09-08 08:16:01.091674	Имена колонок, начинающихся с цифр, успешно преобразованы с добавлением префикса col_ и преобразованием в snake_case. Все 32 колонки преобразованы автоматически без конфликтов.	2025-09-08 07:40:53.775855	2025-09-08 08:16:01.091674
822	343	8	resolved	2025-09-08 08:15:17.564169	2025-09-08 08:16:01.091674	Имена колонок, начинающихся с цифр, успешно преобразованы с добавлением префикса col_ и преобразованием в snake_case. Все 32 колонки преобразованы автоматически без конфликтов.	2025-09-08 07:40:53.775855	2025-09-08 08:16:01.091674
863	763	11	resolved	2025-09-09 04:23:18.976355	2025-09-09 04:23:50.167539	Имена колонок со специальными символами успешно преобразованы: дефисы заменены на подчеркивания, кириллические символы заменены на латинские. Все 42 колонки преобразованы автоматически без конфликтов.	2025-09-08 08:29:34.994441	2025-09-09 04:23:50.167539
864	764	11	resolved	2025-09-09 04:23:18.976355	2025-09-09 04:23:50.167539	Имена колонок со специальными символами успешно преобразованы: дефисы заменены на подчеркивания, кириллические символы заменены на латинские. Все 42 колонки преобразованы автоматически без конфликтов.	2025-09-08 08:29:34.994441	2025-09-09 04:23:50.167539
865	45	12	resolved	2025-09-09 04:28:34.98675	2025-09-09 04:29:07.398668	Имена колонок с зарезервированными словами PostgreSQL успешно переименованы в короткие варианты: cn_inv_dbt_upl_g_p.key → cidugp_key, ra_period.key → rap_key. Все 2 колонки преобразованы без конфликтов.	2025-09-08 08:29:49.672089	2025-09-09 05:23:39.153826
866	769	12	resolved	2025-09-09 04:28:34.98675	2025-09-09 04:29:07.398668	Имена колонок с зарезервированными словами PostgreSQL успешно переименованы в короткие варианты: cn_inv_dbt_upl_g_p.key → cidugp_key, ra_period.key → rap_key. Все 2 колонки преобразованы без конфликтов.	2025-09-08 08:29:49.672089	2025-09-09 05:23:39.153826
852	323	11	resolved	2025-09-09 04:23:18.976355	2025-09-09 04:23:50.167539	Имена колонок со специальными символами успешно преобразованы: дефисы заменены на подчеркивания, кириллические символы заменены на латинские. Все 42 колонки преобразованы автоматически без конфликтов.	2025-09-08 08:29:34.994441	2025-09-09 04:23:50.167539
853	327	11	resolved	2025-09-09 04:23:18.976355	2025-09-09 04:23:50.167539	Имена колонок со специальными символами успешно преобразованы: дефисы заменены на подчеркивания, кириллические символы заменены на латинские. Все 42 колонки преобразованы автоматически без конфликтов.	2025-09-08 08:29:34.994441	2025-09-09 04:23:50.167539
854	328	11	resolved	2025-09-09 04:23:18.976355	2025-09-09 04:23:50.167539	Имена колонок со специальными символами успешно преобразованы: дефисы заменены на подчеркивания, кириллические символы заменены на латинские. Все 42 колонки преобразованы автоматически без конфликтов.	2025-09-08 08:29:34.994441	2025-09-09 04:23:50.167539
855	739	11	resolved	2025-09-09 04:23:18.976355	2025-09-09 04:23:50.167539	Имена колонок со специальными символами успешно преобразованы: дефисы заменены на подчеркивания, кириллические символы заменены на латинские. Все 42 колонки преобразованы автоматически без конфликтов.	2025-09-08 08:29:34.994441	2025-09-09 04:23:50.167539
856	740	11	resolved	2025-09-09 04:23:18.976355	2025-09-09 04:23:50.167539	Имена колонок со специальными символами успешно преобразованы: дефисы заменены на подчеркивания, кириллические символы заменены на латинские. Все 42 колонки преобразованы автоматически без конфликтов.	2025-09-08 08:29:34.994441	2025-09-09 04:23:50.167539
857	741	11	resolved	2025-09-09 04:23:18.976355	2025-09-09 04:23:50.167539	Имена колонок со специальными символами успешно преобразованы: дефисы заменены на подчеркивания, кириллические символы заменены на латинские. Все 42 колонки преобразованы автоматически без конфликтов.	2025-09-08 08:29:34.994441	2025-09-09 04:23:50.167539
858	758	11	resolved	2025-09-09 04:23:18.976355	2025-09-09 04:23:50.167539	Имена колонок со специальными символами успешно преобразованы: дефисы заменены на подчеркивания, кириллические символы заменены на латинские. Все 42 колонки преобразованы автоматически без конфликтов.	2025-09-08 08:29:34.994441	2025-09-09 04:23:50.167539
859	759	11	resolved	2025-09-09 04:23:18.976355	2025-09-09 04:23:50.167539	Имена колонок со специальными символами успешно преобразованы: дефисы заменены на подчеркивания, кириллические символы заменены на латинские. Все 42 колонки преобразованы автоматически без конфликтов.	2025-09-08 08:29:34.994441	2025-09-09 04:23:50.167539
860	760	11	resolved	2025-09-09 04:23:18.976355	2025-09-09 04:23:50.167539	Имена колонок со специальными символами успешно преобразованы: дефисы заменены на подчеркивания, кириллические символы заменены на латинские. Все 42 колонки преобразованы автоматически без конфликтов.	2025-09-08 08:29:34.994441	2025-09-09 04:23:50.167539
861	761	11	resolved	2025-09-09 04:23:18.976355	2025-09-09 04:23:50.167539	Имена колонок со специальными символами успешно преобразованы: дефисы заменены на подчеркивания, кириллические символы заменены на латинские. Все 42 колонки преобразованы автоматически без конфликтов.	2025-09-08 08:29:34.994441	2025-09-09 04:23:50.167539
862	762	11	resolved	2025-09-09 04:23:18.976355	2025-09-09 04:23:50.167539	Имена колонок со специальными символами успешно преобразованы: дефисы заменены на подчеркивания, кириллические символы заменены на латинские. Все 42 колонки преобразованы автоматически без конфликтов.	2025-09-08 08:29:34.994441	2025-09-09 04:23:50.167539
823	332	11	resolved	2025-09-09 04:23:18.976355	2025-09-09 04:23:50.167539	Имена колонок со специальными символами успешно преобразованы: дефисы заменены на подчеркивания, кириллические символы заменены на латинские. Все 42 колонки преобразованы автоматически без конфликтов.	2025-09-08 08:29:34.994441	2025-09-09 04:23:50.167539
824	333	11	resolved	2025-09-09 04:23:18.976355	2025-09-09 04:23:50.167539	Имена колонок со специальными символами успешно преобразованы: дефисы заменены на подчеркивания, кириллические символы заменены на латинские. Все 42 колонки преобразованы автоматически без конфликтов.	2025-09-08 08:29:34.994441	2025-09-09 04:23:50.167539
825	337	11	resolved	2025-09-09 04:23:18.976355	2025-09-09 04:23:50.167539	Имена колонок со специальными символами успешно преобразованы: дефисы заменены на подчеркивания, кириллические символы заменены на латинские. Все 42 колонки преобразованы автоматически без конфликтов.	2025-09-08 08:29:34.994441	2025-09-09 04:23:50.167539
826	338	11	resolved	2025-09-09 04:23:18.976355	2025-09-09 04:23:50.167539	Имена колонок со специальными символами успешно преобразованы: дефисы заменены на подчеркивания, кириллические символы заменены на латинские. Все 42 колонки преобразованы автоматически без конфликтов.	2025-09-08 08:29:34.994441	2025-09-09 04:23:50.167539
827	342	11	resolved	2025-09-09 04:23:18.976355	2025-09-09 04:23:50.167539	Имена колонок со специальными символами успешно преобразованы: дефисы заменены на подчеркивания, кириллические символы заменены на латинские. Все 42 колонки преобразованы автоматически без конфликтов.	2025-09-08 08:29:34.994441	2025-09-09 04:23:50.167539
828	343	11	resolved	2025-09-09 04:23:18.976355	2025-09-09 04:23:50.167539	Имена колонок со специальными символами успешно преобразованы: дефисы заменены на подчеркивания, кириллические символы заменены на латинские. Все 42 колонки преобразованы автоматически без конфликтов.	2025-09-08 08:29:34.994441	2025-09-09 04:23:50.167539
829	274	11	resolved	2025-09-09 04:23:18.976355	2025-09-09 04:23:50.167539	Имена колонок со специальными символами успешно преобразованы: дефисы заменены на подчеркивания, кириллические символы заменены на латинские. Все 42 колонки преобразованы автоматически без конфликтов.	2025-09-08 08:29:34.994441	2025-09-09 04:23:50.167539
830	275	11	resolved	2025-09-09 04:23:18.976355	2025-09-09 04:23:50.167539	Имена колонок со специальными символами успешно преобразованы: дефисы заменены на подчеркивания, кириллические символы заменены на латинские. Все 42 колонки преобразованы автоматически без конфликтов.	2025-09-08 08:29:34.994441	2025-09-09 04:23:50.167539
115	192	4	resolved	2025-09-08 07:40:37.709951	2025-09-08 07:54:07.779517	Имена колонок успешно преобразованы в snake_case. Конфликтующая колонка cnInvKey переименована в cn_inv_key_new.	2025-09-08 07:40:37.709951	2025-09-08 07:54:07.779517
831	276	11	resolved	2025-09-09 04:23:18.976355	2025-09-09 04:23:50.167539	Имена колонок со специальными символами успешно преобразованы: дефисы заменены на подчеркивания, кириллические символы заменены на латинские. Все 42 колонки преобразованы автоматически без конфликтов.	2025-09-08 08:29:34.994441	2025-09-09 04:23:50.167539
832	277	11	resolved	2025-09-09 04:23:18.976355	2025-09-09 04:23:50.167539	Имена колонок со специальными символами успешно преобразованы: дефисы заменены на подчеркивания, кириллические символы заменены на латинские. Все 42 колонки преобразованы автоматически без конфликтов.	2025-09-08 08:29:34.994441	2025-09-09 04:23:50.167539
833	278	11	resolved	2025-09-09 04:23:18.976355	2025-09-09 04:23:50.167539	Имена колонок со специальными символами успешно преобразованы: дефисы заменены на подчеркивания, кириллические символы заменены на латинские. Все 42 колонки преобразованы автоматически без конфликтов.	2025-09-08 08:29:34.994441	2025-09-09 04:23:50.167539
834	283	11	resolved	2025-09-09 04:23:18.976355	2025-09-09 04:23:50.167539	Имена колонок со специальными символами успешно преобразованы: дефисы заменены на подчеркивания, кириллические символы заменены на латинские. Все 42 колонки преобразованы автоматически без конфликтов.	2025-09-08 08:29:34.994441	2025-09-09 04:23:50.167539
835	284	11	resolved	2025-09-09 04:23:18.976355	2025-09-09 04:23:50.167539	Имена колонок со специальными символами успешно преобразованы: дефисы заменены на подчеркивания, кириллические символы заменены на латинские. Все 42 колонки преобразованы автоматически без конфликтов.	2025-09-08 08:29:34.994441	2025-09-09 04:23:50.167539
836	285	11	resolved	2025-09-09 04:23:18.976355	2025-09-09 04:23:50.167539	Имена колонок со специальными символами успешно преобразованы: дефисы заменены на подчеркивания, кириллические символы заменены на латинские. Все 42 колонки преобразованы автоматически без конфликтов.	2025-09-08 08:29:34.994441	2025-09-09 04:23:50.167539
837	286	11	resolved	2025-09-09 04:23:18.976355	2025-09-09 04:23:50.167539	Имена колонок со специальными символами успешно преобразованы: дефисы заменены на подчеркивания, кириллические символы заменены на латинские. Все 42 колонки преобразованы автоматически без конфликтов.	2025-09-08 08:29:34.994441	2025-09-09 04:23:50.167539
838	287	11	resolved	2025-09-09 04:23:18.976355	2025-09-09 04:23:50.167539	Имена колонок со специальными символами успешно преобразованы: дефисы заменены на подчеркивания, кириллические символы заменены на латинские. Все 42 колонки преобразованы автоматически без конфликтов.	2025-09-08 08:29:34.994441	2025-09-09 04:23:50.167539
839	292	11	resolved	2025-09-09 04:23:18.976355	2025-09-09 04:23:50.167539	Имена колонок со специальными символами успешно преобразованы: дефисы заменены на подчеркивания, кириллические символы заменены на латинские. Все 42 колонки преобразованы автоматически без конфликтов.	2025-09-08 08:29:34.994441	2025-09-09 04:23:50.167539
840	293	11	resolved	2025-09-09 04:23:18.976355	2025-09-09 04:23:50.167539	Имена колонок со специальными символами успешно преобразованы: дефисы заменены на подчеркивания, кириллические символы заменены на латинские. Все 42 колонки преобразованы автоматически без конфликтов.	2025-09-08 08:29:34.994441	2025-09-09 04:23:50.167539
841	294	11	resolved	2025-09-09 04:23:18.976355	2025-09-09 04:23:50.167539	Имена колонок со специальными символами успешно преобразованы: дефисы заменены на подчеркивания, кириллические символы заменены на латинские. Все 42 колонки преобразованы автоматически без конфликтов.	2025-09-08 08:29:34.994441	2025-09-09 04:23:50.167539
842	295	11	resolved	2025-09-09 04:23:18.976355	2025-09-09 04:23:50.167539	Имена колонок со специальными символами успешно преобразованы: дефисы заменены на подчеркивания, кириллические символы заменены на латинские. Все 42 колонки преобразованы автоматически без конфликтов.	2025-09-08 08:29:34.994441	2025-09-09 04:23:50.167539
843	296	11	resolved	2025-09-09 04:23:18.976355	2025-09-09 04:23:50.167539	Имена колонок со специальными символами успешно преобразованы: дефисы заменены на подчеркивания, кириллические символы заменены на латинские. Все 42 колонки преобразованы автоматически без конфликтов.	2025-09-08 08:29:34.994441	2025-09-09 04:23:50.167539
844	301	11	resolved	2025-09-09 04:23:18.976355	2025-09-09 04:23:50.167539	Имена колонок со специальными символами успешно преобразованы: дефисы заменены на подчеркивания, кириллические символы заменены на латинские. Все 42 колонки преобразованы автоматически без конфликтов.	2025-09-08 08:29:34.994441	2025-09-09 04:23:50.167539
845	302	11	resolved	2025-09-09 04:23:18.976355	2025-09-09 04:23:50.167539	Имена колонок со специальными символами успешно преобразованы: дефисы заменены на подчеркивания, кириллические символы заменены на латинские. Все 42 колонки преобразованы автоматически без конфликтов.	2025-09-08 08:29:34.994441	2025-09-09 04:23:50.167539
846	248	11	resolved	2025-09-09 04:23:18.976355	2025-09-09 04:23:50.167539	Имена колонок со специальными символами успешно преобразованы: дефисы заменены на подчеркивания, кириллические символы заменены на латинские. Все 42 колонки преобразованы автоматически без конфликтов.	2025-09-08 08:29:34.994441	2025-09-09 04:23:50.167539
847	249	11	resolved	2025-09-09 04:23:18.976355	2025-09-09 04:23:50.167539	Имена колонок со специальными символами успешно преобразованы: дефисы заменены на подчеркивания, кириллические символы заменены на латинские. Все 42 колонки преобразованы автоматически без конфликтов.	2025-09-08 08:29:34.994441	2025-09-09 04:23:50.167539
116	193	4	resolved	2025-09-08 07:40:37.709951	2025-09-08 07:54:07.779517	Имена колонок успешно преобразованы в snake_case. Конфликтующая колонка cnInvKey переименована в cn_inv_key_new.	2025-09-08 07:40:37.709951	2025-09-08 07:54:07.779517
848	250	11	resolved	2025-09-09 04:23:18.976355	2025-09-09 04:23:50.167539	Имена колонок со специальными символами успешно преобразованы: дефисы заменены на подчеркивания, кириллические символы заменены на латинские. Все 42 колонки преобразованы автоматически без конфликтов.	2025-09-08 08:29:34.994441	2025-09-09 04:23:50.167539
849	315	11	resolved	2025-09-09 04:23:18.976355	2025-09-09 04:23:50.167539	Имена колонок со специальными символами успешно преобразованы: дефисы заменены на подчеркивания, кириллические символы заменены на латинские. Все 42 колонки преобразованы автоматически без конфликтов.	2025-09-08 08:29:34.994441	2025-09-09 04:23:50.167539
850	316	11	resolved	2025-09-09 04:23:18.976355	2025-09-09 04:23:50.167539	Имена колонок со специальными символами успешно преобразованы: дефисы заменены на подчеркивания, кириллические символы заменены на латинские. Все 42 колонки преобразованы автоматически без конфликтов.	2025-09-08 08:29:34.994441	2025-09-09 04:23:50.167539
851	322	11	resolved	2025-09-09 04:23:18.976355	2025-09-09 04:23:50.167539	Имена колонок со специальными символами успешно преобразованы: дефисы заменены на подчеркивания, кириллические символы заменены на латинские. Все 42 колонки преобразованы автоматически без конфликтов.	2025-09-08 08:29:34.994441	2025-09-09 04:23:50.167539
780	107	7	resolved	2025-09-08 08:04:21.796222	2025-09-08 08:04:59.055531	Имена camel_case колонок успешно преобразованы в snake_case. Все 11 колонок преобразованы автоматически без конфликтов.	2025-09-08 07:40:45.668383	2025-09-08 08:04:59.055531
781	111	7	resolved	2025-09-08 08:04:21.796222	2025-09-08 08:04:59.055531	Имена camel_case колонок успешно преобразованы в snake_case. Все 11 колонок преобразованы автоматически без конфликтов.	2025-09-08 07:40:45.668383	2025-09-08 08:04:59.055531
782	113	7	resolved	2025-09-08 08:04:21.796222	2025-09-08 08:04:59.055531	Имена camel_case колонок успешно преобразованы в snake_case. Все 11 колонок преобразованы автоматически без конфликтов.	2025-09-08 07:40:45.668383	2025-09-08 08:04:59.055531
783	116	7	resolved	2025-09-08 08:04:21.796222	2025-09-08 08:04:59.055531	Имена camel_case колонок успешно преобразованы в snake_case. Все 11 колонок преобразованы автоматически без конфликтов.	2025-09-08 07:40:45.668383	2025-09-08 08:04:59.055531
784	121	7	resolved	2025-09-08 08:04:21.796222	2025-09-08 08:04:59.055531	Имена camel_case колонок успешно преобразованы в snake_case. Все 11 колонок преобразованы автоматически без конфликтов.	2025-09-08 07:40:45.668383	2025-09-08 08:04:59.055531
785	125	7	resolved	2025-09-08 08:04:21.796222	2025-09-08 08:04:59.055531	Имена camel_case колонок успешно преобразованы в snake_case. Все 11 колонок преобразованы автоматически без конфликтов.	2025-09-08 07:40:45.668383	2025-09-08 08:04:59.055531
13	4	4	resolved	2025-09-08 07:40:37.709951	2025-09-08 07:54:07.779517	Имена колонок успешно преобразованы в snake_case. Конфликтующая колонка cnInvKey переименована в cn_inv_key_new.	2025-09-08 07:40:37.709951	2025-09-08 07:54:07.779517
14	369	4	resolved	2025-09-08 07:40:37.709951	2025-09-08 07:54:07.779517	Имена колонок успешно преобразованы в snake_case. Конфликтующая колонка cnInvKey переименована в cn_inv_key_new.	2025-09-08 07:40:37.709951	2025-09-08 07:54:07.779517
15	12	4	resolved	2025-09-08 07:40:37.709951	2025-09-08 07:54:07.779517	Имена колонок успешно преобразованы в snake_case. Конфликтующая колонка cnInvKey переименована в cn_inv_key_new.	2025-09-08 07:40:37.709951	2025-09-08 07:54:07.779517
786	131	7	resolved	2025-09-08 08:04:21.796222	2025-09-08 08:04:59.055531	Имена camel_case колонок успешно преобразованы в snake_case. Все 11 колонок преобразованы автоматически без конфликтов.	2025-09-08 07:40:45.668383	2025-09-08 08:04:59.055531
791	248	8	resolved	2025-09-08 08:15:17.564169	2025-09-08 08:16:01.091674	Имена колонок, начинающихся с цифр, успешно преобразованы с добавлением префикса col_ и преобразованием в snake_case. Все 32 колонки преобразованы автоматически без конфликтов.	2025-09-08 07:40:53.775855	2025-09-08 08:16:01.091674
792	249	8	resolved	2025-09-08 08:15:17.564169	2025-09-08 08:16:01.091674	Имена колонок, начинающихся с цифр, успешно преобразованы с добавлением префикса col_ и преобразованием в snake_case. Все 32 колонки преобразованы автоматически без конфликтов.	2025-09-08 07:40:53.775855	2025-09-08 08:16:01.091674
793	250	8	resolved	2025-09-08 08:15:17.564169	2025-09-08 08:16:01.091674	Имена колонок, начинающихся с цифр, успешно преобразованы с добавлением префикса col_ и преобразованием в snake_case. Все 32 колонки преобразованы автоматически без конфликтов.	2025-09-08 07:40:53.775855	2025-09-08 08:16:01.091674
16	13	4	resolved	2025-09-08 07:40:37.709951	2025-09-08 07:54:07.779517	Имена колонок успешно преобразованы в snake_case. Конфликтующая колонка cnInvKey переименована в cn_inv_key_new.	2025-09-08 07:40:37.709951	2025-09-08 07:54:07.779517
17	14	4	resolved	2025-09-08 07:40:37.709951	2025-09-08 07:54:07.779517	Имена колонок успешно преобразованы в snake_case. Конфликтующая колонка cnInvKey переименована в cn_inv_key_new.	2025-09-08 07:40:37.709951	2025-09-08 07:54:07.779517
18	22	4	resolved	2025-09-08 07:40:37.709951	2025-09-08 07:54:07.779517	Имена колонок успешно преобразованы в snake_case. Конфликтующая колонка cnInvKey переименована в cn_inv_key_new.	2025-09-08 07:40:37.709951	2025-09-08 07:54:07.779517
19	23	4	resolved	2025-09-08 07:40:37.709951	2025-09-08 07:54:07.779517	Имена колонок успешно преобразованы в snake_case. Конфликтующая колонка cnInvKey переименована в cn_inv_key_new.	2025-09-08 07:40:37.709951	2025-09-08 07:54:07.779517
20	24	4	resolved	2025-09-08 07:40:37.709951	2025-09-08 07:54:07.779517	Имена колонок успешно преобразованы в snake_case. Конфликтующая колонка cnInvKey переименована в cn_inv_key_new.	2025-09-08 07:40:37.709951	2025-09-08 07:54:07.779517
21	38	4	resolved	2025-09-08 07:40:37.709951	2025-09-08 07:54:07.779517	Имена колонок успешно преобразованы в snake_case. Конфликтующая колонка cnInvKey переименована в cn_inv_key_new.	2025-09-08 07:40:37.709951	2025-09-08 07:54:07.779517
22	39	4	resolved	2025-09-08 07:40:37.709951	2025-09-08 07:54:07.779517	Имена колонок успешно преобразованы в snake_case. Конфликтующая колонка cnInvKey переименована в cn_inv_key_new.	2025-09-08 07:40:37.709951	2025-09-08 07:54:07.779517
23	41	4	resolved	2025-09-08 07:40:37.709951	2025-09-08 07:54:07.779517	Имена колонок успешно преобразованы в snake_case. Конфликтующая колонка cnInvKey переименована в cn_inv_key_new.	2025-09-08 07:40:37.709951	2025-09-08 07:54:07.779517
24	44	4	resolved	2025-09-08 07:40:37.709951	2025-09-08 07:54:07.779517	Имена колонок успешно преобразованы в snake_case. Конфликтующая колонка cnInvKey переименована в cn_inv_key_new.	2025-09-08 07:40:37.709951	2025-09-08 07:54:07.779517
25	90	4	resolved	2025-09-08 07:40:37.709951	2025-09-08 07:54:07.779517	Имена колонок успешно преобразованы в snake_case. Конфликтующая колонка cnInvKey переименована в cn_inv_key_new.	2025-09-08 07:40:37.709951	2025-09-08 07:54:07.779517
26	91	4	resolved	2025-09-08 07:40:37.709951	2025-09-08 07:54:07.779517	Имена колонок успешно преобразованы в snake_case. Конфликтующая колонка cnInvKey переименована в cn_inv_key_new.	2025-09-08 07:40:37.709951	2025-09-08 07:54:07.779517
27	92	4	resolved	2025-09-08 07:40:37.709951	2025-09-08 07:54:07.779517	Имена колонок успешно преобразованы в snake_case. Конфликтующая колонка cnInvKey переименована в cn_inv_key_new.	2025-09-08 07:40:37.709951	2025-09-08 07:54:07.779517
28	67	4	resolved	2025-09-08 07:40:37.709951	2025-09-08 07:54:07.779517	Имена колонок успешно преобразованы в snake_case. Конфликтующая колонка cnInvKey переименована в cn_inv_key_new.	2025-09-08 07:40:37.709951	2025-09-08 07:54:07.779517
29	76	4	resolved	2025-09-08 07:40:37.709951	2025-09-08 07:54:07.779517	Имена колонок успешно преобразованы в snake_case. Конфликтующая колонка cnInvKey переименована в cn_inv_key_new.	2025-09-08 07:40:37.709951	2025-09-08 07:54:07.779517
30	81	4	resolved	2025-09-08 07:40:37.709951	2025-09-08 07:54:07.779517	Имена колонок успешно преобразованы в snake_case. Конфликтующая колонка cnInvKey переименована в cn_inv_key_new.	2025-09-08 07:40:37.709951	2025-09-08 07:54:07.779517
31	82	4	resolved	2025-09-08 07:40:37.709951	2025-09-08 07:54:07.779517	Имена колонок успешно преобразованы в snake_case. Конфликтующая колонка cnInvKey переименована в cn_inv_key_new.	2025-09-08 07:40:37.709951	2025-09-08 07:54:07.779517
32	83	4	resolved	2025-09-08 07:40:37.709951	2025-09-08 07:54:07.779517	Имена колонок успешно преобразованы в snake_case. Конфликтующая колонка cnInvKey переименована в cn_inv_key_new.	2025-09-08 07:40:37.709951	2025-09-08 07:54:07.779517
33	84	4	resolved	2025-09-08 07:40:37.709951	2025-09-08 07:54:07.779517	Имена колонок успешно преобразованы в snake_case. Конфликтующая колонка cnInvKey переименована в cn_inv_key_new.	2025-09-08 07:40:37.709951	2025-09-08 07:54:07.779517
34	85	4	resolved	2025-09-08 07:40:37.709951	2025-09-08 07:54:07.779517	Имена колонок успешно преобразованы в snake_case. Конфликтующая колонка cnInvKey переименована в cn_inv_key_new.	2025-09-08 07:40:37.709951	2025-09-08 07:54:07.779517
35	86	4	resolved	2025-09-08 07:40:37.709951	2025-09-08 07:54:07.779517	Имена колонок успешно преобразованы в snake_case. Конфликтующая колонка cnInvKey переименована в cn_inv_key_new.	2025-09-08 07:40:37.709951	2025-09-08 07:54:07.779517
36	93	4	resolved	2025-09-08 07:40:37.709951	2025-09-08 07:54:07.779517	Имена колонок успешно преобразованы в snake_case. Конфликтующая колонка cnInvKey переименована в cn_inv_key_new.	2025-09-08 07:40:37.709951	2025-09-08 07:54:07.779517
37	94	4	resolved	2025-09-08 07:40:37.709951	2025-09-08 07:54:07.779517	Имена колонок успешно преобразованы в snake_case. Конфликтующая колонка cnInvKey переименована в cn_inv_key_new.	2025-09-08 07:40:37.709951	2025-09-08 07:54:07.779517
38	95	4	resolved	2025-09-08 07:40:37.709951	2025-09-08 07:54:07.779517	Имена колонок успешно преобразованы в snake_case. Конфликтующая колонка cnInvKey переименована в cn_inv_key_new.	2025-09-08 07:40:37.709951	2025-09-08 07:54:07.779517
39	101	4	resolved	2025-09-08 07:40:37.709951	2025-09-08 07:54:07.779517	Имена колонок успешно преобразованы в snake_case. Конфликтующая колонка cnInvKey переименована в cn_inv_key_new.	2025-09-08 07:40:37.709951	2025-09-08 07:54:07.779517
40	149	4	resolved	2025-09-08 07:40:37.709951	2025-09-08 07:54:07.779517	Имена колонок успешно преобразованы в snake_case. Конфликтующая колонка cnInvKey переименована в cn_inv_key_new.	2025-09-08 07:40:37.709951	2025-09-08 07:54:07.779517
41	150	4	resolved	2025-09-08 07:40:37.709951	2025-09-08 07:54:07.779517	Имена колонок успешно преобразованы в snake_case. Конфликтующая колонка cnInvKey переименована в cn_inv_key_new.	2025-09-08 07:40:37.709951	2025-09-08 07:54:07.779517
42	153	4	resolved	2025-09-08 07:40:37.709951	2025-09-08 07:54:07.779517	Имена колонок успешно преобразованы в snake_case. Конфликтующая колонка cnInvKey переименована в cn_inv_key_new.	2025-09-08 07:40:37.709951	2025-09-08 07:54:07.779517
43	102	4	resolved	2025-09-08 07:40:37.709951	2025-09-08 07:54:07.779517	Имена колонок успешно преобразованы в snake_case. Конфликтующая колонка cnInvKey переименована в cn_inv_key_new.	2025-09-08 07:40:37.709951	2025-09-08 07:54:07.779517
44	103	4	resolved	2025-09-08 07:40:37.709951	2025-09-08 07:54:07.779517	Имена колонок успешно преобразованы в snake_case. Конфликтующая колонка cnInvKey переименована в cn_inv_key_new.	2025-09-08 07:40:37.709951	2025-09-08 07:54:07.779517
45	104	4	resolved	2025-09-08 07:40:37.709951	2025-09-08 07:54:07.779517	Имена колонок успешно преобразованы в snake_case. Конфликтующая колонка cnInvKey переименована в cn_inv_key_new.	2025-09-08 07:40:37.709951	2025-09-08 07:54:07.779517
46	105	4	resolved	2025-09-08 07:40:37.709951	2025-09-08 07:54:07.779517	Имена колонок успешно преобразованы в snake_case. Конфликтующая колонка cnInvKey переименована в cn_inv_key_new.	2025-09-08 07:40:37.709951	2025-09-08 07:54:07.779517
47	106	4	resolved	2025-09-08 07:40:37.709951	2025-09-08 07:54:07.779517	Имена колонок успешно преобразованы в snake_case. Конфликтующая колонка cnInvKey переименована в cn_inv_key_new.	2025-09-08 07:40:37.709951	2025-09-08 07:54:07.779517
48	108	4	resolved	2025-09-08 07:40:37.709951	2025-09-08 07:54:07.779517	Имена колонок успешно преобразованы в snake_case. Конфликтующая колонка cnInvKey переименована в cn_inv_key_new.	2025-09-08 07:40:37.709951	2025-09-08 07:54:07.779517
49	112	4	resolved	2025-09-08 07:40:37.709951	2025-09-08 07:54:07.779517	Имена колонок успешно преобразованы в snake_case. Конфликтующая колонка cnInvKey переименована в cn_inv_key_new.	2025-09-08 07:40:37.709951	2025-09-08 07:54:07.779517
50	114	4	resolved	2025-09-08 07:40:37.709951	2025-09-08 07:54:07.779517	Имена колонок успешно преобразованы в snake_case. Конфликтующая колонка cnInvKey переименована в cn_inv_key_new.	2025-09-08 07:40:37.709951	2025-09-08 07:54:07.779517
51	115	4	resolved	2025-09-08 07:40:37.709951	2025-09-08 07:54:07.779517	Имена колонок успешно преобразованы в snake_case. Конфликтующая колонка cnInvKey переименована в cn_inv_key_new.	2025-09-08 07:40:37.709951	2025-09-08 07:54:07.779517
52	117	4	resolved	2025-09-08 07:40:37.709951	2025-09-08 07:54:07.779517	Имена колонок успешно преобразованы в snake_case. Конфликтующая колонка cnInvKey переименована в cn_inv_key_new.	2025-09-08 07:40:37.709951	2025-09-08 07:54:07.779517
53	118	4	resolved	2025-09-08 07:40:37.709951	2025-09-08 07:54:07.779517	Имена колонок успешно преобразованы в snake_case. Конфликтующая колонка cnInvKey переименована в cn_inv_key_new.	2025-09-08 07:40:37.709951	2025-09-08 07:54:07.779517
54	119	4	resolved	2025-09-08 07:40:37.709951	2025-09-08 07:54:07.779517	Имена колонок успешно преобразованы в snake_case. Конфликтующая колонка cnInvKey переименована в cn_inv_key_new.	2025-09-08 07:40:37.709951	2025-09-08 07:54:07.779517
55	122	4	resolved	2025-09-08 07:40:37.709951	2025-09-08 07:54:07.779517	Имена колонок успешно преобразованы в snake_case. Конфликтующая колонка cnInvKey переименована в cn_inv_key_new.	2025-09-08 07:40:37.709951	2025-09-08 07:54:07.779517
56	123	4	resolved	2025-09-08 07:40:37.709951	2025-09-08 07:54:07.779517	Имена колонок успешно преобразованы в snake_case. Конфликтующая колонка cnInvKey переименована в cn_inv_key_new.	2025-09-08 07:40:37.709951	2025-09-08 07:54:07.779517
57	124	4	resolved	2025-09-08 07:40:37.709951	2025-09-08 07:54:07.779517	Имена колонок успешно преобразованы в snake_case. Конфликтующая колонка cnInvKey переименована в cn_inv_key_new.	2025-09-08 07:40:37.709951	2025-09-08 07:54:07.779517
106	183	4	resolved	2025-09-08 07:40:37.709951	2025-09-08 07:54:07.779517	Имена колонок успешно преобразованы в snake_case. Конфликтующая колонка cnInvKey переименована в cn_inv_key_new.	2025-09-08 07:40:37.709951	2025-09-08 07:54:07.779517
58	127	4	resolved	2025-09-08 07:40:37.709951	2025-09-08 07:54:07.779517	Имена колонок успешно преобразованы в snake_case. Конфликтующая колонка cnInvKey переименована в cn_inv_key_new.	2025-09-08 07:40:37.709951	2025-09-08 07:54:07.779517
59	128	4	resolved	2025-09-08 07:40:37.709951	2025-09-08 07:54:07.779517	Имена колонок успешно преобразованы в snake_case. Конфликтующая колонка cnInvKey переименована в cn_inv_key_new.	2025-09-08 07:40:37.709951	2025-09-08 07:54:07.779517
60	129	4	resolved	2025-09-08 07:40:37.709951	2025-09-08 07:54:07.779517	Имена колонок успешно преобразованы в snake_case. Конфликтующая колонка cnInvKey переименована в cn_inv_key_new.	2025-09-08 07:40:37.709951	2025-09-08 07:54:07.779517
61	130	4	resolved	2025-09-08 07:40:37.709951	2025-09-08 07:54:07.779517	Имена колонок успешно преобразованы в snake_case. Конфликтующая колонка cnInvKey переименована в cn_inv_key_new.	2025-09-08 07:40:37.709951	2025-09-08 07:54:07.779517
62	133	4	resolved	2025-09-08 07:40:37.709951	2025-09-08 07:54:07.779517	Имена колонок успешно преобразованы в snake_case. Конфликтующая колонка cnInvKey переименована в cn_inv_key_new.	2025-09-08 07:40:37.709951	2025-09-08 07:54:07.779517
63	134	4	resolved	2025-09-08 07:40:37.709951	2025-09-08 07:54:07.779517	Имена колонок успешно преобразованы в snake_case. Конфликтующая колонка cnInvKey переименована в cn_inv_key_new.	2025-09-08 07:40:37.709951	2025-09-08 07:54:07.779517
64	135	4	resolved	2025-09-08 07:40:37.709951	2025-09-08 07:54:07.779517	Имена колонок успешно преобразованы в snake_case. Конфликтующая колонка cnInvKey переименована в cn_inv_key_new.	2025-09-08 07:40:37.709951	2025-09-08 07:54:07.779517
65	136	4	resolved	2025-09-08 07:40:37.709951	2025-09-08 07:54:07.779517	Имена колонок успешно преобразованы в snake_case. Конфликтующая колонка cnInvKey переименована в cn_inv_key_new.	2025-09-08 07:40:37.709951	2025-09-08 07:54:07.779517
66	137	4	resolved	2025-09-08 07:40:37.709951	2025-09-08 07:54:07.779517	Имена колонок успешно преобразованы в snake_case. Конфликтующая колонка cnInvKey переименована в cn_inv_key_new.	2025-09-08 07:40:37.709951	2025-09-08 07:54:07.779517
67	138	4	resolved	2025-09-08 07:40:37.709951	2025-09-08 07:54:07.779517	Имена колонок успешно преобразованы в snake_case. Конфликтующая колонка cnInvKey переименована в cn_inv_key_new.	2025-09-08 07:40:37.709951	2025-09-08 07:54:07.779517
68	139	4	resolved	2025-09-08 07:40:37.709951	2025-09-08 07:54:07.779517	Имена колонок успешно преобразованы в snake_case. Конфликтующая колонка cnInvKey переименована в cn_inv_key_new.	2025-09-08 07:40:37.709951	2025-09-08 07:54:07.779517
69	140	4	resolved	2025-09-08 07:40:37.709951	2025-09-08 07:54:07.779517	Имена колонок успешно преобразованы в snake_case. Конфликтующая колонка cnInvKey переименована в cn_inv_key_new.	2025-09-08 07:40:37.709951	2025-09-08 07:54:07.779517
70	141	4	resolved	2025-09-08 07:40:37.709951	2025-09-08 07:54:07.779517	Имена колонок успешно преобразованы в snake_case. Конфликтующая колонка cnInvKey переименована в cn_inv_key_new.	2025-09-08 07:40:37.709951	2025-09-08 07:54:07.779517
71	143	4	resolved	2025-09-08 07:40:37.709951	2025-09-08 07:54:07.779517	Имена колонок успешно преобразованы в snake_case. Конфликтующая колонка cnInvKey переименована в cn_inv_key_new.	2025-09-08 07:40:37.709951	2025-09-08 07:54:07.779517
72	144	4	resolved	2025-09-08 07:40:37.709951	2025-09-08 07:54:07.779517	Имена колонок успешно преобразованы в snake_case. Конфликтующая колонка cnInvKey переименована в cn_inv_key_new.	2025-09-08 07:40:37.709951	2025-09-08 07:54:07.779517
73	145	4	resolved	2025-09-08 07:40:37.709951	2025-09-08 07:54:07.779517	Имена колонок успешно преобразованы в snake_case. Конфликтующая колонка cnInvKey переименована в cn_inv_key_new.	2025-09-08 07:40:37.709951	2025-09-08 07:54:07.779517
74	146	4	resolved	2025-09-08 07:40:37.709951	2025-09-08 07:54:07.779517	Имена колонок успешно преобразованы в snake_case. Конфликтующая колонка cnInvKey переименована в cn_inv_key_new.	2025-09-08 07:40:37.709951	2025-09-08 07:54:07.779517
75	147	4	resolved	2025-09-08 07:40:37.709951	2025-09-08 07:54:07.779517	Имена колонок успешно преобразованы в snake_case. Конфликтующая колонка cnInvKey переименована в cn_inv_key_new.	2025-09-08 07:40:37.709951	2025-09-08 07:54:07.779517
76	148	4	resolved	2025-09-08 07:40:37.709951	2025-09-08 07:54:07.779517	Имена колонок успешно преобразованы в snake_case. Конфликтующая колонка cnInvKey переименована в cn_inv_key_new.	2025-09-08 07:40:37.709951	2025-09-08 07:54:07.779517
77	154	4	resolved	2025-09-08 07:40:37.709951	2025-09-08 07:54:07.779517	Имена колонок успешно преобразованы в snake_case. Конфликтующая колонка cnInvKey переименована в cn_inv_key_new.	2025-09-08 07:40:37.709951	2025-09-08 07:54:07.779517
78	155	4	resolved	2025-09-08 07:40:37.709951	2025-09-08 07:54:07.779517	Имена колонок успешно преобразованы в snake_case. Конфликтующая колонка cnInvKey переименована в cn_inv_key_new.	2025-09-08 07:40:37.709951	2025-09-08 07:54:07.779517
79	156	4	resolved	2025-09-08 07:40:37.709951	2025-09-08 07:54:07.779517	Имена колонок успешно преобразованы в snake_case. Конфликтующая колонка cnInvKey переименована в cn_inv_key_new.	2025-09-08 07:40:37.709951	2025-09-08 07:54:07.779517
80	157	4	resolved	2025-09-08 07:40:37.709951	2025-09-08 07:54:07.779517	Имена колонок успешно преобразованы в snake_case. Конфликтующая колонка cnInvKey переименована в cn_inv_key_new.	2025-09-08 07:40:37.709951	2025-09-08 07:54:07.779517
81	158	4	resolved	2025-09-08 07:40:37.709951	2025-09-08 07:54:07.779517	Имена колонок успешно преобразованы в snake_case. Конфликтующая колонка cnInvKey переименована в cn_inv_key_new.	2025-09-08 07:40:37.709951	2025-09-08 07:54:07.779517
82	159	4	resolved	2025-09-08 07:40:37.709951	2025-09-08 07:54:07.779517	Имена колонок успешно преобразованы в snake_case. Конфликтующая колонка cnInvKey переименована в cn_inv_key_new.	2025-09-08 07:40:37.709951	2025-09-08 07:54:07.779517
83	160	4	resolved	2025-09-08 07:40:37.709951	2025-09-08 07:54:07.779517	Имена колонок успешно преобразованы в snake_case. Конфликтующая колонка cnInvKey переименована в cn_inv_key_new.	2025-09-08 07:40:37.709951	2025-09-08 07:54:07.779517
84	161	4	resolved	2025-09-08 07:40:37.709951	2025-09-08 07:54:07.779517	Имена колонок успешно преобразованы в snake_case. Конфликтующая колонка cnInvKey переименована в cn_inv_key_new.	2025-09-08 07:40:37.709951	2025-09-08 07:54:07.779517
85	162	4	resolved	2025-09-08 07:40:37.709951	2025-09-08 07:54:07.779517	Имена колонок успешно преобразованы в snake_case. Конфликтующая колонка cnInvKey переименована в cn_inv_key_new.	2025-09-08 07:40:37.709951	2025-09-08 07:54:07.779517
86	163	4	resolved	2025-09-08 07:40:37.709951	2025-09-08 07:54:07.779517	Имена колонок успешно преобразованы в snake_case. Конфликтующая колонка cnInvKey переименована в cn_inv_key_new.	2025-09-08 07:40:37.709951	2025-09-08 07:54:07.779517
87	164	4	resolved	2025-09-08 07:40:37.709951	2025-09-08 07:54:07.779517	Имена колонок успешно преобразованы в snake_case. Конфликтующая колонка cnInvKey переименована в cn_inv_key_new.	2025-09-08 07:40:37.709951	2025-09-08 07:54:07.779517
88	165	4	resolved	2025-09-08 07:40:37.709951	2025-09-08 07:54:07.779517	Имена колонок успешно преобразованы в snake_case. Конфликтующая колонка cnInvKey переименована в cn_inv_key_new.	2025-09-08 07:40:37.709951	2025-09-08 07:54:07.779517
89	166	4	resolved	2025-09-08 07:40:37.709951	2025-09-08 07:54:07.779517	Имена колонок успешно преобразованы в snake_case. Конфликтующая колонка cnInvKey переименована в cn_inv_key_new.	2025-09-08 07:40:37.709951	2025-09-08 07:54:07.779517
90	167	4	resolved	2025-09-08 07:40:37.709951	2025-09-08 07:54:07.779517	Имена колонок успешно преобразованы в snake_case. Конфликтующая колонка cnInvKey переименована в cn_inv_key_new.	2025-09-08 07:40:37.709951	2025-09-08 07:54:07.779517
91	168	4	resolved	2025-09-08 07:40:37.709951	2025-09-08 07:54:07.779517	Имена колонок успешно преобразованы в snake_case. Конфликтующая колонка cnInvKey переименована в cn_inv_key_new.	2025-09-08 07:40:37.709951	2025-09-08 07:54:07.779517
92	169	4	resolved	2025-09-08 07:40:37.709951	2025-09-08 07:54:07.779517	Имена колонок успешно преобразованы в snake_case. Конфликтующая колонка cnInvKey переименована в cn_inv_key_new.	2025-09-08 07:40:37.709951	2025-09-08 07:54:07.779517
93	170	4	resolved	2025-09-08 07:40:37.709951	2025-09-08 07:54:07.779517	Имена колонок успешно преобразованы в snake_case. Конфликтующая колонка cnInvKey переименована в cn_inv_key_new.	2025-09-08 07:40:37.709951	2025-09-08 07:54:07.779517
94	171	4	resolved	2025-09-08 07:40:37.709951	2025-09-08 07:54:07.779517	Имена колонок успешно преобразованы в snake_case. Конфликтующая колонка cnInvKey переименована в cn_inv_key_new.	2025-09-08 07:40:37.709951	2025-09-08 07:54:07.779517
95	172	4	resolved	2025-09-08 07:40:37.709951	2025-09-08 07:54:07.779517	Имена колонок успешно преобразованы в snake_case. Конфликтующая колонка cnInvKey переименована в cn_inv_key_new.	2025-09-08 07:40:37.709951	2025-09-08 07:54:07.779517
96	173	4	resolved	2025-09-08 07:40:37.709951	2025-09-08 07:54:07.779517	Имена колонок успешно преобразованы в snake_case. Конфликтующая колонка cnInvKey переименована в cn_inv_key_new.	2025-09-08 07:40:37.709951	2025-09-08 07:54:07.779517
97	174	4	resolved	2025-09-08 07:40:37.709951	2025-09-08 07:54:07.779517	Имена колонок успешно преобразованы в snake_case. Конфликтующая колонка cnInvKey переименована в cn_inv_key_new.	2025-09-08 07:40:37.709951	2025-09-08 07:54:07.779517
98	175	4	resolved	2025-09-08 07:40:37.709951	2025-09-08 07:54:07.779517	Имена колонок успешно преобразованы в snake_case. Конфликтующая колонка cnInvKey переименована в cn_inv_key_new.	2025-09-08 07:40:37.709951	2025-09-08 07:54:07.779517
99	176	4	resolved	2025-09-08 07:40:37.709951	2025-09-08 07:54:07.779517	Имена колонок успешно преобразованы в snake_case. Конфликтующая колонка cnInvKey переименована в cn_inv_key_new.	2025-09-08 07:40:37.709951	2025-09-08 07:54:07.779517
100	177	4	resolved	2025-09-08 07:40:37.709951	2025-09-08 07:54:07.779517	Имена колонок успешно преобразованы в snake_case. Конфликтующая колонка cnInvKey переименована в cn_inv_key_new.	2025-09-08 07:40:37.709951	2025-09-08 07:54:07.779517
101	178	4	resolved	2025-09-08 07:40:37.709951	2025-09-08 07:54:07.779517	Имена колонок успешно преобразованы в snake_case. Конфликтующая колонка cnInvKey переименована в cn_inv_key_new.	2025-09-08 07:40:37.709951	2025-09-08 07:54:07.779517
102	179	4	resolved	2025-09-08 07:40:37.709951	2025-09-08 07:54:07.779517	Имена колонок успешно преобразованы в snake_case. Конфликтующая колонка cnInvKey переименована в cn_inv_key_new.	2025-09-08 07:40:37.709951	2025-09-08 07:54:07.779517
103	180	4	resolved	2025-09-08 07:40:37.709951	2025-09-08 07:54:07.779517	Имена колонок успешно преобразованы в snake_case. Конфликтующая колонка cnInvKey переименована в cn_inv_key_new.	2025-09-08 07:40:37.709951	2025-09-08 07:54:07.779517
104	181	4	resolved	2025-09-08 07:40:37.709951	2025-09-08 07:54:07.779517	Имена колонок успешно преобразованы в snake_case. Конфликтующая колонка cnInvKey переименована в cn_inv_key_new.	2025-09-08 07:40:37.709951	2025-09-08 07:54:07.779517
105	182	4	resolved	2025-09-08 07:40:37.709951	2025-09-08 07:54:07.779517	Имена колонок успешно преобразованы в snake_case. Конфликтующая колонка cnInvKey переименована в cn_inv_key_new.	2025-09-08 07:40:37.709951	2025-09-08 07:54:07.779517
107	184	4	resolved	2025-09-08 07:40:37.709951	2025-09-08 07:54:07.779517	Имена колонок успешно преобразованы в snake_case. Конфликтующая колонка cnInvKey переименована в cn_inv_key_new.	2025-09-08 07:40:37.709951	2025-09-08 07:54:07.779517
108	185	4	resolved	2025-09-08 07:40:37.709951	2025-09-08 07:54:07.779517	Имена колонок успешно преобразованы в snake_case. Конфликтующая колонка cnInvKey переименована в cn_inv_key_new.	2025-09-08 07:40:37.709951	2025-09-08 07:54:07.779517
109	186	4	resolved	2025-09-08 07:40:37.709951	2025-09-08 07:54:07.779517	Имена колонок успешно преобразованы в snake_case. Конфликтующая колонка cnInvKey переименована в cn_inv_key_new.	2025-09-08 07:40:37.709951	2025-09-08 07:54:07.779517
110	187	4	resolved	2025-09-08 07:40:37.709951	2025-09-08 07:54:07.779517	Имена колонок успешно преобразованы в snake_case. Конфликтующая колонка cnInvKey переименована в cn_inv_key_new.	2025-09-08 07:40:37.709951	2025-09-08 07:54:07.779517
111	188	4	resolved	2025-09-08 07:40:37.709951	2025-09-08 07:54:07.779517	Имена колонок успешно преобразованы в snake_case. Конфликтующая колонка cnInvKey переименована в cn_inv_key_new.	2025-09-08 07:40:37.709951	2025-09-08 07:54:07.779517
112	189	4	resolved	2025-09-08 07:40:37.709951	2025-09-08 07:54:07.779517	Имена колонок успешно преобразованы в snake_case. Конфликтующая колонка cnInvKey переименована в cn_inv_key_new.	2025-09-08 07:40:37.709951	2025-09-08 07:54:07.779517
113	190	4	resolved	2025-09-08 07:40:37.709951	2025-09-08 07:54:07.779517	Имена колонок успешно преобразованы в snake_case. Конфликтующая колонка cnInvKey переименована в cn_inv_key_new.	2025-09-08 07:40:37.709951	2025-09-08 07:54:07.779517
117	194	4	resolved	2025-09-08 07:40:37.709951	2025-09-08 07:54:07.779517	Имена колонок успешно преобразованы в snake_case. Конфликтующая колонка cnInvKey переименована в cn_inv_key_new.	2025-09-08 07:40:37.709951	2025-09-08 07:54:07.779517
118	195	4	resolved	2025-09-08 07:40:37.709951	2025-09-08 07:54:07.779517	Имена колонок успешно преобразованы в snake_case. Конфликтующая колонка cnInvKey переименована в cn_inv_key_new.	2025-09-08 07:40:37.709951	2025-09-08 07:54:07.779517
119	196	4	resolved	2025-09-08 07:40:37.709951	2025-09-08 07:54:07.779517	Имена колонок успешно преобразованы в snake_case. Конфликтующая колонка cnInvKey переименована в cn_inv_key_new.	2025-09-08 07:40:37.709951	2025-09-08 07:54:07.779517
120	197	4	resolved	2025-09-08 07:40:37.709951	2025-09-08 07:54:07.779517	Имена колонок успешно преобразованы в snake_case. Конфликтующая колонка cnInvKey переименована в cn_inv_key_new.	2025-09-08 07:40:37.709951	2025-09-08 07:54:07.779517
121	198	4	resolved	2025-09-08 07:40:37.709951	2025-09-08 07:54:07.779517	Имена колонок успешно преобразованы в snake_case. Конфликтующая колонка cnInvKey переименована в cn_inv_key_new.	2025-09-08 07:40:37.709951	2025-09-08 07:54:07.779517
122	199	4	resolved	2025-09-08 07:40:37.709951	2025-09-08 07:54:07.779517	Имена колонок успешно преобразованы в snake_case. Конфликтующая колонка cnInvKey переименована в cn_inv_key_new.	2025-09-08 07:40:37.709951	2025-09-08 07:54:07.779517
123	200	4	resolved	2025-09-08 07:40:37.709951	2025-09-08 07:54:07.779517	Имена колонок успешно преобразованы в snake_case. Конфликтующая колонка cnInvKey переименована в cn_inv_key_new.	2025-09-08 07:40:37.709951	2025-09-08 07:54:07.779517
124	201	4	resolved	2025-09-08 07:40:37.709951	2025-09-08 07:54:07.779517	Имена колонок успешно преобразованы в snake_case. Конфликтующая колонка cnInvKey переименована в cn_inv_key_new.	2025-09-08 07:40:37.709951	2025-09-08 07:54:07.779517
125	202	4	resolved	2025-09-08 07:40:37.709951	2025-09-08 07:54:07.779517	Имена колонок успешно преобразованы в snake_case. Конфликтующая колонка cnInvKey переименована в cn_inv_key_new.	2025-09-08 07:40:37.709951	2025-09-08 07:54:07.779517
126	203	4	resolved	2025-09-08 07:40:37.709951	2025-09-08 07:54:07.779517	Имена колонок успешно преобразованы в snake_case. Конфликтующая колонка cnInvKey переименована в cn_inv_key_new.	2025-09-08 07:40:37.709951	2025-09-08 07:54:07.779517
127	204	4	resolved	2025-09-08 07:40:37.709951	2025-09-08 07:54:07.779517	Имена колонок успешно преобразованы в snake_case. Конфликтующая колонка cnInvKey переименована в cn_inv_key_new.	2025-09-08 07:40:37.709951	2025-09-08 07:54:07.779517
128	205	4	resolved	2025-09-08 07:40:37.709951	2025-09-08 07:54:07.779517	Имена колонок успешно преобразованы в snake_case. Конфликтующая колонка cnInvKey переименована в cn_inv_key_new.	2025-09-08 07:40:37.709951	2025-09-08 07:54:07.779517
129	206	4	resolved	2025-09-08 07:40:37.709951	2025-09-08 07:54:07.779517	Имена колонок успешно преобразованы в snake_case. Конфликтующая колонка cnInvKey переименована в cn_inv_key_new.	2025-09-08 07:40:37.709951	2025-09-08 07:54:07.779517
130	207	4	resolved	2025-09-08 07:40:37.709951	2025-09-08 07:54:07.779517	Имена колонок успешно преобразованы в snake_case. Конфликтующая колонка cnInvKey переименована в cn_inv_key_new.	2025-09-08 07:40:37.709951	2025-09-08 07:54:07.779517
131	208	4	resolved	2025-09-08 07:40:37.709951	2025-09-08 07:54:07.779517	Имена колонок успешно преобразованы в snake_case. Конфликтующая колонка cnInvKey переименована в cn_inv_key_new.	2025-09-08 07:40:37.709951	2025-09-08 07:54:07.779517
132	209	4	resolved	2025-09-08 07:40:37.709951	2025-09-08 07:54:07.779517	Имена колонок успешно преобразованы в snake_case. Конфликтующая колонка cnInvKey переименована в cn_inv_key_new.	2025-09-08 07:40:37.709951	2025-09-08 07:54:07.779517
133	210	4	resolved	2025-09-08 07:40:37.709951	2025-09-08 07:54:07.779517	Имена колонок успешно преобразованы в snake_case. Конфликтующая колонка cnInvKey переименована в cn_inv_key_new.	2025-09-08 07:40:37.709951	2025-09-08 07:54:07.779517
134	211	4	resolved	2025-09-08 07:40:37.709951	2025-09-08 07:54:07.779517	Имена колонок успешно преобразованы в snake_case. Конфликтующая колонка cnInvKey переименована в cn_inv_key_new.	2025-09-08 07:40:37.709951	2025-09-08 07:54:07.779517
135	212	4	resolved	2025-09-08 07:40:37.709951	2025-09-08 07:54:07.779517	Имена колонок успешно преобразованы в snake_case. Конфликтующая колонка cnInvKey переименована в cn_inv_key_new.	2025-09-08 07:40:37.709951	2025-09-08 07:54:07.779517
136	213	4	resolved	2025-09-08 07:40:37.709951	2025-09-08 07:54:07.779517	Имена колонок успешно преобразованы в snake_case. Конфликтующая колонка cnInvKey переименована в cn_inv_key_new.	2025-09-08 07:40:37.709951	2025-09-08 07:54:07.779517
137	214	4	resolved	2025-09-08 07:40:37.709951	2025-09-08 07:54:07.779517	Имена колонок успешно преобразованы в snake_case. Конфликтующая колонка cnInvKey переименована в cn_inv_key_new.	2025-09-08 07:40:37.709951	2025-09-08 07:54:07.779517
138	215	4	resolved	2025-09-08 07:40:37.709951	2025-09-08 07:54:07.779517	Имена колонок успешно преобразованы в snake_case. Конфликтующая колонка cnInvKey переименована в cn_inv_key_new.	2025-09-08 07:40:37.709951	2025-09-08 07:54:07.779517
139	216	4	resolved	2025-09-08 07:40:37.709951	2025-09-08 07:54:07.779517	Имена колонок успешно преобразованы в snake_case. Конфликтующая колонка cnInvKey переименована в cn_inv_key_new.	2025-09-08 07:40:37.709951	2025-09-08 07:54:07.779517
140	217	4	resolved	2025-09-08 07:40:37.709951	2025-09-08 07:54:07.779517	Имена колонок успешно преобразованы в snake_case. Конфликтующая колонка cnInvKey переименована в cn_inv_key_new.	2025-09-08 07:40:37.709951	2025-09-08 07:54:07.779517
141	218	4	resolved	2025-09-08 07:40:37.709951	2025-09-08 07:54:07.779517	Имена колонок успешно преобразованы в snake_case. Конфликтующая колонка cnInvKey переименована в cn_inv_key_new.	2025-09-08 07:40:37.709951	2025-09-08 07:54:07.779517
142	219	4	resolved	2025-09-08 07:40:37.709951	2025-09-08 07:54:07.779517	Имена колонок успешно преобразованы в snake_case. Конфликтующая колонка cnInvKey переименована в cn_inv_key_new.	2025-09-08 07:40:37.709951	2025-09-08 07:54:07.779517
143	220	4	resolved	2025-09-08 07:40:37.709951	2025-09-08 07:54:07.779517	Имена колонок успешно преобразованы в snake_case. Конфликтующая колонка cnInvKey переименована в cn_inv_key_new.	2025-09-08 07:40:37.709951	2025-09-08 07:54:07.779517
144	221	4	resolved	2025-09-08 07:40:37.709951	2025-09-08 07:54:07.779517	Имена колонок успешно преобразованы в snake_case. Конфликтующая колонка cnInvKey переименована в cn_inv_key_new.	2025-09-08 07:40:37.709951	2025-09-08 07:54:07.779517
145	222	4	resolved	2025-09-08 07:40:37.709951	2025-09-08 07:54:07.779517	Имена колонок успешно преобразованы в snake_case. Конфликтующая колонка cnInvKey переименована в cn_inv_key_new.	2025-09-08 07:40:37.709951	2025-09-08 07:54:07.779517
146	223	4	resolved	2025-09-08 07:40:37.709951	2025-09-08 07:54:07.779517	Имена колонок успешно преобразованы в snake_case. Конфликтующая колонка cnInvKey переименована в cn_inv_key_new.	2025-09-08 07:40:37.709951	2025-09-08 07:54:07.779517
147	224	4	resolved	2025-09-08 07:40:37.709951	2025-09-08 07:54:07.779517	Имена колонок успешно преобразованы в snake_case. Конфликтующая колонка cnInvKey переименована в cn_inv_key_new.	2025-09-08 07:40:37.709951	2025-09-08 07:54:07.779517
148	225	4	resolved	2025-09-08 07:40:37.709951	2025-09-08 07:54:07.779517	Имена колонок успешно преобразованы в snake_case. Конфликтующая колонка cnInvKey переименована в cn_inv_key_new.	2025-09-08 07:40:37.709951	2025-09-08 07:54:07.779517
149	226	4	resolved	2025-09-08 07:40:37.709951	2025-09-08 07:54:07.779517	Имена колонок успешно преобразованы в snake_case. Конфликтующая колонка cnInvKey переименована в cn_inv_key_new.	2025-09-08 07:40:37.709951	2025-09-08 07:54:07.779517
150	227	4	resolved	2025-09-08 07:40:37.709951	2025-09-08 07:54:07.779517	Имена колонок успешно преобразованы в snake_case. Конфликтующая колонка cnInvKey переименована в cn_inv_key_new.	2025-09-08 07:40:37.709951	2025-09-08 07:54:07.779517
151	228	4	resolved	2025-09-08 07:40:37.709951	2025-09-08 07:54:07.779517	Имена колонок успешно преобразованы в snake_case. Конфликтующая колонка cnInvKey переименована в cn_inv_key_new.	2025-09-08 07:40:37.709951	2025-09-08 07:54:07.779517
152	229	4	resolved	2025-09-08 07:40:37.709951	2025-09-08 07:54:07.779517	Имена колонок успешно преобразованы в snake_case. Конфликтующая колонка cnInvKey переименована в cn_inv_key_new.	2025-09-08 07:40:37.709951	2025-09-08 07:54:07.779517
153	230	4	resolved	2025-09-08 07:40:37.709951	2025-09-08 07:54:07.779517	Имена колонок успешно преобразованы в snake_case. Конфликтующая колонка cnInvKey переименована в cn_inv_key_new.	2025-09-08 07:40:37.709951	2025-09-08 07:54:07.779517
154	231	4	resolved	2025-09-08 07:40:37.709951	2025-09-08 07:54:07.779517	Имена колонок успешно преобразованы в snake_case. Конфликтующая колонка cnInvKey переименована в cn_inv_key_new.	2025-09-08 07:40:37.709951	2025-09-08 07:54:07.779517
155	232	4	resolved	2025-09-08 07:40:37.709951	2025-09-08 07:54:07.779517	Имена колонок успешно преобразованы в snake_case. Конфликтующая колонка cnInvKey переименована в cn_inv_key_new.	2025-09-08 07:40:37.709951	2025-09-08 07:54:07.779517
156	233	4	resolved	2025-09-08 07:40:37.709951	2025-09-08 07:54:07.779517	Имена колонок успешно преобразованы в snake_case. Конфликтующая колонка cnInvKey переименована в cn_inv_key_new.	2025-09-08 07:40:37.709951	2025-09-08 07:54:07.779517
157	234	4	resolved	2025-09-08 07:40:37.709951	2025-09-08 07:54:07.779517	Имена колонок успешно преобразованы в snake_case. Конфликтующая колонка cnInvKey переименована в cn_inv_key_new.	2025-09-08 07:40:37.709951	2025-09-08 07:54:07.779517
158	235	4	resolved	2025-09-08 07:40:37.709951	2025-09-08 07:54:07.779517	Имена колонок успешно преобразованы в snake_case. Конфликтующая колонка cnInvKey переименована в cn_inv_key_new.	2025-09-08 07:40:37.709951	2025-09-08 07:54:07.779517
159	236	4	resolved	2025-09-08 07:40:37.709951	2025-09-08 07:54:07.779517	Имена колонок успешно преобразованы в snake_case. Конфликтующая колонка cnInvKey переименована в cn_inv_key_new.	2025-09-08 07:40:37.709951	2025-09-08 07:54:07.779517
160	237	4	resolved	2025-09-08 07:40:37.709951	2025-09-08 07:54:07.779517	Имена колонок успешно преобразованы в snake_case. Конфликтующая колонка cnInvKey переименована в cn_inv_key_new.	2025-09-08 07:40:37.709951	2025-09-08 07:54:07.779517
161	238	4	resolved	2025-09-08 07:40:37.709951	2025-09-08 07:54:07.779517	Имена колонок успешно преобразованы в snake_case. Конфликтующая колонка cnInvKey переименована в cn_inv_key_new.	2025-09-08 07:40:37.709951	2025-09-08 07:54:07.779517
162	239	4	resolved	2025-09-08 07:40:37.709951	2025-09-08 07:54:07.779517	Имена колонок успешно преобразованы в snake_case. Конфликтующая колонка cnInvKey переименована в cn_inv_key_new.	2025-09-08 07:40:37.709951	2025-09-08 07:54:07.779517
163	240	4	resolved	2025-09-08 07:40:37.709951	2025-09-08 07:54:07.779517	Имена колонок успешно преобразованы в snake_case. Конфликтующая колонка cnInvKey переименована в cn_inv_key_new.	2025-09-08 07:40:37.709951	2025-09-08 07:54:07.779517
164	241	4	resolved	2025-09-08 07:40:37.709951	2025-09-08 07:54:07.779517	Имена колонок успешно преобразованы в snake_case. Конфликтующая колонка cnInvKey переименована в cn_inv_key_new.	2025-09-08 07:40:37.709951	2025-09-08 07:54:07.779517
165	242	4	resolved	2025-09-08 07:40:37.709951	2025-09-08 07:54:07.779517	Имена колонок успешно преобразованы в snake_case. Конфликтующая колонка cnInvKey переименована в cn_inv_key_new.	2025-09-08 07:40:37.709951	2025-09-08 07:54:07.779517
166	243	4	resolved	2025-09-08 07:40:37.709951	2025-09-08 07:54:07.779517	Имена колонок успешно преобразованы в snake_case. Конфликтующая колонка cnInvKey переименована в cn_inv_key_new.	2025-09-08 07:40:37.709951	2025-09-08 07:54:07.779517
167	244	4	resolved	2025-09-08 07:40:37.709951	2025-09-08 07:54:07.779517	Имена колонок успешно преобразованы в snake_case. Конфликтующая колонка cnInvKey переименована в cn_inv_key_new.	2025-09-08 07:40:37.709951	2025-09-08 07:54:07.779517
168	245	4	resolved	2025-09-08 07:40:37.709951	2025-09-08 07:54:07.779517	Имена колонок успешно преобразованы в snake_case. Конфликтующая колонка cnInvKey переименована в cn_inv_key_new.	2025-09-08 07:40:37.709951	2025-09-08 07:54:07.779517
169	246	4	resolved	2025-09-08 07:40:37.709951	2025-09-08 07:54:07.779517	Имена колонок успешно преобразованы в snake_case. Конфликтующая колонка cnInvKey переименована в cn_inv_key_new.	2025-09-08 07:40:37.709951	2025-09-08 07:54:07.779517
170	247	4	resolved	2025-09-08 07:40:37.709951	2025-09-08 07:54:07.779517	Имена колонок успешно преобразованы в snake_case. Конфликтующая колонка cnInvKey переименована в cn_inv_key_new.	2025-09-08 07:40:37.709951	2025-09-08 07:54:07.779517
171	251	4	resolved	2025-09-08 07:40:37.709951	2025-09-08 07:54:07.779517	Имена колонок успешно преобразованы в snake_case. Конфликтующая колонка cnInvKey переименована в cn_inv_key_new.	2025-09-08 07:40:37.709951	2025-09-08 07:54:07.779517
172	252	4	resolved	2025-09-08 07:40:37.709951	2025-09-08 07:54:07.779517	Имена колонок успешно преобразованы в snake_case. Конфликтующая колонка cnInvKey переименована в cn_inv_key_new.	2025-09-08 07:40:37.709951	2025-09-08 07:54:07.779517
173	253	4	resolved	2025-09-08 07:40:37.709951	2025-09-08 07:54:07.779517	Имена колонок успешно преобразованы в snake_case. Конфликтующая колонка cnInvKey переименована в cn_inv_key_new.	2025-09-08 07:40:37.709951	2025-09-08 07:54:07.779517
174	254	4	resolved	2025-09-08 07:40:37.709951	2025-09-08 07:54:07.779517	Имена колонок успешно преобразованы в snake_case. Конфликтующая колонка cnInvKey переименована в cn_inv_key_new.	2025-09-08 07:40:37.709951	2025-09-08 07:54:07.779517
175	255	4	resolved	2025-09-08 07:40:37.709951	2025-09-08 07:54:07.779517	Имена колонок успешно преобразованы в snake_case. Конфликтующая колонка cnInvKey переименована в cn_inv_key_new.	2025-09-08 07:40:37.709951	2025-09-08 07:54:07.779517
176	256	4	resolved	2025-09-08 07:40:37.709951	2025-09-08 07:54:07.779517	Имена колонок успешно преобразованы в snake_case. Конфликтующая колонка cnInvKey переименована в cn_inv_key_new.	2025-09-08 07:40:37.709951	2025-09-08 07:54:07.779517
177	257	4	resolved	2025-09-08 07:40:37.709951	2025-09-08 07:54:07.779517	Имена колонок успешно преобразованы в snake_case. Конфликтующая колонка cnInvKey переименована в cn_inv_key_new.	2025-09-08 07:40:37.709951	2025-09-08 07:54:07.779517
178	258	4	resolved	2025-09-08 07:40:37.709951	2025-09-08 07:54:07.779517	Имена колонок успешно преобразованы в snake_case. Конфликтующая колонка cnInvKey переименована в cn_inv_key_new.	2025-09-08 07:40:37.709951	2025-09-08 07:54:07.779517
179	259	4	resolved	2025-09-08 07:40:37.709951	2025-09-08 07:54:07.779517	Имена колонок успешно преобразованы в snake_case. Конфликтующая колонка cnInvKey переименована в cn_inv_key_new.	2025-09-08 07:40:37.709951	2025-09-08 07:54:07.779517
180	260	4	resolved	2025-09-08 07:40:37.709951	2025-09-08 07:54:07.779517	Имена колонок успешно преобразованы в snake_case. Конфликтующая колонка cnInvKey переименована в cn_inv_key_new.	2025-09-08 07:40:37.709951	2025-09-08 07:54:07.779517
181	261	4	resolved	2025-09-08 07:40:37.709951	2025-09-08 07:54:07.779517	Имена колонок успешно преобразованы в snake_case. Конфликтующая колонка cnInvKey переименована в cn_inv_key_new.	2025-09-08 07:40:37.709951	2025-09-08 07:54:07.779517
182	262	4	resolved	2025-09-08 07:40:37.709951	2025-09-08 07:54:07.779517	Имена колонок успешно преобразованы в snake_case. Конфликтующая колонка cnInvKey переименована в cn_inv_key_new.	2025-09-08 07:40:37.709951	2025-09-08 07:54:07.779517
183	263	4	resolved	2025-09-08 07:40:37.709951	2025-09-08 07:54:07.779517	Имена колонок успешно преобразованы в snake_case. Конфликтующая колонка cnInvKey переименована в cn_inv_key_new.	2025-09-08 07:40:37.709951	2025-09-08 07:54:07.779517
184	264	4	resolved	2025-09-08 07:40:37.709951	2025-09-08 07:54:07.779517	Имена колонок успешно преобразованы в snake_case. Конфликтующая колонка cnInvKey переименована в cn_inv_key_new.	2025-09-08 07:40:37.709951	2025-09-08 07:54:07.779517
185	265	4	resolved	2025-09-08 07:40:37.709951	2025-09-08 07:54:07.779517	Имена колонок успешно преобразованы в snake_case. Конфликтующая колонка cnInvKey переименована в cn_inv_key_new.	2025-09-08 07:40:37.709951	2025-09-08 07:54:07.779517
186	267	4	resolved	2025-09-08 07:40:37.709951	2025-09-08 07:54:07.779517	Имена колонок успешно преобразованы в snake_case. Конфликтующая колонка cnInvKey переименована в cn_inv_key_new.	2025-09-08 07:40:37.709951	2025-09-08 07:54:07.779517
187	270	4	resolved	2025-09-08 07:40:37.709951	2025-09-08 07:54:07.779517	Имена колонок успешно преобразованы в snake_case. Конфликтующая колонка cnInvKey переименована в cn_inv_key_new.	2025-09-08 07:40:37.709951	2025-09-08 07:54:07.779517
188	271	4	resolved	2025-09-08 07:40:37.709951	2025-09-08 07:54:07.779517	Имена колонок успешно преобразованы в snake_case. Конфликтующая колонка cnInvKey переименована в cn_inv_key_new.	2025-09-08 07:40:37.709951	2025-09-08 07:54:07.779517
189	272	4	resolved	2025-09-08 07:40:37.709951	2025-09-08 07:54:07.779517	Имена колонок успешно преобразованы в snake_case. Конфликтующая колонка cnInvKey переименована в cn_inv_key_new.	2025-09-08 07:40:37.709951	2025-09-08 07:54:07.779517
190	273	4	resolved	2025-09-08 07:40:37.709951	2025-09-08 07:54:07.779517	Имена колонок успешно преобразованы в snake_case. Конфликтующая колонка cnInvKey переименована в cn_inv_key_new.	2025-09-08 07:40:37.709951	2025-09-08 07:54:07.779517
191	281	4	resolved	2025-09-08 07:40:37.709951	2025-09-08 07:54:07.779517	Имена колонок успешно преобразованы в snake_case. Конфликтующая колонка cnInvKey переименована в cn_inv_key_new.	2025-09-08 07:40:37.709951	2025-09-08 07:54:07.779517
192	282	4	resolved	2025-09-08 07:40:37.709951	2025-09-08 07:54:07.779517	Имена колонок успешно преобразованы в snake_case. Конфликтующая колонка cnInvKey переименована в cn_inv_key_new.	2025-09-08 07:40:37.709951	2025-09-08 07:54:07.779517
193	290	4	resolved	2025-09-08 07:40:37.709951	2025-09-08 07:54:07.779517	Имена колонок успешно преобразованы в snake_case. Конфликтующая колонка cnInvKey переименована в cn_inv_key_new.	2025-09-08 07:40:37.709951	2025-09-08 07:54:07.779517
194	291	4	resolved	2025-09-08 07:40:37.709951	2025-09-08 07:54:07.779517	Имена колонок успешно преобразованы в snake_case. Конфликтующая колонка cnInvKey переименована в cn_inv_key_new.	2025-09-08 07:40:37.709951	2025-09-08 07:54:07.779517
195	299	4	resolved	2025-09-08 07:40:37.709951	2025-09-08 07:54:07.779517	Имена колонок успешно преобразованы в snake_case. Конфликтующая колонка cnInvKey переименована в cn_inv_key_new.	2025-09-08 07:40:37.709951	2025-09-08 07:54:07.779517
196	300	4	resolved	2025-09-08 07:40:37.709951	2025-09-08 07:54:07.779517	Имена колонок успешно преобразованы в snake_case. Конфликтующая колонка cnInvKey переименована в cn_inv_key_new.	2025-09-08 07:40:37.709951	2025-09-08 07:54:07.779517
197	305	4	resolved	2025-09-08 07:40:37.709951	2025-09-08 07:54:07.779517	Имена колонок успешно преобразованы в snake_case. Конфликтующая колонка cnInvKey переименована в cn_inv_key_new.	2025-09-08 07:40:37.709951	2025-09-08 07:54:07.779517
198	306	4	resolved	2025-09-08 07:40:37.709951	2025-09-08 07:54:07.779517	Имена колонок успешно преобразованы в snake_case. Конфликтующая колонка cnInvKey переименована в cn_inv_key_new.	2025-09-08 07:40:37.709951	2025-09-08 07:54:07.779517
199	307	4	resolved	2025-09-08 07:40:37.709951	2025-09-08 07:54:07.779517	Имена колонок успешно преобразованы в snake_case. Конфликтующая колонка cnInvKey переименована в cn_inv_key_new.	2025-09-08 07:40:37.709951	2025-09-08 07:54:07.779517
200	311	4	resolved	2025-09-08 07:40:37.709951	2025-09-08 07:54:07.779517	Имена колонок успешно преобразованы в snake_case. Конфликтующая колонка cnInvKey переименована в cn_inv_key_new.	2025-09-08 07:40:37.709951	2025-09-08 07:54:07.779517
201	314	4	resolved	2025-09-08 07:40:37.709951	2025-09-08 07:54:07.779517	Имена колонок успешно преобразованы в snake_case. Конфликтующая колонка cnInvKey переименована в cn_inv_key_new.	2025-09-08 07:40:37.709951	2025-09-08 07:54:07.779517
202	320	4	resolved	2025-09-08 07:40:37.709951	2025-09-08 07:54:07.779517	Имена колонок успешно преобразованы в snake_case. Конфликтующая колонка cnInvKey переименована в cn_inv_key_new.	2025-09-08 07:40:37.709951	2025-09-08 07:54:07.779517
203	321	4	resolved	2025-09-08 07:40:37.709951	2025-09-08 07:54:07.779517	Имена колонок успешно преобразованы в snake_case. Конфликтующая колонка cnInvKey переименована в cn_inv_key_new.	2025-09-08 07:40:37.709951	2025-09-08 07:54:07.779517
253	407	4	resolved	2025-09-08 07:40:37.709951	2025-09-08 07:54:07.779517	Имена колонок успешно преобразованы в snake_case. Конфликтующая колонка cnInvKey переименована в cn_inv_key_new.	2025-09-08 07:40:37.709951	2025-09-08 07:54:07.779517
204	336	4	resolved	2025-09-08 07:40:37.709951	2025-09-08 07:54:07.779517	Имена колонок успешно преобразованы в snake_case. Конфликтующая колонка cnInvKey переименована в cn_inv_key_new.	2025-09-08 07:40:37.709951	2025-09-08 07:54:07.779517
205	341	4	resolved	2025-09-08 07:40:37.709951	2025-09-08 07:54:07.779517	Имена колонок успешно преобразованы в snake_case. Конфликтующая колонка cnInvKey переименована в cn_inv_key_new.	2025-09-08 07:40:37.709951	2025-09-08 07:54:07.779517
206	346	4	resolved	2025-09-08 07:40:37.709951	2025-09-08 07:54:07.779517	Имена колонок успешно преобразованы в snake_case. Конфликтующая колонка cnInvKey переименована в cn_inv_key_new.	2025-09-08 07:40:37.709951	2025-09-08 07:54:07.779517
207	347	4	resolved	2025-09-08 07:40:37.709951	2025-09-08 07:54:07.779517	Имена колонок успешно преобразованы в snake_case. Конфликтующая колонка cnInvKey переименована в cn_inv_key_new.	2025-09-08 07:40:37.709951	2025-09-08 07:54:07.779517
208	348	4	resolved	2025-09-08 07:40:37.709951	2025-09-08 07:54:07.779517	Имена колонок успешно преобразованы в snake_case. Конфликтующая колонка cnInvKey переименована в cn_inv_key_new.	2025-09-08 07:40:37.709951	2025-09-08 07:54:07.779517
209	350	4	resolved	2025-09-08 07:40:37.709951	2025-09-08 07:54:07.779517	Имена колонок успешно преобразованы в snake_case. Конфликтующая колонка cnInvKey переименована в cn_inv_key_new.	2025-09-08 07:40:37.709951	2025-09-08 07:54:07.779517
210	351	4	resolved	2025-09-08 07:40:37.709951	2025-09-08 07:54:07.779517	Имена колонок успешно преобразованы в snake_case. Конфликтующая колонка cnInvKey переименована в cn_inv_key_new.	2025-09-08 07:40:37.709951	2025-09-08 07:54:07.779517
211	352	4	resolved	2025-09-08 07:40:37.709951	2025-09-08 07:54:07.779517	Имена колонок успешно преобразованы в snake_case. Конфликтующая колонка cnInvKey переименована в cn_inv_key_new.	2025-09-08 07:40:37.709951	2025-09-08 07:54:07.779517
212	353	4	resolved	2025-09-08 07:40:37.709951	2025-09-08 07:54:07.779517	Имена колонок успешно преобразованы в snake_case. Конфликтующая колонка cnInvKey переименована в cn_inv_key_new.	2025-09-08 07:40:37.709951	2025-09-08 07:54:07.779517
213	354	4	resolved	2025-09-08 07:40:37.709951	2025-09-08 07:54:07.779517	Имена колонок успешно преобразованы в snake_case. Конфликтующая колонка cnInvKey переименована в cn_inv_key_new.	2025-09-08 07:40:37.709951	2025-09-08 07:54:07.779517
214	355	4	resolved	2025-09-08 07:40:37.709951	2025-09-08 07:54:07.779517	Имена колонок успешно преобразованы в snake_case. Конфликтующая колонка cnInvKey переименована в cn_inv_key_new.	2025-09-08 07:40:37.709951	2025-09-08 07:54:07.779517
215	356	4	resolved	2025-09-08 07:40:37.709951	2025-09-08 07:54:07.779517	Имена колонок успешно преобразованы в snake_case. Конфликтующая колонка cnInvKey переименована в cn_inv_key_new.	2025-09-08 07:40:37.709951	2025-09-08 07:54:07.779517
216	357	4	resolved	2025-09-08 07:40:37.709951	2025-09-08 07:54:07.779517	Имена колонок успешно преобразованы в snake_case. Конфликтующая колонка cnInvKey переименована в cn_inv_key_new.	2025-09-08 07:40:37.709951	2025-09-08 07:54:07.779517
217	358	4	resolved	2025-09-08 07:40:37.709951	2025-09-08 07:54:07.779517	Имена колонок успешно преобразованы в snake_case. Конфликтующая колонка cnInvKey переименована в cn_inv_key_new.	2025-09-08 07:40:37.709951	2025-09-08 07:54:07.779517
218	359	4	resolved	2025-09-08 07:40:37.709951	2025-09-08 07:54:07.779517	Имена колонок успешно преобразованы в snake_case. Конфликтующая колонка cnInvKey переименована в cn_inv_key_new.	2025-09-08 07:40:37.709951	2025-09-08 07:54:07.779517
219	360	4	resolved	2025-09-08 07:40:37.709951	2025-09-08 07:54:07.779517	Имена колонок успешно преобразованы в snake_case. Конфликтующая колонка cnInvKey переименована в cn_inv_key_new.	2025-09-08 07:40:37.709951	2025-09-08 07:54:07.779517
220	361	4	resolved	2025-09-08 07:40:37.709951	2025-09-08 07:54:07.779517	Имена колонок успешно преобразованы в snake_case. Конфликтующая колонка cnInvKey переименована в cn_inv_key_new.	2025-09-08 07:40:37.709951	2025-09-08 07:54:07.779517
221	362	4	resolved	2025-09-08 07:40:37.709951	2025-09-08 07:54:07.779517	Имена колонок успешно преобразованы в snake_case. Конфликтующая колонка cnInvKey переименована в cn_inv_key_new.	2025-09-08 07:40:37.709951	2025-09-08 07:54:07.779517
222	363	4	resolved	2025-09-08 07:40:37.709951	2025-09-08 07:54:07.779517	Имена колонок успешно преобразованы в snake_case. Конфликтующая колонка cnInvKey переименована в cn_inv_key_new.	2025-09-08 07:40:37.709951	2025-09-08 07:54:07.779517
223	364	4	resolved	2025-09-08 07:40:37.709951	2025-09-08 07:54:07.779517	Имена колонок успешно преобразованы в snake_case. Конфликтующая колонка cnInvKey переименована в cn_inv_key_new.	2025-09-08 07:40:37.709951	2025-09-08 07:54:07.779517
224	365	4	resolved	2025-09-08 07:40:37.709951	2025-09-08 07:54:07.779517	Имена колонок успешно преобразованы в snake_case. Конфликтующая колонка cnInvKey переименована в cn_inv_key_new.	2025-09-08 07:40:37.709951	2025-09-08 07:54:07.779517
225	366	4	resolved	2025-09-08 07:40:37.709951	2025-09-08 07:54:07.779517	Имена колонок успешно преобразованы в snake_case. Конфликтующая колонка cnInvKey переименована в cn_inv_key_new.	2025-09-08 07:40:37.709951	2025-09-08 07:54:07.779517
226	367	4	resolved	2025-09-08 07:40:37.709951	2025-09-08 07:54:07.779517	Имена колонок успешно преобразованы в snake_case. Конфликтующая колонка cnInvKey переименована в cn_inv_key_new.	2025-09-08 07:40:37.709951	2025-09-08 07:54:07.779517
227	379	4	resolved	2025-09-08 07:40:37.709951	2025-09-08 07:54:07.779517	Имена колонок успешно преобразованы в snake_case. Конфликтующая колонка cnInvKey переименована в cn_inv_key_new.	2025-09-08 07:40:37.709951	2025-09-08 07:54:07.779517
228	380	4	resolved	2025-09-08 07:40:37.709951	2025-09-08 07:54:07.779517	Имена колонок успешно преобразованы в snake_case. Конфликтующая колонка cnInvKey переименована в cn_inv_key_new.	2025-09-08 07:40:37.709951	2025-09-08 07:54:07.779517
229	382	4	resolved	2025-09-08 07:40:37.709951	2025-09-08 07:54:07.779517	Имена колонок успешно преобразованы в snake_case. Конфликтующая колонка cnInvKey переименована в cn_inv_key_new.	2025-09-08 07:40:37.709951	2025-09-08 07:54:07.779517
230	384	4	resolved	2025-09-08 07:40:37.709951	2025-09-08 07:54:07.779517	Имена колонок успешно преобразованы в snake_case. Конфликтующая колонка cnInvKey переименована в cn_inv_key_new.	2025-09-08 07:40:37.709951	2025-09-08 07:54:07.779517
231	385	4	resolved	2025-09-08 07:40:37.709951	2025-09-08 07:54:07.779517	Имена колонок успешно преобразованы в snake_case. Конфликтующая колонка cnInvKey переименована в cn_inv_key_new.	2025-09-08 07:40:37.709951	2025-09-08 07:54:07.779517
232	386	4	resolved	2025-09-08 07:40:37.709951	2025-09-08 07:54:07.779517	Имена колонок успешно преобразованы в snake_case. Конфликтующая колонка cnInvKey переименована в cn_inv_key_new.	2025-09-08 07:40:37.709951	2025-09-08 07:54:07.779517
233	387	4	resolved	2025-09-08 07:40:37.709951	2025-09-08 07:54:07.779517	Имена колонок успешно преобразованы в snake_case. Конфликтующая колонка cnInvKey переименована в cn_inv_key_new.	2025-09-08 07:40:37.709951	2025-09-08 07:54:07.779517
234	388	4	resolved	2025-09-08 07:40:37.709951	2025-09-08 07:54:07.779517	Имена колонок успешно преобразованы в snake_case. Конфликтующая колонка cnInvKey переименована в cn_inv_key_new.	2025-09-08 07:40:37.709951	2025-09-08 07:54:07.779517
235	389	4	resolved	2025-09-08 07:40:37.709951	2025-09-08 07:54:07.779517	Имена колонок успешно преобразованы в snake_case. Конфликтующая колонка cnInvKey переименована в cn_inv_key_new.	2025-09-08 07:40:37.709951	2025-09-08 07:54:07.779517
236	390	4	resolved	2025-09-08 07:40:37.709951	2025-09-08 07:54:07.779517	Имена колонок успешно преобразованы в snake_case. Конфликтующая колонка cnInvKey переименована в cn_inv_key_new.	2025-09-08 07:40:37.709951	2025-09-08 07:54:07.779517
237	391	4	resolved	2025-09-08 07:40:37.709951	2025-09-08 07:54:07.779517	Имена колонок успешно преобразованы в snake_case. Конфликтующая колонка cnInvKey переименована в cn_inv_key_new.	2025-09-08 07:40:37.709951	2025-09-08 07:54:07.779517
238	392	4	resolved	2025-09-08 07:40:37.709951	2025-09-08 07:54:07.779517	Имена колонок успешно преобразованы в snake_case. Конфликтующая колонка cnInvKey переименована в cn_inv_key_new.	2025-09-08 07:40:37.709951	2025-09-08 07:54:07.779517
239	393	4	resolved	2025-09-08 07:40:37.709951	2025-09-08 07:54:07.779517	Имена колонок успешно преобразованы в snake_case. Конфликтующая колонка cnInvKey переименована в cn_inv_key_new.	2025-09-08 07:40:37.709951	2025-09-08 07:54:07.779517
240	394	4	resolved	2025-09-08 07:40:37.709951	2025-09-08 07:54:07.779517	Имена колонок успешно преобразованы в snake_case. Конфликтующая колонка cnInvKey переименована в cn_inv_key_new.	2025-09-08 07:40:37.709951	2025-09-08 07:54:07.779517
241	395	4	resolved	2025-09-08 07:40:37.709951	2025-09-08 07:54:07.779517	Имена колонок успешно преобразованы в snake_case. Конфликтующая колонка cnInvKey переименована в cn_inv_key_new.	2025-09-08 07:40:37.709951	2025-09-08 07:54:07.779517
242	396	4	resolved	2025-09-08 07:40:37.709951	2025-09-08 07:54:07.779517	Имена колонок успешно преобразованы в snake_case. Конфликтующая колонка cnInvKey переименована в cn_inv_key_new.	2025-09-08 07:40:37.709951	2025-09-08 07:54:07.779517
243	397	4	resolved	2025-09-08 07:40:37.709951	2025-09-08 07:54:07.779517	Имена колонок успешно преобразованы в snake_case. Конфликтующая колонка cnInvKey переименована в cn_inv_key_new.	2025-09-08 07:40:37.709951	2025-09-08 07:54:07.779517
244	398	4	resolved	2025-09-08 07:40:37.709951	2025-09-08 07:54:07.779517	Имена колонок успешно преобразованы в snake_case. Конфликтующая колонка cnInvKey переименована в cn_inv_key_new.	2025-09-08 07:40:37.709951	2025-09-08 07:54:07.779517
245	399	4	resolved	2025-09-08 07:40:37.709951	2025-09-08 07:54:07.779517	Имена колонок успешно преобразованы в snake_case. Конфликтующая колонка cnInvKey переименована в cn_inv_key_new.	2025-09-08 07:40:37.709951	2025-09-08 07:54:07.779517
246	400	4	resolved	2025-09-08 07:40:37.709951	2025-09-08 07:54:07.779517	Имена колонок успешно преобразованы в snake_case. Конфликтующая колонка cnInvKey переименована в cn_inv_key_new.	2025-09-08 07:40:37.709951	2025-09-08 07:54:07.779517
247	401	4	resolved	2025-09-08 07:40:37.709951	2025-09-08 07:54:07.779517	Имена колонок успешно преобразованы в snake_case. Конфликтующая колонка cnInvKey переименована в cn_inv_key_new.	2025-09-08 07:40:37.709951	2025-09-08 07:54:07.779517
248	402	4	resolved	2025-09-08 07:40:37.709951	2025-09-08 07:54:07.779517	Имена колонок успешно преобразованы в snake_case. Конфликтующая колонка cnInvKey переименована в cn_inv_key_new.	2025-09-08 07:40:37.709951	2025-09-08 07:54:07.779517
249	403	4	resolved	2025-09-08 07:40:37.709951	2025-09-08 07:54:07.779517	Имена колонок успешно преобразованы в snake_case. Конфликтующая колонка cnInvKey переименована в cn_inv_key_new.	2025-09-08 07:40:37.709951	2025-09-08 07:54:07.779517
250	404	4	resolved	2025-09-08 07:40:37.709951	2025-09-08 07:54:07.779517	Имена колонок успешно преобразованы в snake_case. Конфликтующая колонка cnInvKey переименована в cn_inv_key_new.	2025-09-08 07:40:37.709951	2025-09-08 07:54:07.779517
251	405	4	resolved	2025-09-08 07:40:37.709951	2025-09-08 07:54:07.779517	Имена колонок успешно преобразованы в snake_case. Конфликтующая колонка cnInvKey переименована в cn_inv_key_new.	2025-09-08 07:40:37.709951	2025-09-08 07:54:07.779517
252	406	4	resolved	2025-09-08 07:40:37.709951	2025-09-08 07:54:07.779517	Имена колонок успешно преобразованы в snake_case. Конфликтующая колонка cnInvKey переименована в cn_inv_key_new.	2025-09-08 07:40:37.709951	2025-09-08 07:54:07.779517
254	408	4	resolved	2025-09-08 07:40:37.709951	2025-09-08 07:54:07.779517	Имена колонок успешно преобразованы в snake_case. Конфликтующая колонка cnInvKey переименована в cn_inv_key_new.	2025-09-08 07:40:37.709951	2025-09-08 07:54:07.779517
255	409	4	resolved	2025-09-08 07:40:37.709951	2025-09-08 07:54:07.779517	Имена колонок успешно преобразованы в snake_case. Конфликтующая колонка cnInvKey переименована в cn_inv_key_new.	2025-09-08 07:40:37.709951	2025-09-08 07:54:07.779517
256	410	4	resolved	2025-09-08 07:40:37.709951	2025-09-08 07:54:07.779517	Имена колонок успешно преобразованы в snake_case. Конфликтующая колонка cnInvKey переименована в cn_inv_key_new.	2025-09-08 07:40:37.709951	2025-09-08 07:54:07.779517
257	411	4	resolved	2025-09-08 07:40:37.709951	2025-09-08 07:54:07.779517	Имена колонок успешно преобразованы в snake_case. Конфликтующая колонка cnInvKey переименована в cn_inv_key_new.	2025-09-08 07:40:37.709951	2025-09-08 07:54:07.779517
258	412	4	resolved	2025-09-08 07:40:37.709951	2025-09-08 07:54:07.779517	Имена колонок успешно преобразованы в snake_case. Конфликтующая колонка cnInvKey переименована в cn_inv_key_new.	2025-09-08 07:40:37.709951	2025-09-08 07:54:07.779517
259	413	4	resolved	2025-09-08 07:40:37.709951	2025-09-08 07:54:07.779517	Имена колонок успешно преобразованы в snake_case. Конфликтующая колонка cnInvKey переименована в cn_inv_key_new.	2025-09-08 07:40:37.709951	2025-09-08 07:54:07.779517
260	414	4	resolved	2025-09-08 07:40:37.709951	2025-09-08 07:54:07.779517	Имена колонок успешно преобразованы в snake_case. Конфликтующая колонка cnInvKey переименована в cn_inv_key_new.	2025-09-08 07:40:37.709951	2025-09-08 07:54:07.779517
261	415	4	resolved	2025-09-08 07:40:37.709951	2025-09-08 07:54:07.779517	Имена колонок успешно преобразованы в snake_case. Конфликтующая колонка cnInvKey переименована в cn_inv_key_new.	2025-09-08 07:40:37.709951	2025-09-08 07:54:07.779517
262	416	4	resolved	2025-09-08 07:40:37.709951	2025-09-08 07:54:07.779517	Имена колонок успешно преобразованы в snake_case. Конфликтующая колонка cnInvKey переименована в cn_inv_key_new.	2025-09-08 07:40:37.709951	2025-09-08 07:54:07.779517
263	417	4	resolved	2025-09-08 07:40:37.709951	2025-09-08 07:54:07.779517	Имена колонок успешно преобразованы в snake_case. Конфликтующая колонка cnInvKey переименована в cn_inv_key_new.	2025-09-08 07:40:37.709951	2025-09-08 07:54:07.779517
264	418	4	resolved	2025-09-08 07:40:37.709951	2025-09-08 07:54:07.779517	Имена колонок успешно преобразованы в snake_case. Конфликтующая колонка cnInvKey переименована в cn_inv_key_new.	2025-09-08 07:40:37.709951	2025-09-08 07:54:07.779517
265	419	4	resolved	2025-09-08 07:40:37.709951	2025-09-08 07:54:07.779517	Имена колонок успешно преобразованы в snake_case. Конфликтующая колонка cnInvKey переименована в cn_inv_key_new.	2025-09-08 07:40:37.709951	2025-09-08 07:54:07.779517
266	420	4	resolved	2025-09-08 07:40:37.709951	2025-09-08 07:54:07.779517	Имена колонок успешно преобразованы в snake_case. Конфликтующая колонка cnInvKey переименована в cn_inv_key_new.	2025-09-08 07:40:37.709951	2025-09-08 07:54:07.779517
267	421	4	resolved	2025-09-08 07:40:37.709951	2025-09-08 07:54:07.779517	Имена колонок успешно преобразованы в snake_case. Конфликтующая колонка cnInvKey переименована в cn_inv_key_new.	2025-09-08 07:40:37.709951	2025-09-08 07:54:07.779517
268	422	4	resolved	2025-09-08 07:40:37.709951	2025-09-08 07:54:07.779517	Имена колонок успешно преобразованы в snake_case. Конфликтующая колонка cnInvKey переименована в cn_inv_key_new.	2025-09-08 07:40:37.709951	2025-09-08 07:54:07.779517
269	423	4	resolved	2025-09-08 07:40:37.709951	2025-09-08 07:54:07.779517	Имена колонок успешно преобразованы в snake_case. Конфликтующая колонка cnInvKey переименована в cn_inv_key_new.	2025-09-08 07:40:37.709951	2025-09-08 07:54:07.779517
270	424	4	resolved	2025-09-08 07:40:37.709951	2025-09-08 07:54:07.779517	Имена колонок успешно преобразованы в snake_case. Конфликтующая колонка cnInvKey переименована в cn_inv_key_new.	2025-09-08 07:40:37.709951	2025-09-08 07:54:07.779517
271	425	4	resolved	2025-09-08 07:40:37.709951	2025-09-08 07:54:07.779517	Имена колонок успешно преобразованы в snake_case. Конфликтующая колонка cnInvKey переименована в cn_inv_key_new.	2025-09-08 07:40:37.709951	2025-09-08 07:54:07.779517
272	426	4	resolved	2025-09-08 07:40:37.709951	2025-09-08 07:54:07.779517	Имена колонок успешно преобразованы в snake_case. Конфликтующая колонка cnInvKey переименована в cn_inv_key_new.	2025-09-08 07:40:37.709951	2025-09-08 07:54:07.779517
273	427	4	resolved	2025-09-08 07:40:37.709951	2025-09-08 07:54:07.779517	Имена колонок успешно преобразованы в snake_case. Конфликтующая колонка cnInvKey переименована в cn_inv_key_new.	2025-09-08 07:40:37.709951	2025-09-08 07:54:07.779517
274	428	4	resolved	2025-09-08 07:40:37.709951	2025-09-08 07:54:07.779517	Имена колонок успешно преобразованы в snake_case. Конфликтующая колонка cnInvKey переименована в cn_inv_key_new.	2025-09-08 07:40:37.709951	2025-09-08 07:54:07.779517
275	429	4	resolved	2025-09-08 07:40:37.709951	2025-09-08 07:54:07.779517	Имена колонок успешно преобразованы в snake_case. Конфликтующая колонка cnInvKey переименована в cn_inv_key_new.	2025-09-08 07:40:37.709951	2025-09-08 07:54:07.779517
276	430	4	resolved	2025-09-08 07:40:37.709951	2025-09-08 07:54:07.779517	Имена колонок успешно преобразованы в snake_case. Конфликтующая колонка cnInvKey переименована в cn_inv_key_new.	2025-09-08 07:40:37.709951	2025-09-08 07:54:07.779517
277	431	4	resolved	2025-09-08 07:40:37.709951	2025-09-08 07:54:07.779517	Имена колонок успешно преобразованы в snake_case. Конфликтующая колонка cnInvKey переименована в cn_inv_key_new.	2025-09-08 07:40:37.709951	2025-09-08 07:54:07.779517
278	432	4	resolved	2025-09-08 07:40:37.709951	2025-09-08 07:54:07.779517	Имена колонок успешно преобразованы в snake_case. Конфликтующая колонка cnInvKey переименована в cn_inv_key_new.	2025-09-08 07:40:37.709951	2025-09-08 07:54:07.779517
279	433	4	resolved	2025-09-08 07:40:37.709951	2025-09-08 07:54:07.779517	Имена колонок успешно преобразованы в snake_case. Конфликтующая колонка cnInvKey переименована в cn_inv_key_new.	2025-09-08 07:40:37.709951	2025-09-08 07:54:07.779517
280	434	4	resolved	2025-09-08 07:40:37.709951	2025-09-08 07:54:07.779517	Имена колонок успешно преобразованы в snake_case. Конфликтующая колонка cnInvKey переименована в cn_inv_key_new.	2025-09-08 07:40:37.709951	2025-09-08 07:54:07.779517
281	435	4	resolved	2025-09-08 07:40:37.709951	2025-09-08 07:54:07.779517	Имена колонок успешно преобразованы в snake_case. Конфликтующая колонка cnInvKey переименована в cn_inv_key_new.	2025-09-08 07:40:37.709951	2025-09-08 07:54:07.779517
282	436	4	resolved	2025-09-08 07:40:37.709951	2025-09-08 07:54:07.779517	Имена колонок успешно преобразованы в snake_case. Конфликтующая колонка cnInvKey переименована в cn_inv_key_new.	2025-09-08 07:40:37.709951	2025-09-08 07:54:07.779517
283	437	4	resolved	2025-09-08 07:40:37.709951	2025-09-08 07:54:07.779517	Имена колонок успешно преобразованы в snake_case. Конфликтующая колонка cnInvKey переименована в cn_inv_key_new.	2025-09-08 07:40:37.709951	2025-09-08 07:54:07.779517
284	438	4	resolved	2025-09-08 07:40:37.709951	2025-09-08 07:54:07.779517	Имена колонок успешно преобразованы в snake_case. Конфликтующая колонка cnInvKey переименована в cn_inv_key_new.	2025-09-08 07:40:37.709951	2025-09-08 07:54:07.779517
285	439	4	resolved	2025-09-08 07:40:37.709951	2025-09-08 07:54:07.779517	Имена колонок успешно преобразованы в snake_case. Конфликтующая колонка cnInvKey переименована в cn_inv_key_new.	2025-09-08 07:40:37.709951	2025-09-08 07:54:07.779517
286	440	4	resolved	2025-09-08 07:40:37.709951	2025-09-08 07:54:07.779517	Имена колонок успешно преобразованы в snake_case. Конфликтующая колонка cnInvKey переименована в cn_inv_key_new.	2025-09-08 07:40:37.709951	2025-09-08 07:54:07.779517
287	441	4	resolved	2025-09-08 07:40:37.709951	2025-09-08 07:54:07.779517	Имена колонок успешно преобразованы в snake_case. Конфликтующая колонка cnInvKey переименована в cn_inv_key_new.	2025-09-08 07:40:37.709951	2025-09-08 07:54:07.779517
288	442	4	resolved	2025-09-08 07:40:37.709951	2025-09-08 07:54:07.779517	Имена колонок успешно преобразованы в snake_case. Конфликтующая колонка cnInvKey переименована в cn_inv_key_new.	2025-09-08 07:40:37.709951	2025-09-08 07:54:07.779517
289	443	4	resolved	2025-09-08 07:40:37.709951	2025-09-08 07:54:07.779517	Имена колонок успешно преобразованы в snake_case. Конфликтующая колонка cnInvKey переименована в cn_inv_key_new.	2025-09-08 07:40:37.709951	2025-09-08 07:54:07.779517
290	444	4	resolved	2025-09-08 07:40:37.709951	2025-09-08 07:54:07.779517	Имена колонок успешно преобразованы в snake_case. Конфликтующая колонка cnInvKey переименована в cn_inv_key_new.	2025-09-08 07:40:37.709951	2025-09-08 07:54:07.779517
291	445	4	resolved	2025-09-08 07:40:37.709951	2025-09-08 07:54:07.779517	Имена колонок успешно преобразованы в snake_case. Конфликтующая колонка cnInvKey переименована в cn_inv_key_new.	2025-09-08 07:40:37.709951	2025-09-08 07:54:07.779517
292	446	4	resolved	2025-09-08 07:40:37.709951	2025-09-08 07:54:07.779517	Имена колонок успешно преобразованы в snake_case. Конфликтующая колонка cnInvKey переименована в cn_inv_key_new.	2025-09-08 07:40:37.709951	2025-09-08 07:54:07.779517
293	447	4	resolved	2025-09-08 07:40:37.709951	2025-09-08 07:54:07.779517	Имена колонок успешно преобразованы в snake_case. Конфликтующая колонка cnInvKey переименована в cn_inv_key_new.	2025-09-08 07:40:37.709951	2025-09-08 07:54:07.779517
294	448	4	resolved	2025-09-08 07:40:37.709951	2025-09-08 07:54:07.779517	Имена колонок успешно преобразованы в snake_case. Конфликтующая колонка cnInvKey переименована в cn_inv_key_new.	2025-09-08 07:40:37.709951	2025-09-08 07:54:07.779517
295	449	4	resolved	2025-09-08 07:40:37.709951	2025-09-08 07:54:07.779517	Имена колонок успешно преобразованы в snake_case. Конфликтующая колонка cnInvKey переименована в cn_inv_key_new.	2025-09-08 07:40:37.709951	2025-09-08 07:54:07.779517
296	505	4	resolved	2025-09-08 07:40:37.709951	2025-09-08 07:54:07.779517	Имена колонок успешно преобразованы в snake_case. Конфликтующая колонка cnInvKey переименована в cn_inv_key_new.	2025-09-08 07:40:37.709951	2025-09-08 07:54:07.779517
297	559	4	resolved	2025-09-08 07:40:37.709951	2025-09-08 07:54:07.779517	Имена колонок успешно преобразованы в snake_case. Конфликтующая колонка cnInvKey переименована в cn_inv_key_new.	2025-09-08 07:40:37.709951	2025-09-08 07:54:07.779517
298	560	4	resolved	2025-09-08 07:40:37.709951	2025-09-08 07:54:07.779517	Имена колонок успешно преобразованы в snake_case. Конфликтующая колонка cnInvKey переименована в cn_inv_key_new.	2025-09-08 07:40:37.709951	2025-09-08 07:54:07.779517
299	504	4	resolved	2025-09-08 07:40:37.709951	2025-09-08 07:54:07.779517	Имена колонок успешно преобразованы в snake_case. Конфликтующая колонка cnInvKey переименована в cn_inv_key_new.	2025-09-08 07:40:37.709951	2025-09-08 07:54:07.779517
300	557	4	resolved	2025-09-08 07:40:37.709951	2025-09-08 07:54:07.779517	Имена колонок успешно преобразованы в snake_case. Конфликтующая колонка cnInvKey переименована в cn_inv_key_new.	2025-09-08 07:40:37.709951	2025-09-08 07:54:07.779517
301	558	4	resolved	2025-09-08 07:40:37.709951	2025-09-08 07:54:07.779517	Имена колонок успешно преобразованы в snake_case. Конфликтующая колонка cnInvKey переименована в cn_inv_key_new.	2025-09-08 07:40:37.709951	2025-09-08 07:54:07.779517
302	561	4	resolved	2025-09-08 07:40:37.709951	2025-09-08 07:54:07.779517	Имена колонок успешно преобразованы в snake_case. Конфликтующая колонка cnInvKey переименована в cn_inv_key_new.	2025-09-08 07:40:37.709951	2025-09-08 07:54:07.779517
303	450	4	resolved	2025-09-08 07:40:37.709951	2025-09-08 07:54:07.779517	Имена колонок успешно преобразованы в snake_case. Конфликтующая колонка cnInvKey переименована в cn_inv_key_new.	2025-09-08 07:40:37.709951	2025-09-08 07:54:07.779517
304	451	4	resolved	2025-09-08 07:40:37.709951	2025-09-08 07:54:07.779517	Имена колонок успешно преобразованы в snake_case. Конфликтующая колонка cnInvKey переименована в cn_inv_key_new.	2025-09-08 07:40:37.709951	2025-09-08 07:54:07.779517
305	452	4	resolved	2025-09-08 07:40:37.709951	2025-09-08 07:54:07.779517	Имена колонок успешно преобразованы в snake_case. Конфликтующая колонка cnInvKey переименована в cn_inv_key_new.	2025-09-08 07:40:37.709951	2025-09-08 07:54:07.779517
306	453	4	resolved	2025-09-08 07:40:37.709951	2025-09-08 07:54:07.779517	Имена колонок успешно преобразованы в snake_case. Конфликтующая колонка cnInvKey переименована в cn_inv_key_new.	2025-09-08 07:40:37.709951	2025-09-08 07:54:07.779517
307	454	4	resolved	2025-09-08 07:40:37.709951	2025-09-08 07:54:07.779517	Имена колонок успешно преобразованы в snake_case. Конфликтующая колонка cnInvKey переименована в cn_inv_key_new.	2025-09-08 07:40:37.709951	2025-09-08 07:54:07.779517
308	455	4	resolved	2025-09-08 07:40:37.709951	2025-09-08 07:54:07.779517	Имена колонок успешно преобразованы в snake_case. Конфликтующая колонка cnInvKey переименована в cn_inv_key_new.	2025-09-08 07:40:37.709951	2025-09-08 07:54:07.779517
309	456	4	resolved	2025-09-08 07:40:37.709951	2025-09-08 07:54:07.779517	Имена колонок успешно преобразованы в snake_case. Конфликтующая колонка cnInvKey переименована в cn_inv_key_new.	2025-09-08 07:40:37.709951	2025-09-08 07:54:07.779517
310	457	4	resolved	2025-09-08 07:40:37.709951	2025-09-08 07:54:07.779517	Имена колонок успешно преобразованы в snake_case. Конфликтующая колонка cnInvKey переименована в cn_inv_key_new.	2025-09-08 07:40:37.709951	2025-09-08 07:54:07.779517
311	458	4	resolved	2025-09-08 07:40:37.709951	2025-09-08 07:54:07.779517	Имена колонок успешно преобразованы в snake_case. Конфликтующая колонка cnInvKey переименована в cn_inv_key_new.	2025-09-08 07:40:37.709951	2025-09-08 07:54:07.779517
312	459	4	resolved	2025-09-08 07:40:37.709951	2025-09-08 07:54:07.779517	Имена колонок успешно преобразованы в snake_case. Конфликтующая колонка cnInvKey переименована в cn_inv_key_new.	2025-09-08 07:40:37.709951	2025-09-08 07:54:07.779517
313	460	4	resolved	2025-09-08 07:40:37.709951	2025-09-08 07:54:07.779517	Имена колонок успешно преобразованы в snake_case. Конфликтующая колонка cnInvKey переименована в cn_inv_key_new.	2025-09-08 07:40:37.709951	2025-09-08 07:54:07.779517
314	461	4	resolved	2025-09-08 07:40:37.709951	2025-09-08 07:54:07.779517	Имена колонок успешно преобразованы в snake_case. Конфликтующая колонка cnInvKey переименована в cn_inv_key_new.	2025-09-08 07:40:37.709951	2025-09-08 07:54:07.779517
315	462	4	resolved	2025-09-08 07:40:37.709951	2025-09-08 07:54:07.779517	Имена колонок успешно преобразованы в snake_case. Конфликтующая колонка cnInvKey переименована в cn_inv_key_new.	2025-09-08 07:40:37.709951	2025-09-08 07:54:07.779517
316	463	4	resolved	2025-09-08 07:40:37.709951	2025-09-08 07:54:07.779517	Имена колонок успешно преобразованы в snake_case. Конфликтующая колонка cnInvKey переименована в cn_inv_key_new.	2025-09-08 07:40:37.709951	2025-09-08 07:54:07.779517
317	464	4	resolved	2025-09-08 07:40:37.709951	2025-09-08 07:54:07.779517	Имена колонок успешно преобразованы в snake_case. Конфликтующая колонка cnInvKey переименована в cn_inv_key_new.	2025-09-08 07:40:37.709951	2025-09-08 07:54:07.779517
318	465	4	resolved	2025-09-08 07:40:37.709951	2025-09-08 07:54:07.779517	Имена колонок успешно преобразованы в snake_case. Конфликтующая колонка cnInvKey переименована в cn_inv_key_new.	2025-09-08 07:40:37.709951	2025-09-08 07:54:07.779517
319	466	4	resolved	2025-09-08 07:40:37.709951	2025-09-08 07:54:07.779517	Имена колонок успешно преобразованы в snake_case. Конфликтующая колонка cnInvKey переименована в cn_inv_key_new.	2025-09-08 07:40:37.709951	2025-09-08 07:54:07.779517
320	467	4	resolved	2025-09-08 07:40:37.709951	2025-09-08 07:54:07.779517	Имена колонок успешно преобразованы в snake_case. Конфликтующая колонка cnInvKey переименована в cn_inv_key_new.	2025-09-08 07:40:37.709951	2025-09-08 07:54:07.779517
321	468	4	resolved	2025-09-08 07:40:37.709951	2025-09-08 07:54:07.779517	Имена колонок успешно преобразованы в snake_case. Конфликтующая колонка cnInvKey переименована в cn_inv_key_new.	2025-09-08 07:40:37.709951	2025-09-08 07:54:07.779517
322	469	4	resolved	2025-09-08 07:40:37.709951	2025-09-08 07:54:07.779517	Имена колонок успешно преобразованы в snake_case. Конфликтующая колонка cnInvKey переименована в cn_inv_key_new.	2025-09-08 07:40:37.709951	2025-09-08 07:54:07.779517
323	470	4	resolved	2025-09-08 07:40:37.709951	2025-09-08 07:54:07.779517	Имена колонок успешно преобразованы в snake_case. Конфликтующая колонка cnInvKey переименована в cn_inv_key_new.	2025-09-08 07:40:37.709951	2025-09-08 07:54:07.779517
324	471	4	resolved	2025-09-08 07:40:37.709951	2025-09-08 07:54:07.779517	Имена колонок успешно преобразованы в snake_case. Конфликтующая колонка cnInvKey переименована в cn_inv_key_new.	2025-09-08 07:40:37.709951	2025-09-08 07:54:07.779517
325	472	4	resolved	2025-09-08 07:40:37.709951	2025-09-08 07:54:07.779517	Имена колонок успешно преобразованы в snake_case. Конфликтующая колонка cnInvKey переименована в cn_inv_key_new.	2025-09-08 07:40:37.709951	2025-09-08 07:54:07.779517
326	473	4	resolved	2025-09-08 07:40:37.709951	2025-09-08 07:54:07.779517	Имена колонок успешно преобразованы в snake_case. Конфликтующая колонка cnInvKey переименована в cn_inv_key_new.	2025-09-08 07:40:37.709951	2025-09-08 07:54:07.779517
327	474	4	resolved	2025-09-08 07:40:37.709951	2025-09-08 07:54:07.779517	Имена колонок успешно преобразованы в snake_case. Конфликтующая колонка cnInvKey переименована в cn_inv_key_new.	2025-09-08 07:40:37.709951	2025-09-08 07:54:07.779517
328	475	4	resolved	2025-09-08 07:40:37.709951	2025-09-08 07:54:07.779517	Имена колонок успешно преобразованы в snake_case. Конфликтующая колонка cnInvKey переименована в cn_inv_key_new.	2025-09-08 07:40:37.709951	2025-09-08 07:54:07.779517
329	476	4	resolved	2025-09-08 07:40:37.709951	2025-09-08 07:54:07.779517	Имена колонок успешно преобразованы в snake_case. Конфликтующая колонка cnInvKey переименована в cn_inv_key_new.	2025-09-08 07:40:37.709951	2025-09-08 07:54:07.779517
330	477	4	resolved	2025-09-08 07:40:37.709951	2025-09-08 07:54:07.779517	Имена колонок успешно преобразованы в snake_case. Конфликтующая колонка cnInvKey переименована в cn_inv_key_new.	2025-09-08 07:40:37.709951	2025-09-08 07:54:07.779517
331	478	4	resolved	2025-09-08 07:40:37.709951	2025-09-08 07:54:07.779517	Имена колонок успешно преобразованы в snake_case. Конфликтующая колонка cnInvKey переименована в cn_inv_key_new.	2025-09-08 07:40:37.709951	2025-09-08 07:54:07.779517
332	479	4	resolved	2025-09-08 07:40:37.709951	2025-09-08 07:54:07.779517	Имена колонок успешно преобразованы в snake_case. Конфликтующая колонка cnInvKey переименована в cn_inv_key_new.	2025-09-08 07:40:37.709951	2025-09-08 07:54:07.779517
333	480	4	resolved	2025-09-08 07:40:37.709951	2025-09-08 07:54:07.779517	Имена колонок успешно преобразованы в snake_case. Конфликтующая колонка cnInvKey переименована в cn_inv_key_new.	2025-09-08 07:40:37.709951	2025-09-08 07:54:07.779517
334	481	4	resolved	2025-09-08 07:40:37.709951	2025-09-08 07:54:07.779517	Имена колонок успешно преобразованы в snake_case. Конфликтующая колонка cnInvKey переименована в cn_inv_key_new.	2025-09-08 07:40:37.709951	2025-09-08 07:54:07.779517
335	482	4	resolved	2025-09-08 07:40:37.709951	2025-09-08 07:54:07.779517	Имена колонок успешно преобразованы в snake_case. Конфликтующая колонка cnInvKey переименована в cn_inv_key_new.	2025-09-08 07:40:37.709951	2025-09-08 07:54:07.779517
336	483	4	resolved	2025-09-08 07:40:37.709951	2025-09-08 07:54:07.779517	Имена колонок успешно преобразованы в snake_case. Конфликтующая колонка cnInvKey переименована в cn_inv_key_new.	2025-09-08 07:40:37.709951	2025-09-08 07:54:07.779517
337	484	4	resolved	2025-09-08 07:40:37.709951	2025-09-08 07:54:07.779517	Имена колонок успешно преобразованы в snake_case. Конфликтующая колонка cnInvKey переименована в cn_inv_key_new.	2025-09-08 07:40:37.709951	2025-09-08 07:54:07.779517
338	485	4	resolved	2025-09-08 07:40:37.709951	2025-09-08 07:54:07.779517	Имена колонок успешно преобразованы в snake_case. Конфликтующая колонка cnInvKey переименована в cn_inv_key_new.	2025-09-08 07:40:37.709951	2025-09-08 07:54:07.779517
339	486	4	resolved	2025-09-08 07:40:37.709951	2025-09-08 07:54:07.779517	Имена колонок успешно преобразованы в snake_case. Конфликтующая колонка cnInvKey переименована в cn_inv_key_new.	2025-09-08 07:40:37.709951	2025-09-08 07:54:07.779517
340	487	4	resolved	2025-09-08 07:40:37.709951	2025-09-08 07:54:07.779517	Имена колонок успешно преобразованы в snake_case. Конфликтующая колонка cnInvKey переименована в cn_inv_key_new.	2025-09-08 07:40:37.709951	2025-09-08 07:54:07.779517
341	488	4	resolved	2025-09-08 07:40:37.709951	2025-09-08 07:54:07.779517	Имена колонок успешно преобразованы в snake_case. Конфликтующая колонка cnInvKey переименована в cn_inv_key_new.	2025-09-08 07:40:37.709951	2025-09-08 07:54:07.779517
342	489	4	resolved	2025-09-08 07:40:37.709951	2025-09-08 07:54:07.779517	Имена колонок успешно преобразованы в snake_case. Конфликтующая колонка cnInvKey переименована в cn_inv_key_new.	2025-09-08 07:40:37.709951	2025-09-08 07:54:07.779517
343	490	4	resolved	2025-09-08 07:40:37.709951	2025-09-08 07:54:07.779517	Имена колонок успешно преобразованы в snake_case. Конфликтующая колонка cnInvKey переименована в cn_inv_key_new.	2025-09-08 07:40:37.709951	2025-09-08 07:54:07.779517
344	491	4	resolved	2025-09-08 07:40:37.709951	2025-09-08 07:54:07.779517	Имена колонок успешно преобразованы в snake_case. Конфликтующая колонка cnInvKey переименована в cn_inv_key_new.	2025-09-08 07:40:37.709951	2025-09-08 07:54:07.779517
345	492	4	resolved	2025-09-08 07:40:37.709951	2025-09-08 07:54:07.779517	Имена колонок успешно преобразованы в snake_case. Конфликтующая колонка cnInvKey переименована в cn_inv_key_new.	2025-09-08 07:40:37.709951	2025-09-08 07:54:07.779517
346	493	4	resolved	2025-09-08 07:40:37.709951	2025-09-08 07:54:07.779517	Имена колонок успешно преобразованы в snake_case. Конфликтующая колонка cnInvKey переименована в cn_inv_key_new.	2025-09-08 07:40:37.709951	2025-09-08 07:54:07.779517
347	494	4	resolved	2025-09-08 07:40:37.709951	2025-09-08 07:54:07.779517	Имена колонок успешно преобразованы в snake_case. Конфликтующая колонка cnInvKey переименована в cn_inv_key_new.	2025-09-08 07:40:37.709951	2025-09-08 07:54:07.779517
348	495	4	resolved	2025-09-08 07:40:37.709951	2025-09-08 07:54:07.779517	Имена колонок успешно преобразованы в snake_case. Конфликтующая колонка cnInvKey переименована в cn_inv_key_new.	2025-09-08 07:40:37.709951	2025-09-08 07:54:07.779517
349	496	4	resolved	2025-09-08 07:40:37.709951	2025-09-08 07:54:07.779517	Имена колонок успешно преобразованы в snake_case. Конфликтующая колонка cnInvKey переименована в cn_inv_key_new.	2025-09-08 07:40:37.709951	2025-09-08 07:54:07.779517
350	497	4	resolved	2025-09-08 07:40:37.709951	2025-09-08 07:54:07.779517	Имена колонок успешно преобразованы в snake_case. Конфликтующая колонка cnInvKey переименована в cn_inv_key_new.	2025-09-08 07:40:37.709951	2025-09-08 07:54:07.779517
351	498	4	resolved	2025-09-08 07:40:37.709951	2025-09-08 07:54:07.779517	Имена колонок успешно преобразованы в snake_case. Конфликтующая колонка cnInvKey переименована в cn_inv_key_new.	2025-09-08 07:40:37.709951	2025-09-08 07:54:07.779517
352	499	4	resolved	2025-09-08 07:40:37.709951	2025-09-08 07:54:07.779517	Имена колонок успешно преобразованы в snake_case. Конфликтующая колонка cnInvKey переименована в cn_inv_key_new.	2025-09-08 07:40:37.709951	2025-09-08 07:54:07.779517
353	500	4	resolved	2025-09-08 07:40:37.709951	2025-09-08 07:54:07.779517	Имена колонок успешно преобразованы в snake_case. Конфликтующая колонка cnInvKey переименована в cn_inv_key_new.	2025-09-08 07:40:37.709951	2025-09-08 07:54:07.779517
354	501	4	resolved	2025-09-08 07:40:37.709951	2025-09-08 07:54:07.779517	Имена колонок успешно преобразованы в snake_case. Конфликтующая колонка cnInvKey переименована в cn_inv_key_new.	2025-09-08 07:40:37.709951	2025-09-08 07:54:07.779517
355	502	4	resolved	2025-09-08 07:40:37.709951	2025-09-08 07:54:07.779517	Имена колонок успешно преобразованы в snake_case. Конфликтующая колонка cnInvKey переименована в cn_inv_key_new.	2025-09-08 07:40:37.709951	2025-09-08 07:54:07.779517
356	503	4	resolved	2025-09-08 07:40:37.709951	2025-09-08 07:54:07.779517	Имена колонок успешно преобразованы в snake_case. Конфликтующая колонка cnInvKey переименована в cn_inv_key_new.	2025-09-08 07:40:37.709951	2025-09-08 07:54:07.779517
357	506	4	resolved	2025-09-08 07:40:37.709951	2025-09-08 07:54:07.779517	Имена колонок успешно преобразованы в snake_case. Конфликтующая колонка cnInvKey переименована в cn_inv_key_new.	2025-09-08 07:40:37.709951	2025-09-08 07:54:07.779517
358	507	4	resolved	2025-09-08 07:40:37.709951	2025-09-08 07:54:07.779517	Имена колонок успешно преобразованы в snake_case. Конфликтующая колонка cnInvKey переименована в cn_inv_key_new.	2025-09-08 07:40:37.709951	2025-09-08 07:54:07.779517
359	508	4	resolved	2025-09-08 07:40:37.709951	2025-09-08 07:54:07.779517	Имена колонок успешно преобразованы в snake_case. Конфликтующая колонка cnInvKey переименована в cn_inv_key_new.	2025-09-08 07:40:37.709951	2025-09-08 07:54:07.779517
360	509	4	resolved	2025-09-08 07:40:37.709951	2025-09-08 07:54:07.779517	Имена колонок успешно преобразованы в snake_case. Конфликтующая колонка cnInvKey переименована в cn_inv_key_new.	2025-09-08 07:40:37.709951	2025-09-08 07:54:07.779517
361	510	4	resolved	2025-09-08 07:40:37.709951	2025-09-08 07:54:07.779517	Имена колонок успешно преобразованы в snake_case. Конфликтующая колонка cnInvKey переименована в cn_inv_key_new.	2025-09-08 07:40:37.709951	2025-09-08 07:54:07.779517
362	511	4	resolved	2025-09-08 07:40:37.709951	2025-09-08 07:54:07.779517	Имена колонок успешно преобразованы в snake_case. Конфликтующая колонка cnInvKey переименована в cn_inv_key_new.	2025-09-08 07:40:37.709951	2025-09-08 07:54:07.779517
363	512	4	resolved	2025-09-08 07:40:37.709951	2025-09-08 07:54:07.779517	Имена колонок успешно преобразованы в snake_case. Конфликтующая колонка cnInvKey переименована в cn_inv_key_new.	2025-09-08 07:40:37.709951	2025-09-08 07:54:07.779517
364	513	4	resolved	2025-09-08 07:40:37.709951	2025-09-08 07:54:07.779517	Имена колонок успешно преобразованы в snake_case. Конфликтующая колонка cnInvKey переименована в cn_inv_key_new.	2025-09-08 07:40:37.709951	2025-09-08 07:54:07.779517
365	514	4	resolved	2025-09-08 07:40:37.709951	2025-09-08 07:54:07.779517	Имена колонок успешно преобразованы в snake_case. Конфликтующая колонка cnInvKey переименована в cn_inv_key_new.	2025-09-08 07:40:37.709951	2025-09-08 07:54:07.779517
366	515	4	resolved	2025-09-08 07:40:37.709951	2025-09-08 07:54:07.779517	Имена колонок успешно преобразованы в snake_case. Конфликтующая колонка cnInvKey переименована в cn_inv_key_new.	2025-09-08 07:40:37.709951	2025-09-08 07:54:07.779517
367	516	4	resolved	2025-09-08 07:40:37.709951	2025-09-08 07:54:07.779517	Имена колонок успешно преобразованы в snake_case. Конфликтующая колонка cnInvKey переименована в cn_inv_key_new.	2025-09-08 07:40:37.709951	2025-09-08 07:54:07.779517
368	517	4	resolved	2025-09-08 07:40:37.709951	2025-09-08 07:54:07.779517	Имена колонок успешно преобразованы в snake_case. Конфликтующая колонка cnInvKey переименована в cn_inv_key_new.	2025-09-08 07:40:37.709951	2025-09-08 07:54:07.779517
369	518	4	resolved	2025-09-08 07:40:37.709951	2025-09-08 07:54:07.779517	Имена колонок успешно преобразованы в snake_case. Конфликтующая колонка cnInvKey переименована в cn_inv_key_new.	2025-09-08 07:40:37.709951	2025-09-08 07:54:07.779517
370	519	4	resolved	2025-09-08 07:40:37.709951	2025-09-08 07:54:07.779517	Имена колонок успешно преобразованы в snake_case. Конфликтующая колонка cnInvKey переименована в cn_inv_key_new.	2025-09-08 07:40:37.709951	2025-09-08 07:54:07.779517
371	520	4	resolved	2025-09-08 07:40:37.709951	2025-09-08 07:54:07.779517	Имена колонок успешно преобразованы в snake_case. Конфликтующая колонка cnInvKey переименована в cn_inv_key_new.	2025-09-08 07:40:37.709951	2025-09-08 07:54:07.779517
372	521	4	resolved	2025-09-08 07:40:37.709951	2025-09-08 07:54:07.779517	Имена колонок успешно преобразованы в snake_case. Конфликтующая колонка cnInvKey переименована в cn_inv_key_new.	2025-09-08 07:40:37.709951	2025-09-08 07:54:07.779517
373	522	4	resolved	2025-09-08 07:40:37.709951	2025-09-08 07:54:07.779517	Имена колонок успешно преобразованы в snake_case. Конфликтующая колонка cnInvKey переименована в cn_inv_key_new.	2025-09-08 07:40:37.709951	2025-09-08 07:54:07.779517
374	523	4	resolved	2025-09-08 07:40:37.709951	2025-09-08 07:54:07.779517	Имена колонок успешно преобразованы в snake_case. Конфликтующая колонка cnInvKey переименована в cn_inv_key_new.	2025-09-08 07:40:37.709951	2025-09-08 07:54:07.779517
375	524	4	resolved	2025-09-08 07:40:37.709951	2025-09-08 07:54:07.779517	Имена колонок успешно преобразованы в snake_case. Конфликтующая колонка cnInvKey переименована в cn_inv_key_new.	2025-09-08 07:40:37.709951	2025-09-08 07:54:07.779517
376	525	4	resolved	2025-09-08 07:40:37.709951	2025-09-08 07:54:07.779517	Имена колонок успешно преобразованы в snake_case. Конфликтующая колонка cnInvKey переименована в cn_inv_key_new.	2025-09-08 07:40:37.709951	2025-09-08 07:54:07.779517
377	526	4	resolved	2025-09-08 07:40:37.709951	2025-09-08 07:54:07.779517	Имена колонок успешно преобразованы в snake_case. Конфликтующая колонка cnInvKey переименована в cn_inv_key_new.	2025-09-08 07:40:37.709951	2025-09-08 07:54:07.779517
378	527	4	resolved	2025-09-08 07:40:37.709951	2025-09-08 07:54:07.779517	Имена колонок успешно преобразованы в snake_case. Конфликтующая колонка cnInvKey переименована в cn_inv_key_new.	2025-09-08 07:40:37.709951	2025-09-08 07:54:07.779517
379	528	4	resolved	2025-09-08 07:40:37.709951	2025-09-08 07:54:07.779517	Имена колонок успешно преобразованы в snake_case. Конфликтующая колонка cnInvKey переименована в cn_inv_key_new.	2025-09-08 07:40:37.709951	2025-09-08 07:54:07.779517
380	529	4	resolved	2025-09-08 07:40:37.709951	2025-09-08 07:54:07.779517	Имена колонок успешно преобразованы в snake_case. Конфликтующая колонка cnInvKey переименована в cn_inv_key_new.	2025-09-08 07:40:37.709951	2025-09-08 07:54:07.779517
381	530	4	resolved	2025-09-08 07:40:37.709951	2025-09-08 07:54:07.779517	Имена колонок успешно преобразованы в snake_case. Конфликтующая колонка cnInvKey переименована в cn_inv_key_new.	2025-09-08 07:40:37.709951	2025-09-08 07:54:07.779517
382	531	4	resolved	2025-09-08 07:40:37.709951	2025-09-08 07:54:07.779517	Имена колонок успешно преобразованы в snake_case. Конфликтующая колонка cnInvKey переименована в cn_inv_key_new.	2025-09-08 07:40:37.709951	2025-09-08 07:54:07.779517
383	532	4	resolved	2025-09-08 07:40:37.709951	2025-09-08 07:54:07.779517	Имена колонок успешно преобразованы в snake_case. Конфликтующая колонка cnInvKey переименована в cn_inv_key_new.	2025-09-08 07:40:37.709951	2025-09-08 07:54:07.779517
384	533	4	resolved	2025-09-08 07:40:37.709951	2025-09-08 07:54:07.779517	Имена колонок успешно преобразованы в snake_case. Конфликтующая колонка cnInvKey переименована в cn_inv_key_new.	2025-09-08 07:40:37.709951	2025-09-08 07:54:07.779517
385	534	4	resolved	2025-09-08 07:40:37.709951	2025-09-08 07:54:07.779517	Имена колонок успешно преобразованы в snake_case. Конфликтующая колонка cnInvKey переименована в cn_inv_key_new.	2025-09-08 07:40:37.709951	2025-09-08 07:54:07.779517
386	535	4	resolved	2025-09-08 07:40:37.709951	2025-09-08 07:54:07.779517	Имена колонок успешно преобразованы в snake_case. Конфликтующая колонка cnInvKey переименована в cn_inv_key_new.	2025-09-08 07:40:37.709951	2025-09-08 07:54:07.779517
387	536	4	resolved	2025-09-08 07:40:37.709951	2025-09-08 07:54:07.779517	Имена колонок успешно преобразованы в snake_case. Конфликтующая колонка cnInvKey переименована в cn_inv_key_new.	2025-09-08 07:40:37.709951	2025-09-08 07:54:07.779517
388	537	4	resolved	2025-09-08 07:40:37.709951	2025-09-08 07:54:07.779517	Имена колонок успешно преобразованы в snake_case. Конфликтующая колонка cnInvKey переименована в cn_inv_key_new.	2025-09-08 07:40:37.709951	2025-09-08 07:54:07.779517
389	538	4	resolved	2025-09-08 07:40:37.709951	2025-09-08 07:54:07.779517	Имена колонок успешно преобразованы в snake_case. Конфликтующая колонка cnInvKey переименована в cn_inv_key_new.	2025-09-08 07:40:37.709951	2025-09-08 07:54:07.779517
390	539	4	resolved	2025-09-08 07:40:37.709951	2025-09-08 07:54:07.779517	Имена колонок успешно преобразованы в snake_case. Конфликтующая колонка cnInvKey переименована в cn_inv_key_new.	2025-09-08 07:40:37.709951	2025-09-08 07:54:07.779517
391	540	4	resolved	2025-09-08 07:40:37.709951	2025-09-08 07:54:07.779517	Имена колонок успешно преобразованы в snake_case. Конфликтующая колонка cnInvKey переименована в cn_inv_key_new.	2025-09-08 07:40:37.709951	2025-09-08 07:54:07.779517
392	541	4	resolved	2025-09-08 07:40:37.709951	2025-09-08 07:54:07.779517	Имена колонок успешно преобразованы в snake_case. Конфликтующая колонка cnInvKey переименована в cn_inv_key_new.	2025-09-08 07:40:37.709951	2025-09-08 07:54:07.779517
393	542	4	resolved	2025-09-08 07:40:37.709951	2025-09-08 07:54:07.779517	Имена колонок успешно преобразованы в snake_case. Конфликтующая колонка cnInvKey переименована в cn_inv_key_new.	2025-09-08 07:40:37.709951	2025-09-08 07:54:07.779517
394	543	4	resolved	2025-09-08 07:40:37.709951	2025-09-08 07:54:07.779517	Имена колонок успешно преобразованы в snake_case. Конфликтующая колонка cnInvKey переименована в cn_inv_key_new.	2025-09-08 07:40:37.709951	2025-09-08 07:54:07.779517
395	544	4	resolved	2025-09-08 07:40:37.709951	2025-09-08 07:54:07.779517	Имена колонок успешно преобразованы в snake_case. Конфликтующая колонка cnInvKey переименована в cn_inv_key_new.	2025-09-08 07:40:37.709951	2025-09-08 07:54:07.779517
396	545	4	resolved	2025-09-08 07:40:37.709951	2025-09-08 07:54:07.779517	Имена колонок успешно преобразованы в snake_case. Конфликтующая колонка cnInvKey переименована в cn_inv_key_new.	2025-09-08 07:40:37.709951	2025-09-08 07:54:07.779517
397	546	4	resolved	2025-09-08 07:40:37.709951	2025-09-08 07:54:07.779517	Имена колонок успешно преобразованы в snake_case. Конфликтующая колонка cnInvKey переименована в cn_inv_key_new.	2025-09-08 07:40:37.709951	2025-09-08 07:54:07.779517
398	547	4	resolved	2025-09-08 07:40:37.709951	2025-09-08 07:54:07.779517	Имена колонок успешно преобразованы в snake_case. Конфликтующая колонка cnInvKey переименована в cn_inv_key_new.	2025-09-08 07:40:37.709951	2025-09-08 07:54:07.779517
399	548	4	resolved	2025-09-08 07:40:37.709951	2025-09-08 07:54:07.779517	Имена колонок успешно преобразованы в snake_case. Конфликтующая колонка cnInvKey переименована в cn_inv_key_new.	2025-09-08 07:40:37.709951	2025-09-08 07:54:07.779517
400	549	4	resolved	2025-09-08 07:40:37.709951	2025-09-08 07:54:07.779517	Имена колонок успешно преобразованы в snake_case. Конфликтующая колонка cnInvKey переименована в cn_inv_key_new.	2025-09-08 07:40:37.709951	2025-09-08 07:54:07.779517
401	550	4	resolved	2025-09-08 07:40:37.709951	2025-09-08 07:54:07.779517	Имена колонок успешно преобразованы в snake_case. Конфликтующая колонка cnInvKey переименована в cn_inv_key_new.	2025-09-08 07:40:37.709951	2025-09-08 07:54:07.779517
402	551	4	resolved	2025-09-08 07:40:37.709951	2025-09-08 07:54:07.779517	Имена колонок успешно преобразованы в snake_case. Конфликтующая колонка cnInvKey переименована в cn_inv_key_new.	2025-09-08 07:40:37.709951	2025-09-08 07:54:07.779517
403	552	4	resolved	2025-09-08 07:40:37.709951	2025-09-08 07:54:07.779517	Имена колонок успешно преобразованы в snake_case. Конфликтующая колонка cnInvKey переименована в cn_inv_key_new.	2025-09-08 07:40:37.709951	2025-09-08 07:54:07.779517
404	553	4	resolved	2025-09-08 07:40:37.709951	2025-09-08 07:54:07.779517	Имена колонок успешно преобразованы в snake_case. Конфликтующая колонка cnInvKey переименована в cn_inv_key_new.	2025-09-08 07:40:37.709951	2025-09-08 07:54:07.779517
405	554	4	resolved	2025-09-08 07:40:37.709951	2025-09-08 07:54:07.779517	Имена колонок успешно преобразованы в snake_case. Конфликтующая колонка cnInvKey переименована в cn_inv_key_new.	2025-09-08 07:40:37.709951	2025-09-08 07:54:07.779517
406	555	4	resolved	2025-09-08 07:40:37.709951	2025-09-08 07:54:07.779517	Имена колонок успешно преобразованы в snake_case. Конфликтующая колонка cnInvKey переименована в cn_inv_key_new.	2025-09-08 07:40:37.709951	2025-09-08 07:54:07.779517
407	556	4	resolved	2025-09-08 07:40:37.709951	2025-09-08 07:54:07.779517	Имена колонок успешно преобразованы в snake_case. Конфликтующая колонка cnInvKey переименована в cn_inv_key_new.	2025-09-08 07:40:37.709951	2025-09-08 07:54:07.779517
408	562	4	resolved	2025-09-08 07:40:37.709951	2025-09-08 07:54:07.779517	Имена колонок успешно преобразованы в snake_case. Конфликтующая колонка cnInvKey переименована в cn_inv_key_new.	2025-09-08 07:40:37.709951	2025-09-08 07:54:07.779517
409	563	4	resolved	2025-09-08 07:40:37.709951	2025-09-08 07:54:07.779517	Имена колонок успешно преобразованы в snake_case. Конфликтующая колонка cnInvKey переименована в cn_inv_key_new.	2025-09-08 07:40:37.709951	2025-09-08 07:54:07.779517
410	564	4	resolved	2025-09-08 07:40:37.709951	2025-09-08 07:54:07.779517	Имена колонок успешно преобразованы в snake_case. Конфликтующая колонка cnInvKey переименована в cn_inv_key_new.	2025-09-08 07:40:37.709951	2025-09-08 07:54:07.779517
411	565	4	resolved	2025-09-08 07:40:37.709951	2025-09-08 07:54:07.779517	Имена колонок успешно преобразованы в snake_case. Конфликтующая колонка cnInvKey переименована в cn_inv_key_new.	2025-09-08 07:40:37.709951	2025-09-08 07:54:07.779517
412	566	4	resolved	2025-09-08 07:40:37.709951	2025-09-08 07:54:07.779517	Имена колонок успешно преобразованы в snake_case. Конфликтующая колонка cnInvKey переименована в cn_inv_key_new.	2025-09-08 07:40:37.709951	2025-09-08 07:54:07.779517
413	567	4	resolved	2025-09-08 07:40:37.709951	2025-09-08 07:54:07.779517	Имена колонок успешно преобразованы в snake_case. Конфликтующая колонка cnInvKey переименована в cn_inv_key_new.	2025-09-08 07:40:37.709951	2025-09-08 07:54:07.779517
414	568	4	resolved	2025-09-08 07:40:37.709951	2025-09-08 07:54:07.779517	Имена колонок успешно преобразованы в snake_case. Конфликтующая колонка cnInvKey переименована в cn_inv_key_new.	2025-09-08 07:40:37.709951	2025-09-08 07:54:07.779517
415	569	4	resolved	2025-09-08 07:40:37.709951	2025-09-08 07:54:07.779517	Имена колонок успешно преобразованы в snake_case. Конфликтующая колонка cnInvKey переименована в cn_inv_key_new.	2025-09-08 07:40:37.709951	2025-09-08 07:54:07.779517
416	570	4	resolved	2025-09-08 07:40:37.709951	2025-09-08 07:54:07.779517	Имена колонок успешно преобразованы в snake_case. Конфликтующая колонка cnInvKey переименована в cn_inv_key_new.	2025-09-08 07:40:37.709951	2025-09-08 07:54:07.779517
417	571	4	resolved	2025-09-08 07:40:37.709951	2025-09-08 07:54:07.779517	Имена колонок успешно преобразованы в snake_case. Конфликтующая колонка cnInvKey переименована в cn_inv_key_new.	2025-09-08 07:40:37.709951	2025-09-08 07:54:07.779517
418	572	4	resolved	2025-09-08 07:40:37.709951	2025-09-08 07:54:07.779517	Имена колонок успешно преобразованы в snake_case. Конфликтующая колонка cnInvKey переименована в cn_inv_key_new.	2025-09-08 07:40:37.709951	2025-09-08 07:54:07.779517
419	573	4	resolved	2025-09-08 07:40:37.709951	2025-09-08 07:54:07.779517	Имена колонок успешно преобразованы в snake_case. Конфликтующая колонка cnInvKey переименована в cn_inv_key_new.	2025-09-08 07:40:37.709951	2025-09-08 07:54:07.779517
420	574	4	resolved	2025-09-08 07:40:37.709951	2025-09-08 07:54:07.779517	Имена колонок успешно преобразованы в snake_case. Конфликтующая колонка cnInvKey переименована в cn_inv_key_new.	2025-09-08 07:40:37.709951	2025-09-08 07:54:07.779517
421	575	4	resolved	2025-09-08 07:40:37.709951	2025-09-08 07:54:07.779517	Имена колонок успешно преобразованы в snake_case. Конфликтующая колонка cnInvKey переименована в cn_inv_key_new.	2025-09-08 07:40:37.709951	2025-09-08 07:54:07.779517
422	576	4	resolved	2025-09-08 07:40:37.709951	2025-09-08 07:54:07.779517	Имена колонок успешно преобразованы в snake_case. Конфликтующая колонка cnInvKey переименована в cn_inv_key_new.	2025-09-08 07:40:37.709951	2025-09-08 07:54:07.779517
423	577	4	resolved	2025-09-08 07:40:37.709951	2025-09-08 07:54:07.779517	Имена колонок успешно преобразованы в snake_case. Конфликтующая колонка cnInvKey переименована в cn_inv_key_new.	2025-09-08 07:40:37.709951	2025-09-08 07:54:07.779517
424	578	4	resolved	2025-09-08 07:40:37.709951	2025-09-08 07:54:07.779517	Имена колонок успешно преобразованы в snake_case. Конфликтующая колонка cnInvKey переименована в cn_inv_key_new.	2025-09-08 07:40:37.709951	2025-09-08 07:54:07.779517
425	579	4	resolved	2025-09-08 07:40:37.709951	2025-09-08 07:54:07.779517	Имена колонок успешно преобразованы в snake_case. Конфликтующая колонка cnInvKey переименована в cn_inv_key_new.	2025-09-08 07:40:37.709951	2025-09-08 07:54:07.779517
426	580	4	resolved	2025-09-08 07:40:37.709951	2025-09-08 07:54:07.779517	Имена колонок успешно преобразованы в snake_case. Конфликтующая колонка cnInvKey переименована в cn_inv_key_new.	2025-09-08 07:40:37.709951	2025-09-08 07:54:07.779517
427	581	4	resolved	2025-09-08 07:40:37.709951	2025-09-08 07:54:07.779517	Имена колонок успешно преобразованы в snake_case. Конфликтующая колонка cnInvKey переименована в cn_inv_key_new.	2025-09-08 07:40:37.709951	2025-09-08 07:54:07.779517
428	582	4	resolved	2025-09-08 07:40:37.709951	2025-09-08 07:54:07.779517	Имена колонок успешно преобразованы в snake_case. Конфликтующая колонка cnInvKey переименована в cn_inv_key_new.	2025-09-08 07:40:37.709951	2025-09-08 07:54:07.779517
429	583	4	resolved	2025-09-08 07:40:37.709951	2025-09-08 07:54:07.779517	Имена колонок успешно преобразованы в snake_case. Конфликтующая колонка cnInvKey переименована в cn_inv_key_new.	2025-09-08 07:40:37.709951	2025-09-08 07:54:07.779517
430	584	4	resolved	2025-09-08 07:40:37.709951	2025-09-08 07:54:07.779517	Имена колонок успешно преобразованы в snake_case. Конфликтующая колонка cnInvKey переименована в cn_inv_key_new.	2025-09-08 07:40:37.709951	2025-09-08 07:54:07.779517
431	585	4	resolved	2025-09-08 07:40:37.709951	2025-09-08 07:54:07.779517	Имена колонок успешно преобразованы в snake_case. Конфликтующая колонка cnInvKey переименована в cn_inv_key_new.	2025-09-08 07:40:37.709951	2025-09-08 07:54:07.779517
432	586	4	resolved	2025-09-08 07:40:37.709951	2025-09-08 07:54:07.779517	Имена колонок успешно преобразованы в snake_case. Конфликтующая колонка cnInvKey переименована в cn_inv_key_new.	2025-09-08 07:40:37.709951	2025-09-08 07:54:07.779517
433	587	4	resolved	2025-09-08 07:40:37.709951	2025-09-08 07:54:07.779517	Имена колонок успешно преобразованы в snake_case. Конфликтующая колонка cnInvKey переименована в cn_inv_key_new.	2025-09-08 07:40:37.709951	2025-09-08 07:54:07.779517
434	588	4	resolved	2025-09-08 07:40:37.709951	2025-09-08 07:54:07.779517	Имена колонок успешно преобразованы в snake_case. Конфликтующая колонка cnInvKey переименована в cn_inv_key_new.	2025-09-08 07:40:37.709951	2025-09-08 07:54:07.779517
435	589	4	resolved	2025-09-08 07:40:37.709951	2025-09-08 07:54:07.779517	Имена колонок успешно преобразованы в snake_case. Конфликтующая колонка cnInvKey переименована в cn_inv_key_new.	2025-09-08 07:40:37.709951	2025-09-08 07:54:07.779517
436	590	4	resolved	2025-09-08 07:40:37.709951	2025-09-08 07:54:07.779517	Имена колонок успешно преобразованы в snake_case. Конфликтующая колонка cnInvKey переименована в cn_inv_key_new.	2025-09-08 07:40:37.709951	2025-09-08 07:54:07.779517
437	591	4	resolved	2025-09-08 07:40:37.709951	2025-09-08 07:54:07.779517	Имена колонок успешно преобразованы в snake_case. Конфликтующая колонка cnInvKey переименована в cn_inv_key_new.	2025-09-08 07:40:37.709951	2025-09-08 07:54:07.779517
438	592	4	resolved	2025-09-08 07:40:37.709951	2025-09-08 07:54:07.779517	Имена колонок успешно преобразованы в snake_case. Конфликтующая колонка cnInvKey переименована в cn_inv_key_new.	2025-09-08 07:40:37.709951	2025-09-08 07:54:07.779517
439	593	4	resolved	2025-09-08 07:40:37.709951	2025-09-08 07:54:07.779517	Имена колонок успешно преобразованы в snake_case. Конфликтующая колонка cnInvKey переименована в cn_inv_key_new.	2025-09-08 07:40:37.709951	2025-09-08 07:54:07.779517
440	594	4	resolved	2025-09-08 07:40:37.709951	2025-09-08 07:54:07.779517	Имена колонок успешно преобразованы в snake_case. Конфликтующая колонка cnInvKey переименована в cn_inv_key_new.	2025-09-08 07:40:37.709951	2025-09-08 07:54:07.779517
441	595	4	resolved	2025-09-08 07:40:37.709951	2025-09-08 07:54:07.779517	Имена колонок успешно преобразованы в snake_case. Конфликтующая колонка cnInvKey переименована в cn_inv_key_new.	2025-09-08 07:40:37.709951	2025-09-08 07:54:07.779517
442	596	4	resolved	2025-09-08 07:40:37.709951	2025-09-08 07:54:07.779517	Имена колонок успешно преобразованы в snake_case. Конфликтующая колонка cnInvKey переименована в cn_inv_key_new.	2025-09-08 07:40:37.709951	2025-09-08 07:54:07.779517
443	597	4	resolved	2025-09-08 07:40:37.709951	2025-09-08 07:54:07.779517	Имена колонок успешно преобразованы в snake_case. Конфликтующая колонка cnInvKey переименована в cn_inv_key_new.	2025-09-08 07:40:37.709951	2025-09-08 07:54:07.779517
444	598	4	resolved	2025-09-08 07:40:37.709951	2025-09-08 07:54:07.779517	Имена колонок успешно преобразованы в snake_case. Конфликтующая колонка cnInvKey переименована в cn_inv_key_new.	2025-09-08 07:40:37.709951	2025-09-08 07:54:07.779517
445	599	4	resolved	2025-09-08 07:40:37.709951	2025-09-08 07:54:07.779517	Имена колонок успешно преобразованы в snake_case. Конфликтующая колонка cnInvKey переименована в cn_inv_key_new.	2025-09-08 07:40:37.709951	2025-09-08 07:54:07.779517
446	600	4	resolved	2025-09-08 07:40:37.709951	2025-09-08 07:54:07.779517	Имена колонок успешно преобразованы в snake_case. Конфликтующая колонка cnInvKey переименована в cn_inv_key_new.	2025-09-08 07:40:37.709951	2025-09-08 07:54:07.779517
447	601	4	resolved	2025-09-08 07:40:37.709951	2025-09-08 07:54:07.779517	Имена колонок успешно преобразованы в snake_case. Конфликтующая колонка cnInvKey переименована в cn_inv_key_new.	2025-09-08 07:40:37.709951	2025-09-08 07:54:07.779517
448	602	4	resolved	2025-09-08 07:40:37.709951	2025-09-08 07:54:07.779517	Имена колонок успешно преобразованы в snake_case. Конфликтующая колонка cnInvKey переименована в cn_inv_key_new.	2025-09-08 07:40:37.709951	2025-09-08 07:54:07.779517
449	603	4	resolved	2025-09-08 07:40:37.709951	2025-09-08 07:54:07.779517	Имена колонок успешно преобразованы в snake_case. Конфликтующая колонка cnInvKey переименована в cn_inv_key_new.	2025-09-08 07:40:37.709951	2025-09-08 07:54:07.779517
450	604	4	resolved	2025-09-08 07:40:37.709951	2025-09-08 07:54:07.779517	Имена колонок успешно преобразованы в snake_case. Конфликтующая колонка cnInvKey переименована в cn_inv_key_new.	2025-09-08 07:40:37.709951	2025-09-08 07:54:07.779517
451	605	4	resolved	2025-09-08 07:40:37.709951	2025-09-08 07:54:07.779517	Имена колонок успешно преобразованы в snake_case. Конфликтующая колонка cnInvKey переименована в cn_inv_key_new.	2025-09-08 07:40:37.709951	2025-09-08 07:54:07.779517
452	606	4	resolved	2025-09-08 07:40:37.709951	2025-09-08 07:54:07.779517	Имена колонок успешно преобразованы в snake_case. Конфликтующая колонка cnInvKey переименована в cn_inv_key_new.	2025-09-08 07:40:37.709951	2025-09-08 07:54:07.779517
453	607	4	resolved	2025-09-08 07:40:37.709951	2025-09-08 07:54:07.779517	Имена колонок успешно преобразованы в snake_case. Конфликтующая колонка cnInvKey переименована в cn_inv_key_new.	2025-09-08 07:40:37.709951	2025-09-08 07:54:07.779517
454	608	4	resolved	2025-09-08 07:40:37.709951	2025-09-08 07:54:07.779517	Имена колонок успешно преобразованы в snake_case. Конфликтующая колонка cnInvKey переименована в cn_inv_key_new.	2025-09-08 07:40:37.709951	2025-09-08 07:54:07.779517
455	609	4	resolved	2025-09-08 07:40:37.709951	2025-09-08 07:54:07.779517	Имена колонок успешно преобразованы в snake_case. Конфликтующая колонка cnInvKey переименована в cn_inv_key_new.	2025-09-08 07:40:37.709951	2025-09-08 07:54:07.779517
456	610	4	resolved	2025-09-08 07:40:37.709951	2025-09-08 07:54:07.779517	Имена колонок успешно преобразованы в snake_case. Конфликтующая колонка cnInvKey переименована в cn_inv_key_new.	2025-09-08 07:40:37.709951	2025-09-08 07:54:07.779517
457	611	4	resolved	2025-09-08 07:40:37.709951	2025-09-08 07:54:07.779517	Имена колонок успешно преобразованы в snake_case. Конфликтующая колонка cnInvKey переименована в cn_inv_key_new.	2025-09-08 07:40:37.709951	2025-09-08 07:54:07.779517
458	612	4	resolved	2025-09-08 07:40:37.709951	2025-09-08 07:54:07.779517	Имена колонок успешно преобразованы в snake_case. Конфликтующая колонка cnInvKey переименована в cn_inv_key_new.	2025-09-08 07:40:37.709951	2025-09-08 07:54:07.779517
459	613	4	resolved	2025-09-08 07:40:37.709951	2025-09-08 07:54:07.779517	Имена колонок успешно преобразованы в snake_case. Конфликтующая колонка cnInvKey переименована в cn_inv_key_new.	2025-09-08 07:40:37.709951	2025-09-08 07:54:07.779517
460	614	4	resolved	2025-09-08 07:40:37.709951	2025-09-08 07:54:07.779517	Имена колонок успешно преобразованы в snake_case. Конфликтующая колонка cnInvKey переименована в cn_inv_key_new.	2025-09-08 07:40:37.709951	2025-09-08 07:54:07.779517
461	615	4	resolved	2025-09-08 07:40:37.709951	2025-09-08 07:54:07.779517	Имена колонок успешно преобразованы в snake_case. Конфликтующая колонка cnInvKey переименована в cn_inv_key_new.	2025-09-08 07:40:37.709951	2025-09-08 07:54:07.779517
462	616	4	resolved	2025-09-08 07:40:37.709951	2025-09-08 07:54:07.779517	Имена колонок успешно преобразованы в snake_case. Конфликтующая колонка cnInvKey переименована в cn_inv_key_new.	2025-09-08 07:40:37.709951	2025-09-08 07:54:07.779517
463	617	4	resolved	2025-09-08 07:40:37.709951	2025-09-08 07:54:07.779517	Имена колонок успешно преобразованы в snake_case. Конфликтующая колонка cnInvKey переименована в cn_inv_key_new.	2025-09-08 07:40:37.709951	2025-09-08 07:54:07.779517
464	618	4	resolved	2025-09-08 07:40:37.709951	2025-09-08 07:54:07.779517	Имена колонок успешно преобразованы в snake_case. Конфликтующая колонка cnInvKey переименована в cn_inv_key_new.	2025-09-08 07:40:37.709951	2025-09-08 07:54:07.779517
465	619	4	resolved	2025-09-08 07:40:37.709951	2025-09-08 07:54:07.779517	Имена колонок успешно преобразованы в snake_case. Конфликтующая колонка cnInvKey переименована в cn_inv_key_new.	2025-09-08 07:40:37.709951	2025-09-08 07:54:07.779517
466	620	4	resolved	2025-09-08 07:40:37.709951	2025-09-08 07:54:07.779517	Имена колонок успешно преобразованы в snake_case. Конфликтующая колонка cnInvKey переименована в cn_inv_key_new.	2025-09-08 07:40:37.709951	2025-09-08 07:54:07.779517
467	621	4	resolved	2025-09-08 07:40:37.709951	2025-09-08 07:54:07.779517	Имена колонок успешно преобразованы в snake_case. Конфликтующая колонка cnInvKey переименована в cn_inv_key_new.	2025-09-08 07:40:37.709951	2025-09-08 07:54:07.779517
468	622	4	resolved	2025-09-08 07:40:37.709951	2025-09-08 07:54:07.779517	Имена колонок успешно преобразованы в snake_case. Конфликтующая колонка cnInvKey переименована в cn_inv_key_new.	2025-09-08 07:40:37.709951	2025-09-08 07:54:07.779517
469	623	4	resolved	2025-09-08 07:40:37.709951	2025-09-08 07:54:07.779517	Имена колонок успешно преобразованы в snake_case. Конфликтующая колонка cnInvKey переименована в cn_inv_key_new.	2025-09-08 07:40:37.709951	2025-09-08 07:54:07.779517
470	624	4	resolved	2025-09-08 07:40:37.709951	2025-09-08 07:54:07.779517	Имена колонок успешно преобразованы в snake_case. Конфликтующая колонка cnInvKey переименована в cn_inv_key_new.	2025-09-08 07:40:37.709951	2025-09-08 07:54:07.779517
471	625	4	resolved	2025-09-08 07:40:37.709951	2025-09-08 07:54:07.779517	Имена колонок успешно преобразованы в snake_case. Конфликтующая колонка cnInvKey переименована в cn_inv_key_new.	2025-09-08 07:40:37.709951	2025-09-08 07:54:07.779517
472	626	4	resolved	2025-09-08 07:40:37.709951	2025-09-08 07:54:07.779517	Имена колонок успешно преобразованы в snake_case. Конфликтующая колонка cnInvKey переименована в cn_inv_key_new.	2025-09-08 07:40:37.709951	2025-09-08 07:54:07.779517
473	627	4	resolved	2025-09-08 07:40:37.709951	2025-09-08 07:54:07.779517	Имена колонок успешно преобразованы в snake_case. Конфликтующая колонка cnInvKey переименована в cn_inv_key_new.	2025-09-08 07:40:37.709951	2025-09-08 07:54:07.779517
474	628	4	resolved	2025-09-08 07:40:37.709951	2025-09-08 07:54:07.779517	Имена колонок успешно преобразованы в snake_case. Конфликтующая колонка cnInvKey переименована в cn_inv_key_new.	2025-09-08 07:40:37.709951	2025-09-08 07:54:07.779517
475	629	4	resolved	2025-09-08 07:40:37.709951	2025-09-08 07:54:07.779517	Имена колонок успешно преобразованы в snake_case. Конфликтующая колонка cnInvKey переименована в cn_inv_key_new.	2025-09-08 07:40:37.709951	2025-09-08 07:54:07.779517
476	630	4	resolved	2025-09-08 07:40:37.709951	2025-09-08 07:54:07.779517	Имена колонок успешно преобразованы в snake_case. Конфликтующая колонка cnInvKey переименована в cn_inv_key_new.	2025-09-08 07:40:37.709951	2025-09-08 07:54:07.779517
477	631	4	resolved	2025-09-08 07:40:37.709951	2025-09-08 07:54:07.779517	Имена колонок успешно преобразованы в snake_case. Конфликтующая колонка cnInvKey переименована в cn_inv_key_new.	2025-09-08 07:40:37.709951	2025-09-08 07:54:07.779517
478	632	4	resolved	2025-09-08 07:40:37.709951	2025-09-08 07:54:07.779517	Имена колонок успешно преобразованы в snake_case. Конфликтующая колонка cnInvKey переименована в cn_inv_key_new.	2025-09-08 07:40:37.709951	2025-09-08 07:54:07.779517
479	633	4	resolved	2025-09-08 07:40:37.709951	2025-09-08 07:54:07.779517	Имена колонок успешно преобразованы в snake_case. Конфликтующая колонка cnInvKey переименована в cn_inv_key_new.	2025-09-08 07:40:37.709951	2025-09-08 07:54:07.779517
480	634	4	resolved	2025-09-08 07:40:37.709951	2025-09-08 07:54:07.779517	Имена колонок успешно преобразованы в snake_case. Конфликтующая колонка cnInvKey переименована в cn_inv_key_new.	2025-09-08 07:40:37.709951	2025-09-08 07:54:07.779517
481	635	4	resolved	2025-09-08 07:40:37.709951	2025-09-08 07:54:07.779517	Имена колонок успешно преобразованы в snake_case. Конфликтующая колонка cnInvKey переименована в cn_inv_key_new.	2025-09-08 07:40:37.709951	2025-09-08 07:54:07.779517
482	636	4	resolved	2025-09-08 07:40:37.709951	2025-09-08 07:54:07.779517	Имена колонок успешно преобразованы в snake_case. Конфликтующая колонка cnInvKey переименована в cn_inv_key_new.	2025-09-08 07:40:37.709951	2025-09-08 07:54:07.779517
483	637	4	resolved	2025-09-08 07:40:37.709951	2025-09-08 07:54:07.779517	Имена колонок успешно преобразованы в snake_case. Конфликтующая колонка cnInvKey переименована в cn_inv_key_new.	2025-09-08 07:40:37.709951	2025-09-08 07:54:07.779517
484	638	4	resolved	2025-09-08 07:40:37.709951	2025-09-08 07:54:07.779517	Имена колонок успешно преобразованы в snake_case. Конфликтующая колонка cnInvKey переименована в cn_inv_key_new.	2025-09-08 07:40:37.709951	2025-09-08 07:54:07.779517
485	639	4	resolved	2025-09-08 07:40:37.709951	2025-09-08 07:54:07.779517	Имена колонок успешно преобразованы в snake_case. Конфликтующая колонка cnInvKey переименована в cn_inv_key_new.	2025-09-08 07:40:37.709951	2025-09-08 07:54:07.779517
486	640	4	resolved	2025-09-08 07:40:37.709951	2025-09-08 07:54:07.779517	Имена колонок успешно преобразованы в snake_case. Конфликтующая колонка cnInvKey переименована в cn_inv_key_new.	2025-09-08 07:40:37.709951	2025-09-08 07:54:07.779517
487	641	4	resolved	2025-09-08 07:40:37.709951	2025-09-08 07:54:07.779517	Имена колонок успешно преобразованы в snake_case. Конфликтующая колонка cnInvKey переименована в cn_inv_key_new.	2025-09-08 07:40:37.709951	2025-09-08 07:54:07.779517
488	642	4	resolved	2025-09-08 07:40:37.709951	2025-09-08 07:54:07.779517	Имена колонок успешно преобразованы в snake_case. Конфликтующая колонка cnInvKey переименована в cn_inv_key_new.	2025-09-08 07:40:37.709951	2025-09-08 07:54:07.779517
489	643	4	resolved	2025-09-08 07:40:37.709951	2025-09-08 07:54:07.779517	Имена колонок успешно преобразованы в snake_case. Конфликтующая колонка cnInvKey переименована в cn_inv_key_new.	2025-09-08 07:40:37.709951	2025-09-08 07:54:07.779517
490	644	4	resolved	2025-09-08 07:40:37.709951	2025-09-08 07:54:07.779517	Имена колонок успешно преобразованы в snake_case. Конфликтующая колонка cnInvKey переименована в cn_inv_key_new.	2025-09-08 07:40:37.709951	2025-09-08 07:54:07.779517
491	645	4	resolved	2025-09-08 07:40:37.709951	2025-09-08 07:54:07.779517	Имена колонок успешно преобразованы в snake_case. Конфликтующая колонка cnInvKey переименована в cn_inv_key_new.	2025-09-08 07:40:37.709951	2025-09-08 07:54:07.779517
492	646	4	resolved	2025-09-08 07:40:37.709951	2025-09-08 07:54:07.779517	Имена колонок успешно преобразованы в snake_case. Конфликтующая колонка cnInvKey переименована в cn_inv_key_new.	2025-09-08 07:40:37.709951	2025-09-08 07:54:07.779517
493	647	4	resolved	2025-09-08 07:40:37.709951	2025-09-08 07:54:07.779517	Имена колонок успешно преобразованы в snake_case. Конфликтующая колонка cnInvKey переименована в cn_inv_key_new.	2025-09-08 07:40:37.709951	2025-09-08 07:54:07.779517
494	648	4	resolved	2025-09-08 07:40:37.709951	2025-09-08 07:54:07.779517	Имена колонок успешно преобразованы в snake_case. Конфликтующая колонка cnInvKey переименована в cn_inv_key_new.	2025-09-08 07:40:37.709951	2025-09-08 07:54:07.779517
495	649	4	resolved	2025-09-08 07:40:37.709951	2025-09-08 07:54:07.779517	Имена колонок успешно преобразованы в snake_case. Конфликтующая колонка cnInvKey переименована в cn_inv_key_new.	2025-09-08 07:40:37.709951	2025-09-08 07:54:07.779517
496	650	4	resolved	2025-09-08 07:40:37.709951	2025-09-08 07:54:07.779517	Имена колонок успешно преобразованы в snake_case. Конфликтующая колонка cnInvKey переименована в cn_inv_key_new.	2025-09-08 07:40:37.709951	2025-09-08 07:54:07.779517
497	651	4	resolved	2025-09-08 07:40:37.709951	2025-09-08 07:54:07.779517	Имена колонок успешно преобразованы в snake_case. Конфликтующая колонка cnInvKey переименована в cn_inv_key_new.	2025-09-08 07:40:37.709951	2025-09-08 07:54:07.779517
498	652	4	resolved	2025-09-08 07:40:37.709951	2025-09-08 07:54:07.779517	Имена колонок успешно преобразованы в snake_case. Конфликтующая колонка cnInvKey переименована в cn_inv_key_new.	2025-09-08 07:40:37.709951	2025-09-08 07:54:07.779517
499	653	4	resolved	2025-09-08 07:40:37.709951	2025-09-08 07:54:07.779517	Имена колонок успешно преобразованы в snake_case. Конфликтующая колонка cnInvKey переименована в cn_inv_key_new.	2025-09-08 07:40:37.709951	2025-09-08 07:54:07.779517
500	654	4	resolved	2025-09-08 07:40:37.709951	2025-09-08 07:54:07.779517	Имена колонок успешно преобразованы в snake_case. Конфликтующая колонка cnInvKey переименована в cn_inv_key_new.	2025-09-08 07:40:37.709951	2025-09-08 07:54:07.779517
501	655	4	resolved	2025-09-08 07:40:37.709951	2025-09-08 07:54:07.779517	Имена колонок успешно преобразованы в snake_case. Конфликтующая колонка cnInvKey переименована в cn_inv_key_new.	2025-09-08 07:40:37.709951	2025-09-08 07:54:07.779517
502	656	4	resolved	2025-09-08 07:40:37.709951	2025-09-08 07:54:07.779517	Имена колонок успешно преобразованы в snake_case. Конфликтующая колонка cnInvKey переименована в cn_inv_key_new.	2025-09-08 07:40:37.709951	2025-09-08 07:54:07.779517
503	657	4	resolved	2025-09-08 07:40:37.709951	2025-09-08 07:54:07.779517	Имена колонок успешно преобразованы в snake_case. Конфликтующая колонка cnInvKey переименована в cn_inv_key_new.	2025-09-08 07:40:37.709951	2025-09-08 07:54:07.779517
504	658	4	resolved	2025-09-08 07:40:37.709951	2025-09-08 07:54:07.779517	Имена колонок успешно преобразованы в snake_case. Конфликтующая колонка cnInvKey переименована в cn_inv_key_new.	2025-09-08 07:40:37.709951	2025-09-08 07:54:07.779517
505	659	4	resolved	2025-09-08 07:40:37.709951	2025-09-08 07:54:07.779517	Имена колонок успешно преобразованы в snake_case. Конфликтующая колонка cnInvKey переименована в cn_inv_key_new.	2025-09-08 07:40:37.709951	2025-09-08 07:54:07.779517
506	660	4	resolved	2025-09-08 07:40:37.709951	2025-09-08 07:54:07.779517	Имена колонок успешно преобразованы в snake_case. Конфликтующая колонка cnInvKey переименована в cn_inv_key_new.	2025-09-08 07:40:37.709951	2025-09-08 07:54:07.779517
507	661	4	resolved	2025-09-08 07:40:37.709951	2025-09-08 07:54:07.779517	Имена колонок успешно преобразованы в snake_case. Конфликтующая колонка cnInvKey переименована в cn_inv_key_new.	2025-09-08 07:40:37.709951	2025-09-08 07:54:07.779517
508	662	4	resolved	2025-09-08 07:40:37.709951	2025-09-08 07:54:07.779517	Имена колонок успешно преобразованы в snake_case. Конфликтующая колонка cnInvKey переименована в cn_inv_key_new.	2025-09-08 07:40:37.709951	2025-09-08 07:54:07.779517
509	663	4	resolved	2025-09-08 07:40:37.709951	2025-09-08 07:54:07.779517	Имена колонок успешно преобразованы в snake_case. Конфликтующая колонка cnInvKey переименована в cn_inv_key_new.	2025-09-08 07:40:37.709951	2025-09-08 07:54:07.779517
510	664	4	resolved	2025-09-08 07:40:37.709951	2025-09-08 07:54:07.779517	Имена колонок успешно преобразованы в snake_case. Конфликтующая колонка cnInvKey переименована в cn_inv_key_new.	2025-09-08 07:40:37.709951	2025-09-08 07:54:07.779517
511	665	4	resolved	2025-09-08 07:40:37.709951	2025-09-08 07:54:07.779517	Имена колонок успешно преобразованы в snake_case. Конфликтующая колонка cnInvKey переименована в cn_inv_key_new.	2025-09-08 07:40:37.709951	2025-09-08 07:54:07.779517
512	666	4	resolved	2025-09-08 07:40:37.709951	2025-09-08 07:54:07.779517	Имена колонок успешно преобразованы в snake_case. Конфликтующая колонка cnInvKey переименована в cn_inv_key_new.	2025-09-08 07:40:37.709951	2025-09-08 07:54:07.779517
513	667	4	resolved	2025-09-08 07:40:37.709951	2025-09-08 07:54:07.779517	Имена колонок успешно преобразованы в snake_case. Конфликтующая колонка cnInvKey переименована в cn_inv_key_new.	2025-09-08 07:40:37.709951	2025-09-08 07:54:07.779517
514	668	4	resolved	2025-09-08 07:40:37.709951	2025-09-08 07:54:07.779517	Имена колонок успешно преобразованы в snake_case. Конфликтующая колонка cnInvKey переименована в cn_inv_key_new.	2025-09-08 07:40:37.709951	2025-09-08 07:54:07.779517
515	669	4	resolved	2025-09-08 07:40:37.709951	2025-09-08 07:54:07.779517	Имена колонок успешно преобразованы в snake_case. Конфликтующая колонка cnInvKey переименована в cn_inv_key_new.	2025-09-08 07:40:37.709951	2025-09-08 07:54:07.779517
516	670	4	resolved	2025-09-08 07:40:37.709951	2025-09-08 07:54:07.779517	Имена колонок успешно преобразованы в snake_case. Конфликтующая колонка cnInvKey переименована в cn_inv_key_new.	2025-09-08 07:40:37.709951	2025-09-08 07:54:07.779517
517	671	4	resolved	2025-09-08 07:40:37.709951	2025-09-08 07:54:07.779517	Имена колонок успешно преобразованы в snake_case. Конфликтующая колонка cnInvKey переименована в cn_inv_key_new.	2025-09-08 07:40:37.709951	2025-09-08 07:54:07.779517
518	672	4	resolved	2025-09-08 07:40:37.709951	2025-09-08 07:54:07.779517	Имена колонок успешно преобразованы в snake_case. Конфликтующая колонка cnInvKey переименована в cn_inv_key_new.	2025-09-08 07:40:37.709951	2025-09-08 07:54:07.779517
519	673	4	resolved	2025-09-08 07:40:37.709951	2025-09-08 07:54:07.779517	Имена колонок успешно преобразованы в snake_case. Конфликтующая колонка cnInvKey переименована в cn_inv_key_new.	2025-09-08 07:40:37.709951	2025-09-08 07:54:07.779517
520	674	4	resolved	2025-09-08 07:40:37.709951	2025-09-08 07:54:07.779517	Имена колонок успешно преобразованы в snake_case. Конфликтующая колонка cnInvKey переименована в cn_inv_key_new.	2025-09-08 07:40:37.709951	2025-09-08 07:54:07.779517
521	675	4	resolved	2025-09-08 07:40:37.709951	2025-09-08 07:54:07.779517	Имена колонок успешно преобразованы в snake_case. Конфликтующая колонка cnInvKey переименована в cn_inv_key_new.	2025-09-08 07:40:37.709951	2025-09-08 07:54:07.779517
522	676	4	resolved	2025-09-08 07:40:37.709951	2025-09-08 07:54:07.779517	Имена колонок успешно преобразованы в snake_case. Конфликтующая колонка cnInvKey переименована в cn_inv_key_new.	2025-09-08 07:40:37.709951	2025-09-08 07:54:07.779517
523	677	4	resolved	2025-09-08 07:40:37.709951	2025-09-08 07:54:07.779517	Имена колонок успешно преобразованы в snake_case. Конфликтующая колонка cnInvKey переименована в cn_inv_key_new.	2025-09-08 07:40:37.709951	2025-09-08 07:54:07.779517
524	678	4	resolved	2025-09-08 07:40:37.709951	2025-09-08 07:54:07.779517	Имена колонок успешно преобразованы в snake_case. Конфликтующая колонка cnInvKey переименована в cn_inv_key_new.	2025-09-08 07:40:37.709951	2025-09-08 07:54:07.779517
525	679	4	resolved	2025-09-08 07:40:37.709951	2025-09-08 07:54:07.779517	Имена колонок успешно преобразованы в snake_case. Конфликтующая колонка cnInvKey переименована в cn_inv_key_new.	2025-09-08 07:40:37.709951	2025-09-08 07:54:07.779517
526	680	4	resolved	2025-09-08 07:40:37.709951	2025-09-08 07:54:07.779517	Имена колонок успешно преобразованы в snake_case. Конфликтующая колонка cnInvKey переименована в cn_inv_key_new.	2025-09-08 07:40:37.709951	2025-09-08 07:54:07.779517
527	681	4	resolved	2025-09-08 07:40:37.709951	2025-09-08 07:54:07.779517	Имена колонок успешно преобразованы в snake_case. Конфликтующая колонка cnInvKey переименована в cn_inv_key_new.	2025-09-08 07:40:37.709951	2025-09-08 07:54:07.779517
528	682	4	resolved	2025-09-08 07:40:37.709951	2025-09-08 07:54:07.779517	Имена колонок успешно преобразованы в snake_case. Конфликтующая колонка cnInvKey переименована в cn_inv_key_new.	2025-09-08 07:40:37.709951	2025-09-08 07:54:07.779517
529	683	4	resolved	2025-09-08 07:40:37.709951	2025-09-08 07:54:07.779517	Имена колонок успешно преобразованы в snake_case. Конфликтующая колонка cnInvKey переименована в cn_inv_key_new.	2025-09-08 07:40:37.709951	2025-09-08 07:54:07.779517
530	684	4	resolved	2025-09-08 07:40:37.709951	2025-09-08 07:54:07.779517	Имена колонок успешно преобразованы в snake_case. Конфликтующая колонка cnInvKey переименована в cn_inv_key_new.	2025-09-08 07:40:37.709951	2025-09-08 07:54:07.779517
531	685	4	resolved	2025-09-08 07:40:37.709951	2025-09-08 07:54:07.779517	Имена колонок успешно преобразованы в snake_case. Конфликтующая колонка cnInvKey переименована в cn_inv_key_new.	2025-09-08 07:40:37.709951	2025-09-08 07:54:07.779517
532	686	4	resolved	2025-09-08 07:40:37.709951	2025-09-08 07:54:07.779517	Имена колонок успешно преобразованы в snake_case. Конфликтующая колонка cnInvKey переименована в cn_inv_key_new.	2025-09-08 07:40:37.709951	2025-09-08 07:54:07.779517
533	687	4	resolved	2025-09-08 07:40:37.709951	2025-09-08 07:54:07.779517	Имена колонок успешно преобразованы в snake_case. Конфликтующая колонка cnInvKey переименована в cn_inv_key_new.	2025-09-08 07:40:37.709951	2025-09-08 07:54:07.779517
534	688	4	resolved	2025-09-08 07:40:37.709951	2025-09-08 07:54:07.779517	Имена колонок успешно преобразованы в snake_case. Конфликтующая колонка cnInvKey переименована в cn_inv_key_new.	2025-09-08 07:40:37.709951	2025-09-08 07:54:07.779517
535	689	4	resolved	2025-09-08 07:40:37.709951	2025-09-08 07:54:07.779517	Имена колонок успешно преобразованы в snake_case. Конфликтующая колонка cnInvKey переименована в cn_inv_key_new.	2025-09-08 07:40:37.709951	2025-09-08 07:54:07.779517
536	690	4	resolved	2025-09-08 07:40:37.709951	2025-09-08 07:54:07.779517	Имена колонок успешно преобразованы в snake_case. Конфликтующая колонка cnInvKey переименована в cn_inv_key_new.	2025-09-08 07:40:37.709951	2025-09-08 07:54:07.779517
537	691	4	resolved	2025-09-08 07:40:37.709951	2025-09-08 07:54:07.779517	Имена колонок успешно преобразованы в snake_case. Конфликтующая колонка cnInvKey переименована в cn_inv_key_new.	2025-09-08 07:40:37.709951	2025-09-08 07:54:07.779517
538	692	4	resolved	2025-09-08 07:40:37.709951	2025-09-08 07:54:07.779517	Имена колонок успешно преобразованы в snake_case. Конфликтующая колонка cnInvKey переименована в cn_inv_key_new.	2025-09-08 07:40:37.709951	2025-09-08 07:54:07.779517
539	693	4	resolved	2025-09-08 07:40:37.709951	2025-09-08 07:54:07.779517	Имена колонок успешно преобразованы в snake_case. Конфликтующая колонка cnInvKey переименована в cn_inv_key_new.	2025-09-08 07:40:37.709951	2025-09-08 07:54:07.779517
540	694	4	resolved	2025-09-08 07:40:37.709951	2025-09-08 07:54:07.779517	Имена колонок успешно преобразованы в snake_case. Конфликтующая колонка cnInvKey переименована в cn_inv_key_new.	2025-09-08 07:40:37.709951	2025-09-08 07:54:07.779517
541	695	4	resolved	2025-09-08 07:40:37.709951	2025-09-08 07:54:07.779517	Имена колонок успешно преобразованы в snake_case. Конфликтующая колонка cnInvKey переименована в cn_inv_key_new.	2025-09-08 07:40:37.709951	2025-09-08 07:54:07.779517
542	696	4	resolved	2025-09-08 07:40:37.709951	2025-09-08 07:54:07.779517	Имена колонок успешно преобразованы в snake_case. Конфликтующая колонка cnInvKey переименована в cn_inv_key_new.	2025-09-08 07:40:37.709951	2025-09-08 07:54:07.779517
543	697	4	resolved	2025-09-08 07:40:37.709951	2025-09-08 07:54:07.779517	Имена колонок успешно преобразованы в snake_case. Конфликтующая колонка cnInvKey переименована в cn_inv_key_new.	2025-09-08 07:40:37.709951	2025-09-08 07:54:07.779517
544	698	4	resolved	2025-09-08 07:40:37.709951	2025-09-08 07:54:07.779517	Имена колонок успешно преобразованы в snake_case. Конфликтующая колонка cnInvKey переименована в cn_inv_key_new.	2025-09-08 07:40:37.709951	2025-09-08 07:54:07.779517
545	699	4	resolved	2025-09-08 07:40:37.709951	2025-09-08 07:54:07.779517	Имена колонок успешно преобразованы в snake_case. Конфликтующая колонка cnInvKey переименована в cn_inv_key_new.	2025-09-08 07:40:37.709951	2025-09-08 07:54:07.779517
546	700	4	resolved	2025-09-08 07:40:37.709951	2025-09-08 07:54:07.779517	Имена колонок успешно преобразованы в snake_case. Конфликтующая колонка cnInvKey переименована в cn_inv_key_new.	2025-09-08 07:40:37.709951	2025-09-08 07:54:07.779517
547	701	4	resolved	2025-09-08 07:40:37.709951	2025-09-08 07:54:07.779517	Имена колонок успешно преобразованы в snake_case. Конфликтующая колонка cnInvKey переименована в cn_inv_key_new.	2025-09-08 07:40:37.709951	2025-09-08 07:54:07.779517
548	715	4	resolved	2025-09-08 07:40:37.709951	2025-09-08 07:54:07.779517	Имена колонок успешно преобразованы в snake_case. Конфликтующая колонка cnInvKey переименована в cn_inv_key_new.	2025-09-08 07:40:37.709951	2025-09-08 07:54:07.779517
549	716	4	resolved	2025-09-08 07:40:37.709951	2025-09-08 07:54:07.779517	Имена колонок успешно преобразованы в snake_case. Конфликтующая колонка cnInvKey переименована в cn_inv_key_new.	2025-09-08 07:40:37.709951	2025-09-08 07:54:07.779517
550	717	4	resolved	2025-09-08 07:40:37.709951	2025-09-08 07:54:07.779517	Имена колонок успешно преобразованы в snake_case. Конфликтующая колонка cnInvKey переименована в cn_inv_key_new.	2025-09-08 07:40:37.709951	2025-09-08 07:54:07.779517
551	727	4	resolved	2025-09-08 07:40:37.709951	2025-09-08 07:54:07.779517	Имена колонок успешно преобразованы в snake_case. Конфликтующая колонка cnInvKey переименована в cn_inv_key_new.	2025-09-08 07:40:37.709951	2025-09-08 07:54:07.779517
552	730	4	resolved	2025-09-08 07:40:37.709951	2025-09-08 07:54:07.779517	Имена колонок успешно преобразованы в snake_case. Конфликтующая колонка cnInvKey переименована в cn_inv_key_new.	2025-09-08 07:40:37.709951	2025-09-08 07:54:07.779517
553	737	4	resolved	2025-09-08 07:40:37.709951	2025-09-08 07:54:07.779517	Имена колонок успешно преобразованы в snake_case. Конфликтующая колонка cnInvKey переименована в cn_inv_key_new.	2025-09-08 07:40:37.709951	2025-09-08 07:54:07.779517
554	745	4	resolved	2025-09-08 07:40:37.709951	2025-09-08 07:54:07.779517	Имена колонок успешно преобразованы в snake_case. Конфликтующая колонка cnInvKey переименована в cn_inv_key_new.	2025-09-08 07:40:37.709951	2025-09-08 07:54:07.779517
555	748	4	resolved	2025-09-08 07:40:37.709951	2025-09-08 07:54:07.779517	Имена колонок успешно преобразованы в snake_case. Конфликтующая колонка cnInvKey переименована в cn_inv_key_new.	2025-09-08 07:40:37.709951	2025-09-08 07:54:07.779517
556	755	4	resolved	2025-09-08 07:40:37.709951	2025-09-08 07:54:07.779517	Имена колонок успешно преобразованы в snake_case. Конфликтующая колонка cnInvKey переименована в cn_inv_key_new.	2025-09-08 07:40:37.709951	2025-09-08 07:54:07.779517
557	756	4	resolved	2025-09-08 07:40:37.709951	2025-09-08 07:54:07.779517	Имена колонок успешно преобразованы в snake_case. Конфликтующая колонка cnInvKey переименована в cn_inv_key_new.	2025-09-08 07:40:37.709951	2025-09-08 07:54:07.779517
558	757	4	resolved	2025-09-08 07:40:37.709951	2025-09-08 07:54:07.779517	Имена колонок успешно преобразованы в snake_case. Конфликтующая колонка cnInvKey переименована в cn_inv_key_new.	2025-09-08 07:40:37.709951	2025-09-08 07:54:07.779517
559	765	4	resolved	2025-09-08 07:40:37.709951	2025-09-08 07:54:07.779517	Имена колонок успешно преобразованы в snake_case. Конфликтующая колонка cnInvKey переименована в cn_inv_key_new.	2025-09-08 07:40:37.709951	2025-09-08 07:54:07.779517
560	766	4	resolved	2025-09-08 07:40:37.709951	2025-09-08 07:54:07.779517	Имена колонок успешно преобразованы в snake_case. Конфликтующая колонка cnInvKey переименована в cn_inv_key_new.	2025-09-08 07:40:37.709951	2025-09-08 07:54:07.779517
561	767	4	resolved	2025-09-08 07:40:37.709951	2025-09-08 07:54:07.779517	Имена колонок успешно преобразованы в snake_case. Конфликтующая колонка cnInvKey переименована в cn_inv_key_new.	2025-09-08 07:40:37.709951	2025-09-08 07:54:07.779517
562	768	4	resolved	2025-09-08 07:40:37.709951	2025-09-08 07:54:07.779517	Имена колонок успешно преобразованы в snake_case. Конфликтующая колонка cnInvKey переименована в cn_inv_key_new.	2025-09-08 07:40:37.709951	2025-09-08 07:54:07.779517
563	773	4	resolved	2025-09-08 07:40:37.709951	2025-09-08 07:54:07.779517	Имена колонок успешно преобразованы в snake_case. Конфликтующая колонка cnInvKey переименована в cn_inv_key_new.	2025-09-08 07:40:37.709951	2025-09-08 07:54:07.779517
564	781	4	resolved	2025-09-08 07:40:37.709951	2025-09-08 07:54:07.779517	Имена колонок успешно преобразованы в snake_case. Конфликтующая колонка cnInvKey переименована в cn_inv_key_new.	2025-09-08 07:40:37.709951	2025-09-08 07:54:07.779517
565	782	4	resolved	2025-09-08 07:40:37.709951	2025-09-08 07:54:07.779517	Имена колонок успешно преобразованы в snake_case. Конфликтующая колонка cnInvKey переименована в cn_inv_key_new.	2025-09-08 07:40:37.709951	2025-09-08 07:54:07.779517
566	783	4	resolved	2025-09-08 07:40:37.709951	2025-09-08 07:54:07.779517	Имена колонок успешно преобразованы в snake_case. Конфликтующая колонка cnInvKey переименована в cn_inv_key_new.	2025-09-08 07:40:37.709951	2025-09-08 07:54:07.779517
567	784	4	resolved	2025-09-08 07:40:37.709951	2025-09-08 07:54:07.779517	Имена колонок успешно преобразованы в snake_case. Конфликтующая колонка cnInvKey переименована в cn_inv_key_new.	2025-09-08 07:40:37.709951	2025-09-08 07:54:07.779517
568	785	4	resolved	2025-09-08 07:40:37.709951	2025-09-08 07:54:07.779517	Имена колонок успешно преобразованы в snake_case. Конфликтующая колонка cnInvKey переименована в cn_inv_key_new.	2025-09-08 07:40:37.709951	2025-09-08 07:54:07.779517
569	786	4	resolved	2025-09-08 07:40:37.709951	2025-09-08 07:54:07.779517	Имена колонок успешно преобразованы в snake_case. Конфликтующая колонка cnInvKey переименована в cn_inv_key_new.	2025-09-08 07:40:37.709951	2025-09-08 07:54:07.779517
570	787	4	resolved	2025-09-08 07:40:37.709951	2025-09-08 07:54:07.779517	Имена колонок успешно преобразованы в snake_case. Конфликтующая колонка cnInvKey переименована в cn_inv_key_new.	2025-09-08 07:40:37.709951	2025-09-08 07:54:07.779517
571	788	4	resolved	2025-09-08 07:40:37.709951	2025-09-08 07:54:07.779517	Имена колонок успешно преобразованы в snake_case. Конфликтующая колонка cnInvKey переименована в cn_inv_key_new.	2025-09-08 07:40:37.709951	2025-09-08 07:54:07.779517
572	789	4	resolved	2025-09-08 07:40:37.709951	2025-09-08 07:54:07.779517	Имена колонок успешно преобразованы в snake_case. Конфликтующая колонка cnInvKey переименована в cn_inv_key_new.	2025-09-08 07:40:37.709951	2025-09-08 07:54:07.779517
573	790	4	resolved	2025-09-08 07:40:37.709951	2025-09-08 07:54:07.779517	Имена колонок успешно преобразованы в snake_case. Конфликтующая колонка cnInvKey переименована в cn_inv_key_new.	2025-09-08 07:40:37.709951	2025-09-08 07:54:07.779517
574	791	4	resolved	2025-09-08 07:40:37.709951	2025-09-08 07:54:07.779517	Имена колонок успешно преобразованы в snake_case. Конфликтующая колонка cnInvKey переименована в cn_inv_key_new.	2025-09-08 07:40:37.709951	2025-09-08 07:54:07.779517
575	792	4	resolved	2025-09-08 07:40:37.709951	2025-09-08 07:54:07.779517	Имена колонок успешно преобразованы в snake_case. Конфликтующая колонка cnInvKey переименована в cn_inv_key_new.	2025-09-08 07:40:37.709951	2025-09-08 07:54:07.779517
576	793	4	resolved	2025-09-08 07:40:37.709951	2025-09-08 07:54:07.779517	Имена колонок успешно преобразованы в snake_case. Конфликтующая колонка cnInvKey переименована в cn_inv_key_new.	2025-09-08 07:40:37.709951	2025-09-08 07:54:07.779517
577	794	4	resolved	2025-09-08 07:40:37.709951	2025-09-08 07:54:07.779517	Имена колонок успешно преобразованы в snake_case. Конфликтующая колонка cnInvKey переименована в cn_inv_key_new.	2025-09-08 07:40:37.709951	2025-09-08 07:54:07.779517
578	795	4	resolved	2025-09-08 07:40:37.709951	2025-09-08 07:54:07.779517	Имена колонок успешно преобразованы в snake_case. Конфликтующая колонка cnInvKey переименована в cn_inv_key_new.	2025-09-08 07:40:37.709951	2025-09-08 07:54:07.779517
579	796	4	resolved	2025-09-08 07:40:37.709951	2025-09-08 07:54:07.779517	Имена колонок успешно преобразованы в snake_case. Конфликтующая колонка cnInvKey переименована в cn_inv_key_new.	2025-09-08 07:40:37.709951	2025-09-08 07:54:07.779517
580	797	4	resolved	2025-09-08 07:40:37.709951	2025-09-08 07:54:07.779517	Имена колонок успешно преобразованы в snake_case. Конфликтующая колонка cnInvKey переименована в cn_inv_key_new.	2025-09-08 07:40:37.709951	2025-09-08 07:54:07.779517
581	798	4	resolved	2025-09-08 07:40:37.709951	2025-09-08 07:54:07.779517	Имена колонок успешно преобразованы в snake_case. Конфликтующая колонка cnInvKey переименована в cn_inv_key_new.	2025-09-08 07:40:37.709951	2025-09-08 07:54:07.779517
582	799	4	resolved	2025-09-08 07:40:37.709951	2025-09-08 07:54:07.779517	Имена колонок успешно преобразованы в snake_case. Конфликтующая колонка cnInvKey переименована в cn_inv_key_new.	2025-09-08 07:40:37.709951	2025-09-08 07:54:07.779517
583	890	4	resolved	2025-09-08 07:40:37.709951	2025-09-08 07:54:07.779517	Имена колонок успешно преобразованы в snake_case. Конфликтующая колонка cnInvKey переименована в cn_inv_key_new.	2025-09-08 07:40:37.709951	2025-09-08 07:54:07.779517
584	800	4	resolved	2025-09-08 07:40:37.709951	2025-09-08 07:54:07.779517	Имена колонок успешно преобразованы в snake_case. Конфликтующая колонка cnInvKey переименована в cn_inv_key_new.	2025-09-08 07:40:37.709951	2025-09-08 07:54:07.779517
585	801	4	resolved	2025-09-08 07:40:37.709951	2025-09-08 07:54:07.779517	Имена колонок успешно преобразованы в snake_case. Конфликтующая колонка cnInvKey переименована в cn_inv_key_new.	2025-09-08 07:40:37.709951	2025-09-08 07:54:07.779517
586	802	4	resolved	2025-09-08 07:40:37.709951	2025-09-08 07:54:07.779517	Имена колонок успешно преобразованы в snake_case. Конфликтующая колонка cnInvKey переименована в cn_inv_key_new.	2025-09-08 07:40:37.709951	2025-09-08 07:54:07.779517
587	803	4	resolved	2025-09-08 07:40:37.709951	2025-09-08 07:54:07.779517	Имена колонок успешно преобразованы в snake_case. Конфликтующая колонка cnInvKey переименована в cn_inv_key_new.	2025-09-08 07:40:37.709951	2025-09-08 07:54:07.779517
588	804	4	resolved	2025-09-08 07:40:37.709951	2025-09-08 07:54:07.779517	Имена колонок успешно преобразованы в snake_case. Конфликтующая колонка cnInvKey переименована в cn_inv_key_new.	2025-09-08 07:40:37.709951	2025-09-08 07:54:07.779517
589	805	4	resolved	2025-09-08 07:40:37.709951	2025-09-08 07:54:07.779517	Имена колонок успешно преобразованы в snake_case. Конфликтующая колонка cnInvKey переименована в cn_inv_key_new.	2025-09-08 07:40:37.709951	2025-09-08 07:54:07.779517
590	806	4	resolved	2025-09-08 07:40:37.709951	2025-09-08 07:54:07.779517	Имена колонок успешно преобразованы в snake_case. Конфликтующая колонка cnInvKey переименована в cn_inv_key_new.	2025-09-08 07:40:37.709951	2025-09-08 07:54:07.779517
591	807	4	resolved	2025-09-08 07:40:37.709951	2025-09-08 07:54:07.779517	Имена колонок успешно преобразованы в snake_case. Конфликтующая колонка cnInvKey переименована в cn_inv_key_new.	2025-09-08 07:40:37.709951	2025-09-08 07:54:07.779517
592	808	4	resolved	2025-09-08 07:40:37.709951	2025-09-08 07:54:07.779517	Имена колонок успешно преобразованы в snake_case. Конфликтующая колонка cnInvKey переименована в cn_inv_key_new.	2025-09-08 07:40:37.709951	2025-09-08 07:54:07.779517
593	809	4	resolved	2025-09-08 07:40:37.709951	2025-09-08 07:54:07.779517	Имена колонок успешно преобразованы в snake_case. Конфликтующая колонка cnInvKey переименована в cn_inv_key_new.	2025-09-08 07:40:37.709951	2025-09-08 07:54:07.779517
594	810	4	resolved	2025-09-08 07:40:37.709951	2025-09-08 07:54:07.779517	Имена колонок успешно преобразованы в snake_case. Конфликтующая колонка cnInvKey переименована в cn_inv_key_new.	2025-09-08 07:40:37.709951	2025-09-08 07:54:07.779517
595	811	4	resolved	2025-09-08 07:40:37.709951	2025-09-08 07:54:07.779517	Имена колонок успешно преобразованы в snake_case. Конфликтующая колонка cnInvKey переименована в cn_inv_key_new.	2025-09-08 07:40:37.709951	2025-09-08 07:54:07.779517
596	812	4	resolved	2025-09-08 07:40:37.709951	2025-09-08 07:54:07.779517	Имена колонок успешно преобразованы в snake_case. Конфликтующая колонка cnInvKey переименована в cn_inv_key_new.	2025-09-08 07:40:37.709951	2025-09-08 07:54:07.779517
597	813	4	resolved	2025-09-08 07:40:37.709951	2025-09-08 07:54:07.779517	Имена колонок успешно преобразованы в snake_case. Конфликтующая колонка cnInvKey переименована в cn_inv_key_new.	2025-09-08 07:40:37.709951	2025-09-08 07:54:07.779517
598	814	4	resolved	2025-09-08 07:40:37.709951	2025-09-08 07:54:07.779517	Имена колонок успешно преобразованы в snake_case. Конфликтующая колонка cnInvKey переименована в cn_inv_key_new.	2025-09-08 07:40:37.709951	2025-09-08 07:54:07.779517
599	815	4	resolved	2025-09-08 07:40:37.709951	2025-09-08 07:54:07.779517	Имена колонок успешно преобразованы в snake_case. Конфликтующая колонка cnInvKey переименована в cn_inv_key_new.	2025-09-08 07:40:37.709951	2025-09-08 07:54:07.779517
600	816	4	resolved	2025-09-08 07:40:37.709951	2025-09-08 07:54:07.779517	Имена колонок успешно преобразованы в snake_case. Конфликтующая колонка cnInvKey переименована в cn_inv_key_new.	2025-09-08 07:40:37.709951	2025-09-08 07:54:07.779517
601	817	4	resolved	2025-09-08 07:40:37.709951	2025-09-08 07:54:07.779517	Имена колонок успешно преобразованы в snake_case. Конфликтующая колонка cnInvKey переименована в cn_inv_key_new.	2025-09-08 07:40:37.709951	2025-09-08 07:54:07.779517
602	818	4	resolved	2025-09-08 07:40:37.709951	2025-09-08 07:54:07.779517	Имена колонок успешно преобразованы в snake_case. Конфликтующая колонка cnInvKey переименована в cn_inv_key_new.	2025-09-08 07:40:37.709951	2025-09-08 07:54:07.779517
603	819	4	resolved	2025-09-08 07:40:37.709951	2025-09-08 07:54:07.779517	Имена колонок успешно преобразованы в snake_case. Конфликтующая колонка cnInvKey переименована в cn_inv_key_new.	2025-09-08 07:40:37.709951	2025-09-08 07:54:07.779517
604	820	4	resolved	2025-09-08 07:40:37.709951	2025-09-08 07:54:07.779517	Имена колонок успешно преобразованы в snake_case. Конфликтующая колонка cnInvKey переименована в cn_inv_key_new.	2025-09-08 07:40:37.709951	2025-09-08 07:54:07.779517
605	821	4	resolved	2025-09-08 07:40:37.709951	2025-09-08 07:54:07.779517	Имена колонок успешно преобразованы в snake_case. Конфликтующая колонка cnInvKey переименована в cn_inv_key_new.	2025-09-08 07:40:37.709951	2025-09-08 07:54:07.779517
606	822	4	resolved	2025-09-08 07:40:37.709951	2025-09-08 07:54:07.779517	Имена колонок успешно преобразованы в snake_case. Конфликтующая колонка cnInvKey переименована в cn_inv_key_new.	2025-09-08 07:40:37.709951	2025-09-08 07:54:07.779517
607	823	4	resolved	2025-09-08 07:40:37.709951	2025-09-08 07:54:07.779517	Имена колонок успешно преобразованы в snake_case. Конфликтующая колонка cnInvKey переименована в cn_inv_key_new.	2025-09-08 07:40:37.709951	2025-09-08 07:54:07.779517
608	824	4	resolved	2025-09-08 07:40:37.709951	2025-09-08 07:54:07.779517	Имена колонок успешно преобразованы в snake_case. Конфликтующая колонка cnInvKey переименована в cn_inv_key_new.	2025-09-08 07:40:37.709951	2025-09-08 07:54:07.779517
609	825	4	resolved	2025-09-08 07:40:37.709951	2025-09-08 07:54:07.779517	Имена колонок успешно преобразованы в snake_case. Конфликтующая колонка cnInvKey переименована в cn_inv_key_new.	2025-09-08 07:40:37.709951	2025-09-08 07:54:07.779517
610	826	4	resolved	2025-09-08 07:40:37.709951	2025-09-08 07:54:07.779517	Имена колонок успешно преобразованы в snake_case. Конфликтующая колонка cnInvKey переименована в cn_inv_key_new.	2025-09-08 07:40:37.709951	2025-09-08 07:54:07.779517
611	827	4	resolved	2025-09-08 07:40:37.709951	2025-09-08 07:54:07.779517	Имена колонок успешно преобразованы в snake_case. Конфликтующая колонка cnInvKey переименована в cn_inv_key_new.	2025-09-08 07:40:37.709951	2025-09-08 07:54:07.779517
612	828	4	resolved	2025-09-08 07:40:37.709951	2025-09-08 07:54:07.779517	Имена колонок успешно преобразованы в snake_case. Конфликтующая колонка cnInvKey переименована в cn_inv_key_new.	2025-09-08 07:40:37.709951	2025-09-08 07:54:07.779517
613	829	4	resolved	2025-09-08 07:40:37.709951	2025-09-08 07:54:07.779517	Имена колонок успешно преобразованы в snake_case. Конфликтующая колонка cnInvKey переименована в cn_inv_key_new.	2025-09-08 07:40:37.709951	2025-09-08 07:54:07.779517
614	830	4	resolved	2025-09-08 07:40:37.709951	2025-09-08 07:54:07.779517	Имена колонок успешно преобразованы в snake_case. Конфликтующая колонка cnInvKey переименована в cn_inv_key_new.	2025-09-08 07:40:37.709951	2025-09-08 07:54:07.779517
615	831	4	resolved	2025-09-08 07:40:37.709951	2025-09-08 07:54:07.779517	Имена колонок успешно преобразованы в snake_case. Конфликтующая колонка cnInvKey переименована в cn_inv_key_new.	2025-09-08 07:40:37.709951	2025-09-08 07:54:07.779517
616	832	4	resolved	2025-09-08 07:40:37.709951	2025-09-08 07:54:07.779517	Имена колонок успешно преобразованы в snake_case. Конфликтующая колонка cnInvKey переименована в cn_inv_key_new.	2025-09-08 07:40:37.709951	2025-09-08 07:54:07.779517
617	833	4	resolved	2025-09-08 07:40:37.709951	2025-09-08 07:54:07.779517	Имена колонок успешно преобразованы в snake_case. Конфликтующая колонка cnInvKey переименована в cn_inv_key_new.	2025-09-08 07:40:37.709951	2025-09-08 07:54:07.779517
618	834	4	resolved	2025-09-08 07:40:37.709951	2025-09-08 07:54:07.779517	Имена колонок успешно преобразованы в snake_case. Конфликтующая колонка cnInvKey переименована в cn_inv_key_new.	2025-09-08 07:40:37.709951	2025-09-08 07:54:07.779517
619	835	4	resolved	2025-09-08 07:40:37.709951	2025-09-08 07:54:07.779517	Имена колонок успешно преобразованы в snake_case. Конфликтующая колонка cnInvKey переименована в cn_inv_key_new.	2025-09-08 07:40:37.709951	2025-09-08 07:54:07.779517
620	836	4	resolved	2025-09-08 07:40:37.709951	2025-09-08 07:54:07.779517	Имена колонок успешно преобразованы в snake_case. Конфликтующая колонка cnInvKey переименована в cn_inv_key_new.	2025-09-08 07:40:37.709951	2025-09-08 07:54:07.779517
621	837	4	resolved	2025-09-08 07:40:37.709951	2025-09-08 07:54:07.779517	Имена колонок успешно преобразованы в snake_case. Конфликтующая колонка cnInvKey переименована в cn_inv_key_new.	2025-09-08 07:40:37.709951	2025-09-08 07:54:07.779517
622	838	4	resolved	2025-09-08 07:40:37.709951	2025-09-08 07:54:07.779517	Имена колонок успешно преобразованы в snake_case. Конфликтующая колонка cnInvKey переименована в cn_inv_key_new.	2025-09-08 07:40:37.709951	2025-09-08 07:54:07.779517
623	839	4	resolved	2025-09-08 07:40:37.709951	2025-09-08 07:54:07.779517	Имена колонок успешно преобразованы в snake_case. Конфликтующая колонка cnInvKey переименована в cn_inv_key_new.	2025-09-08 07:40:37.709951	2025-09-08 07:54:07.779517
624	840	4	resolved	2025-09-08 07:40:37.709951	2025-09-08 07:54:07.779517	Имена колонок успешно преобразованы в snake_case. Конфликтующая колонка cnInvKey переименована в cn_inv_key_new.	2025-09-08 07:40:37.709951	2025-09-08 07:54:07.779517
625	841	4	resolved	2025-09-08 07:40:37.709951	2025-09-08 07:54:07.779517	Имена колонок успешно преобразованы в snake_case. Конфликтующая колонка cnInvKey переименована в cn_inv_key_new.	2025-09-08 07:40:37.709951	2025-09-08 07:54:07.779517
626	842	4	resolved	2025-09-08 07:40:37.709951	2025-09-08 07:54:07.779517	Имена колонок успешно преобразованы в snake_case. Конфликтующая колонка cnInvKey переименована в cn_inv_key_new.	2025-09-08 07:40:37.709951	2025-09-08 07:54:07.779517
627	843	4	resolved	2025-09-08 07:40:37.709951	2025-09-08 07:54:07.779517	Имена колонок успешно преобразованы в snake_case. Конфликтующая колонка cnInvKey переименована в cn_inv_key_new.	2025-09-08 07:40:37.709951	2025-09-08 07:54:07.779517
628	844	4	resolved	2025-09-08 07:40:37.709951	2025-09-08 07:54:07.779517	Имена колонок успешно преобразованы в snake_case. Конфликтующая колонка cnInvKey переименована в cn_inv_key_new.	2025-09-08 07:40:37.709951	2025-09-08 07:54:07.779517
629	884	4	resolved	2025-09-08 07:40:37.709951	2025-09-08 07:54:07.779517	Имена колонок успешно преобразованы в snake_case. Конфликтующая колонка cnInvKey переименована в cn_inv_key_new.	2025-09-08 07:40:37.709951	2025-09-08 07:54:07.779517
630	885	4	resolved	2025-09-08 07:40:37.709951	2025-09-08 07:54:07.779517	Имена колонок успешно преобразованы в snake_case. Конфликтующая колонка cnInvKey переименована в cn_inv_key_new.	2025-09-08 07:40:37.709951	2025-09-08 07:54:07.779517
631	886	4	resolved	2025-09-08 07:40:37.709951	2025-09-08 07:54:07.779517	Имена колонок успешно преобразованы в snake_case. Конфликтующая колонка cnInvKey переименована в cn_inv_key_new.	2025-09-08 07:40:37.709951	2025-09-08 07:54:07.779517
632	887	4	resolved	2025-09-08 07:40:37.709951	2025-09-08 07:54:07.779517	Имена колонок успешно преобразованы в snake_case. Конфликтующая колонка cnInvKey переименована в cn_inv_key_new.	2025-09-08 07:40:37.709951	2025-09-08 07:54:07.779517
633	888	4	resolved	2025-09-08 07:40:37.709951	2025-09-08 07:54:07.779517	Имена колонок успешно преобразованы в snake_case. Конфликтующая колонка cnInvKey переименована в cn_inv_key_new.	2025-09-08 07:40:37.709951	2025-09-08 07:54:07.779517
634	889	4	resolved	2025-09-08 07:40:37.709951	2025-09-08 07:54:07.779517	Имена колонок успешно преобразованы в snake_case. Конфликтующая колонка cnInvKey переименована в cn_inv_key_new.	2025-09-08 07:40:37.709951	2025-09-08 07:54:07.779517
635	845	4	resolved	2025-09-08 07:40:37.709951	2025-09-08 07:54:07.779517	Имена колонок успешно преобразованы в snake_case. Конфликтующая колонка cnInvKey переименована в cn_inv_key_new.	2025-09-08 07:40:37.709951	2025-09-08 07:54:07.779517
636	846	4	resolved	2025-09-08 07:40:37.709951	2025-09-08 07:54:07.779517	Имена колонок успешно преобразованы в snake_case. Конфликтующая колонка cnInvKey переименована в cn_inv_key_new.	2025-09-08 07:40:37.709951	2025-09-08 07:54:07.779517
637	847	4	resolved	2025-09-08 07:40:37.709951	2025-09-08 07:54:07.779517	Имена колонок успешно преобразованы в snake_case. Конфликтующая колонка cnInvKey переименована в cn_inv_key_new.	2025-09-08 07:40:37.709951	2025-09-08 07:54:07.779517
638	848	4	resolved	2025-09-08 07:40:37.709951	2025-09-08 07:54:07.779517	Имена колонок успешно преобразованы в snake_case. Конфликтующая колонка cnInvKey переименована в cn_inv_key_new.	2025-09-08 07:40:37.709951	2025-09-08 07:54:07.779517
639	849	4	resolved	2025-09-08 07:40:37.709951	2025-09-08 07:54:07.779517	Имена колонок успешно преобразованы в snake_case. Конфликтующая колонка cnInvKey переименована в cn_inv_key_new.	2025-09-08 07:40:37.709951	2025-09-08 07:54:07.779517
640	850	4	resolved	2025-09-08 07:40:37.709951	2025-09-08 07:54:07.779517	Имена колонок успешно преобразованы в snake_case. Конфликтующая колонка cnInvKey переименована в cn_inv_key_new.	2025-09-08 07:40:37.709951	2025-09-08 07:54:07.779517
641	851	4	resolved	2025-09-08 07:40:37.709951	2025-09-08 07:54:07.779517	Имена колонок успешно преобразованы в snake_case. Конфликтующая колонка cnInvKey переименована в cn_inv_key_new.	2025-09-08 07:40:37.709951	2025-09-08 07:54:07.779517
642	852	4	resolved	2025-09-08 07:40:37.709951	2025-09-08 07:54:07.779517	Имена колонок успешно преобразованы в snake_case. Конфликтующая колонка cnInvKey переименована в cn_inv_key_new.	2025-09-08 07:40:37.709951	2025-09-08 07:54:07.779517
643	853	4	resolved	2025-09-08 07:40:37.709951	2025-09-08 07:54:07.779517	Имена колонок успешно преобразованы в snake_case. Конфликтующая колонка cnInvKey переименована в cn_inv_key_new.	2025-09-08 07:40:37.709951	2025-09-08 07:54:07.779517
644	854	4	resolved	2025-09-08 07:40:37.709951	2025-09-08 07:54:07.779517	Имена колонок успешно преобразованы в snake_case. Конфликтующая колонка cnInvKey переименована в cn_inv_key_new.	2025-09-08 07:40:37.709951	2025-09-08 07:54:07.779517
645	855	4	resolved	2025-09-08 07:40:37.709951	2025-09-08 07:54:07.779517	Имена колонок успешно преобразованы в snake_case. Конфликтующая колонка cnInvKey переименована в cn_inv_key_new.	2025-09-08 07:40:37.709951	2025-09-08 07:54:07.779517
646	856	4	resolved	2025-09-08 07:40:37.709951	2025-09-08 07:54:07.779517	Имена колонок успешно преобразованы в snake_case. Конфликтующая колонка cnInvKey переименована в cn_inv_key_new.	2025-09-08 07:40:37.709951	2025-09-08 07:54:07.779517
647	857	4	resolved	2025-09-08 07:40:37.709951	2025-09-08 07:54:07.779517	Имена колонок успешно преобразованы в snake_case. Конфликтующая колонка cnInvKey переименована в cn_inv_key_new.	2025-09-08 07:40:37.709951	2025-09-08 07:54:07.779517
648	858	4	resolved	2025-09-08 07:40:37.709951	2025-09-08 07:54:07.779517	Имена колонок успешно преобразованы в snake_case. Конфликтующая колонка cnInvKey переименована в cn_inv_key_new.	2025-09-08 07:40:37.709951	2025-09-08 07:54:07.779517
649	859	4	resolved	2025-09-08 07:40:37.709951	2025-09-08 07:54:07.779517	Имена колонок успешно преобразованы в snake_case. Конфликтующая колонка cnInvKey переименована в cn_inv_key_new.	2025-09-08 07:40:37.709951	2025-09-08 07:54:07.779517
650	860	4	resolved	2025-09-08 07:40:37.709951	2025-09-08 07:54:07.779517	Имена колонок успешно преобразованы в snake_case. Конфликтующая колонка cnInvKey переименована в cn_inv_key_new.	2025-09-08 07:40:37.709951	2025-09-08 07:54:07.779517
651	861	4	resolved	2025-09-08 07:40:37.709951	2025-09-08 07:54:07.779517	Имена колонок успешно преобразованы в snake_case. Конфликтующая колонка cnInvKey переименована в cn_inv_key_new.	2025-09-08 07:40:37.709951	2025-09-08 07:54:07.779517
652	924	4	resolved	2025-09-08 07:40:37.709951	2025-09-08 07:54:07.779517	Имена колонок успешно преобразованы в snake_case. Конфликтующая колонка cnInvKey переименована в cn_inv_key_new.	2025-09-08 07:40:37.709951	2025-09-08 07:54:07.779517
653	925	4	resolved	2025-09-08 07:40:37.709951	2025-09-08 07:54:07.779517	Имена колонок успешно преобразованы в snake_case. Конфликтующая колонка cnInvKey переименована в cn_inv_key_new.	2025-09-08 07:40:37.709951	2025-09-08 07:54:07.779517
654	926	4	resolved	2025-09-08 07:40:37.709951	2025-09-08 07:54:07.779517	Имена колонок успешно преобразованы в snake_case. Конфликтующая колонка cnInvKey переименована в cn_inv_key_new.	2025-09-08 07:40:37.709951	2025-09-08 07:54:07.779517
655	927	4	resolved	2025-09-08 07:40:37.709951	2025-09-08 07:54:07.779517	Имена колонок успешно преобразованы в snake_case. Конфликтующая колонка cnInvKey переименована в cn_inv_key_new.	2025-09-08 07:40:37.709951	2025-09-08 07:54:07.779517
656	928	4	resolved	2025-09-08 07:40:37.709951	2025-09-08 07:54:07.779517	Имена колонок успешно преобразованы в snake_case. Конфликтующая колонка cnInvKey переименована в cn_inv_key_new.	2025-09-08 07:40:37.709951	2025-09-08 07:54:07.779517
657	862	4	resolved	2025-09-08 07:40:37.709951	2025-09-08 07:54:07.779517	Имена колонок успешно преобразованы в snake_case. Конфликтующая колонка cnInvKey переименована в cn_inv_key_new.	2025-09-08 07:40:37.709951	2025-09-08 07:54:07.779517
658	863	4	resolved	2025-09-08 07:40:37.709951	2025-09-08 07:54:07.779517	Имена колонок успешно преобразованы в snake_case. Конфликтующая колонка cnInvKey переименована в cn_inv_key_new.	2025-09-08 07:40:37.709951	2025-09-08 07:54:07.779517
659	864	4	resolved	2025-09-08 07:40:37.709951	2025-09-08 07:54:07.779517	Имена колонок успешно преобразованы в snake_case. Конфликтующая колонка cnInvKey переименована в cn_inv_key_new.	2025-09-08 07:40:37.709951	2025-09-08 07:54:07.779517
660	865	4	resolved	2025-09-08 07:40:37.709951	2025-09-08 07:54:07.779517	Имена колонок успешно преобразованы в snake_case. Конфликтующая колонка cnInvKey переименована в cn_inv_key_new.	2025-09-08 07:40:37.709951	2025-09-08 07:54:07.779517
661	866	4	resolved	2025-09-08 07:40:37.709951	2025-09-08 07:54:07.779517	Имена колонок успешно преобразованы в snake_case. Конфликтующая колонка cnInvKey переименована в cn_inv_key_new.	2025-09-08 07:40:37.709951	2025-09-08 07:54:07.779517
662	867	4	resolved	2025-09-08 07:40:37.709951	2025-09-08 07:54:07.779517	Имена колонок успешно преобразованы в snake_case. Конфликтующая колонка cnInvKey переименована в cn_inv_key_new.	2025-09-08 07:40:37.709951	2025-09-08 07:54:07.779517
663	868	4	resolved	2025-09-08 07:40:37.709951	2025-09-08 07:54:07.779517	Имена колонок успешно преобразованы в snake_case. Конфликтующая колонка cnInvKey переименована в cn_inv_key_new.	2025-09-08 07:40:37.709951	2025-09-08 07:54:07.779517
664	869	4	resolved	2025-09-08 07:40:37.709951	2025-09-08 07:54:07.779517	Имена колонок успешно преобразованы в snake_case. Конфликтующая колонка cnInvKey переименована в cn_inv_key_new.	2025-09-08 07:40:37.709951	2025-09-08 07:54:07.779517
665	870	4	resolved	2025-09-08 07:40:37.709951	2025-09-08 07:54:07.779517	Имена колонок успешно преобразованы в snake_case. Конфликтующая колонка cnInvKey переименована в cn_inv_key_new.	2025-09-08 07:40:37.709951	2025-09-08 07:54:07.779517
666	871	4	resolved	2025-09-08 07:40:37.709951	2025-09-08 07:54:07.779517	Имена колонок успешно преобразованы в snake_case. Конфликтующая колонка cnInvKey переименована в cn_inv_key_new.	2025-09-08 07:40:37.709951	2025-09-08 07:54:07.779517
667	872	4	resolved	2025-09-08 07:40:37.709951	2025-09-08 07:54:07.779517	Имена колонок успешно преобразованы в snake_case. Конфликтующая колонка cnInvKey переименована в cn_inv_key_new.	2025-09-08 07:40:37.709951	2025-09-08 07:54:07.779517
668	873	4	resolved	2025-09-08 07:40:37.709951	2025-09-08 07:54:07.779517	Имена колонок успешно преобразованы в snake_case. Конфликтующая колонка cnInvKey переименована в cn_inv_key_new.	2025-09-08 07:40:37.709951	2025-09-08 07:54:07.779517
669	874	4	resolved	2025-09-08 07:40:37.709951	2025-09-08 07:54:07.779517	Имена колонок успешно преобразованы в snake_case. Конфликтующая колонка cnInvKey переименована в cn_inv_key_new.	2025-09-08 07:40:37.709951	2025-09-08 07:54:07.779517
670	875	4	resolved	2025-09-08 07:40:37.709951	2025-09-08 07:54:07.779517	Имена колонок успешно преобразованы в snake_case. Конфликтующая колонка cnInvKey переименована в cn_inv_key_new.	2025-09-08 07:40:37.709951	2025-09-08 07:54:07.779517
671	876	4	resolved	2025-09-08 07:40:37.709951	2025-09-08 07:54:07.779517	Имена колонок успешно преобразованы в snake_case. Конфликтующая колонка cnInvKey переименована в cn_inv_key_new.	2025-09-08 07:40:37.709951	2025-09-08 07:54:07.779517
672	877	4	resolved	2025-09-08 07:40:37.709951	2025-09-08 07:54:07.779517	Имена колонок успешно преобразованы в snake_case. Конфликтующая колонка cnInvKey переименована в cn_inv_key_new.	2025-09-08 07:40:37.709951	2025-09-08 07:54:07.779517
673	878	4	resolved	2025-09-08 07:40:37.709951	2025-09-08 07:54:07.779517	Имена колонок успешно преобразованы в snake_case. Конфликтующая колонка cnInvKey переименована в cn_inv_key_new.	2025-09-08 07:40:37.709951	2025-09-08 07:54:07.779517
674	879	4	resolved	2025-09-08 07:40:37.709951	2025-09-08 07:54:07.779517	Имена колонок успешно преобразованы в snake_case. Конфликтующая колонка cnInvKey переименована в cn_inv_key_new.	2025-09-08 07:40:37.709951	2025-09-08 07:54:07.779517
675	880	4	resolved	2025-09-08 07:40:37.709951	2025-09-08 07:54:07.779517	Имена колонок успешно преобразованы в snake_case. Конфликтующая колонка cnInvKey переименована в cn_inv_key_new.	2025-09-08 07:40:37.709951	2025-09-08 07:54:07.779517
676	881	4	resolved	2025-09-08 07:40:37.709951	2025-09-08 07:54:07.779517	Имена колонок успешно преобразованы в snake_case. Конфликтующая колонка cnInvKey переименована в cn_inv_key_new.	2025-09-08 07:40:37.709951	2025-09-08 07:54:07.779517
677	882	4	resolved	2025-09-08 07:40:37.709951	2025-09-08 07:54:07.779517	Имена колонок успешно преобразованы в snake_case. Конфликтующая колонка cnInvKey переименована в cn_inv_key_new.	2025-09-08 07:40:37.709951	2025-09-08 07:54:07.779517
678	883	4	resolved	2025-09-08 07:40:37.709951	2025-09-08 07:54:07.779517	Имена колонок успешно преобразованы в snake_case. Конфликтующая колонка cnInvKey переименована в cn_inv_key_new.	2025-09-08 07:40:37.709951	2025-09-08 07:54:07.779517
679	891	4	resolved	2025-09-08 07:40:37.709951	2025-09-08 07:54:07.779517	Имена колонок успешно преобразованы в snake_case. Конфликтующая колонка cnInvKey переименована в cn_inv_key_new.	2025-09-08 07:40:37.709951	2025-09-08 07:54:07.779517
680	892	4	resolved	2025-09-08 07:40:37.709951	2025-09-08 07:54:07.779517	Имена колонок успешно преобразованы в snake_case. Конфликтующая колонка cnInvKey переименована в cn_inv_key_new.	2025-09-08 07:40:37.709951	2025-09-08 07:54:07.779517
681	893	4	resolved	2025-09-08 07:40:37.709951	2025-09-08 07:54:07.779517	Имена колонок успешно преобразованы в snake_case. Конфликтующая колонка cnInvKey переименована в cn_inv_key_new.	2025-09-08 07:40:37.709951	2025-09-08 07:54:07.779517
682	894	4	resolved	2025-09-08 07:40:37.709951	2025-09-08 07:54:07.779517	Имена колонок успешно преобразованы в snake_case. Конфликтующая колонка cnInvKey переименована в cn_inv_key_new.	2025-09-08 07:40:37.709951	2025-09-08 07:54:07.779517
683	895	4	resolved	2025-09-08 07:40:37.709951	2025-09-08 07:54:07.779517	Имена колонок успешно преобразованы в snake_case. Конфликтующая колонка cnInvKey переименована в cn_inv_key_new.	2025-09-08 07:40:37.709951	2025-09-08 07:54:07.779517
684	896	4	resolved	2025-09-08 07:40:37.709951	2025-09-08 07:54:07.779517	Имена колонок успешно преобразованы в snake_case. Конфликтующая колонка cnInvKey переименована в cn_inv_key_new.	2025-09-08 07:40:37.709951	2025-09-08 07:54:07.779517
685	897	4	resolved	2025-09-08 07:40:37.709951	2025-09-08 07:54:07.779517	Имена колонок успешно преобразованы в snake_case. Конфликтующая колонка cnInvKey переименована в cn_inv_key_new.	2025-09-08 07:40:37.709951	2025-09-08 07:54:07.779517
686	898	4	resolved	2025-09-08 07:40:37.709951	2025-09-08 07:54:07.779517	Имена колонок успешно преобразованы в snake_case. Конфликтующая колонка cnInvKey переименована в cn_inv_key_new.	2025-09-08 07:40:37.709951	2025-09-08 07:54:07.779517
687	899	4	resolved	2025-09-08 07:40:37.709951	2025-09-08 07:54:07.779517	Имена колонок успешно преобразованы в snake_case. Конфликтующая колонка cnInvKey переименована в cn_inv_key_new.	2025-09-08 07:40:37.709951	2025-09-08 07:54:07.779517
688	900	4	resolved	2025-09-08 07:40:37.709951	2025-09-08 07:54:07.779517	Имена колонок успешно преобразованы в snake_case. Конфликтующая колонка cnInvKey переименована в cn_inv_key_new.	2025-09-08 07:40:37.709951	2025-09-08 07:54:07.779517
689	901	4	resolved	2025-09-08 07:40:37.709951	2025-09-08 07:54:07.779517	Имена колонок успешно преобразованы в snake_case. Конфликтующая колонка cnInvKey переименована в cn_inv_key_new.	2025-09-08 07:40:37.709951	2025-09-08 07:54:07.779517
690	902	4	resolved	2025-09-08 07:40:37.709951	2025-09-08 07:54:07.779517	Имена колонок успешно преобразованы в snake_case. Конфликтующая колонка cnInvKey переименована в cn_inv_key_new.	2025-09-08 07:40:37.709951	2025-09-08 07:54:07.779517
691	903	4	resolved	2025-09-08 07:40:37.709951	2025-09-08 07:54:07.779517	Имена колонок успешно преобразованы в snake_case. Конфликтующая колонка cnInvKey переименована в cn_inv_key_new.	2025-09-08 07:40:37.709951	2025-09-08 07:54:07.779517
692	904	4	resolved	2025-09-08 07:40:37.709951	2025-09-08 07:54:07.779517	Имена колонок успешно преобразованы в snake_case. Конфликтующая колонка cnInvKey переименована в cn_inv_key_new.	2025-09-08 07:40:37.709951	2025-09-08 07:54:07.779517
693	905	4	resolved	2025-09-08 07:40:37.709951	2025-09-08 07:54:07.779517	Имена колонок успешно преобразованы в snake_case. Конфликтующая колонка cnInvKey переименована в cn_inv_key_new.	2025-09-08 07:40:37.709951	2025-09-08 07:54:07.779517
694	906	4	resolved	2025-09-08 07:40:37.709951	2025-09-08 07:54:07.779517	Имена колонок успешно преобразованы в snake_case. Конфликтующая колонка cnInvKey переименована в cn_inv_key_new.	2025-09-08 07:40:37.709951	2025-09-08 07:54:07.779517
695	907	4	resolved	2025-09-08 07:40:37.709951	2025-09-08 07:54:07.779517	Имена колонок успешно преобразованы в snake_case. Конфликтующая колонка cnInvKey переименована в cn_inv_key_new.	2025-09-08 07:40:37.709951	2025-09-08 07:54:07.779517
696	908	4	resolved	2025-09-08 07:40:37.709951	2025-09-08 07:54:07.779517	Имена колонок успешно преобразованы в snake_case. Конфликтующая колонка cnInvKey переименована в cn_inv_key_new.	2025-09-08 07:40:37.709951	2025-09-08 07:54:07.779517
697	909	4	resolved	2025-09-08 07:40:37.709951	2025-09-08 07:54:07.779517	Имена колонок успешно преобразованы в snake_case. Конфликтующая колонка cnInvKey переименована в cn_inv_key_new.	2025-09-08 07:40:37.709951	2025-09-08 07:54:07.779517
698	910	4	resolved	2025-09-08 07:40:37.709951	2025-09-08 07:54:07.779517	Имена колонок успешно преобразованы в snake_case. Конфликтующая колонка cnInvKey переименована в cn_inv_key_new.	2025-09-08 07:40:37.709951	2025-09-08 07:54:07.779517
699	911	4	resolved	2025-09-08 07:40:37.709951	2025-09-08 07:54:07.779517	Имена колонок успешно преобразованы в snake_case. Конфликтующая колонка cnInvKey переименована в cn_inv_key_new.	2025-09-08 07:40:37.709951	2025-09-08 07:54:07.779517
700	912	4	resolved	2025-09-08 07:40:37.709951	2025-09-08 07:54:07.779517	Имена колонок успешно преобразованы в snake_case. Конфликтующая колонка cnInvKey переименована в cn_inv_key_new.	2025-09-08 07:40:37.709951	2025-09-08 07:54:07.779517
701	913	4	resolved	2025-09-08 07:40:37.709951	2025-09-08 07:54:07.779517	Имена колонок успешно преобразованы в snake_case. Конфликтующая колонка cnInvKey переименована в cn_inv_key_new.	2025-09-08 07:40:37.709951	2025-09-08 07:54:07.779517
702	914	4	resolved	2025-09-08 07:40:37.709951	2025-09-08 07:54:07.779517	Имена колонок успешно преобразованы в snake_case. Конфликтующая колонка cnInvKey переименована в cn_inv_key_new.	2025-09-08 07:40:37.709951	2025-09-08 07:54:07.779517
703	915	4	resolved	2025-09-08 07:40:37.709951	2025-09-08 07:54:07.779517	Имена колонок успешно преобразованы в snake_case. Конфликтующая колонка cnInvKey переименована в cn_inv_key_new.	2025-09-08 07:40:37.709951	2025-09-08 07:54:07.779517
704	916	4	resolved	2025-09-08 07:40:37.709951	2025-09-08 07:54:07.779517	Имена колонок успешно преобразованы в snake_case. Конфликтующая колонка cnInvKey переименована в cn_inv_key_new.	2025-09-08 07:40:37.709951	2025-09-08 07:54:07.779517
705	917	4	resolved	2025-09-08 07:40:37.709951	2025-09-08 07:54:07.779517	Имена колонок успешно преобразованы в snake_case. Конфликтующая колонка cnInvKey переименована в cn_inv_key_new.	2025-09-08 07:40:37.709951	2025-09-08 07:54:07.779517
706	918	4	resolved	2025-09-08 07:40:37.709951	2025-09-08 07:54:07.779517	Имена колонок успешно преобразованы в snake_case. Конфликтующая колонка cnInvKey переименована в cn_inv_key_new.	2025-09-08 07:40:37.709951	2025-09-08 07:54:07.779517
707	919	4	resolved	2025-09-08 07:40:37.709951	2025-09-08 07:54:07.779517	Имена колонок успешно преобразованы в snake_case. Конфликтующая колонка cnInvKey переименована в cn_inv_key_new.	2025-09-08 07:40:37.709951	2025-09-08 07:54:07.779517
708	920	4	resolved	2025-09-08 07:40:37.709951	2025-09-08 07:54:07.779517	Имена колонок успешно преобразованы в snake_case. Конфликтующая колонка cnInvKey переименована в cn_inv_key_new.	2025-09-08 07:40:37.709951	2025-09-08 07:54:07.779517
709	921	4	resolved	2025-09-08 07:40:37.709951	2025-09-08 07:54:07.779517	Имена колонок успешно преобразованы в snake_case. Конфликтующая колонка cnInvKey переименована в cn_inv_key_new.	2025-09-08 07:40:37.709951	2025-09-08 07:54:07.779517
710	922	4	resolved	2025-09-08 07:40:37.709951	2025-09-08 07:54:07.779517	Имена колонок успешно преобразованы в snake_case. Конфликтующая колонка cnInvKey переименована в cn_inv_key_new.	2025-09-08 07:40:37.709951	2025-09-08 07:54:07.779517
711	923	4	resolved	2025-09-08 07:40:37.709951	2025-09-08 07:54:07.779517	Имена колонок успешно преобразованы в snake_case. Конфликтующая колонка cnInvKey переименована в cn_inv_key_new.	2025-09-08 07:40:37.709951	2025-09-08 07:54:07.779517
712	929	4	resolved	2025-09-08 07:40:37.709951	2025-09-08 07:54:07.779517	Имена колонок успешно преобразованы в snake_case. Конфликтующая колонка cnInvKey переименована в cn_inv_key_new.	2025-09-08 07:40:37.709951	2025-09-08 07:54:07.779517
713	930	4	resolved	2025-09-08 07:40:37.709951	2025-09-08 07:54:07.779517	Имена колонок успешно преобразованы в snake_case. Конфликтующая колонка cnInvKey переименована в cn_inv_key_new.	2025-09-08 07:40:37.709951	2025-09-08 07:54:07.779517
714	931	4	resolved	2025-09-08 07:40:37.709951	2025-09-08 07:54:07.779517	Имена колонок успешно преобразованы в snake_case. Конфликтующая колонка cnInvKey переименована в cn_inv_key_new.	2025-09-08 07:40:37.709951	2025-09-08 07:54:07.779517
715	932	4	resolved	2025-09-08 07:40:37.709951	2025-09-08 07:54:07.779517	Имена колонок успешно преобразованы в snake_case. Конфликтующая колонка cnInvKey переименована в cn_inv_key_new.	2025-09-08 07:40:37.709951	2025-09-08 07:54:07.779517
716	933	4	resolved	2025-09-08 07:40:37.709951	2025-09-08 07:54:07.779517	Имена колонок успешно преобразованы в snake_case. Конфликтующая колонка cnInvKey переименована в cn_inv_key_new.	2025-09-08 07:40:37.709951	2025-09-08 07:54:07.779517
717	934	4	resolved	2025-09-08 07:40:37.709951	2025-09-08 07:54:07.779517	Имена колонок успешно преобразованы в snake_case. Конфликтующая колонка cnInvKey переименована в cn_inv_key_new.	2025-09-08 07:40:37.709951	2025-09-08 07:54:07.779517
718	935	4	resolved	2025-09-08 07:40:37.709951	2025-09-08 07:54:07.779517	Имена колонок успешно преобразованы в snake_case. Конфликтующая колонка cnInvKey переименована в cn_inv_key_new.	2025-09-08 07:40:37.709951	2025-09-08 07:54:07.779517
719	936	4	resolved	2025-09-08 07:40:37.709951	2025-09-08 07:54:07.779517	Имена колонок успешно преобразованы в snake_case. Конфликтующая колонка cnInvKey переименована в cn_inv_key_new.	2025-09-08 07:40:37.709951	2025-09-08 07:54:07.779517
720	937	4	resolved	2025-09-08 07:40:37.709951	2025-09-08 07:54:07.779517	Имена колонок успешно преобразованы в snake_case. Конфликтующая колонка cnInvKey переименована в cn_inv_key_new.	2025-09-08 07:40:37.709951	2025-09-08 07:54:07.779517
721	938	4	resolved	2025-09-08 07:40:37.709951	2025-09-08 07:54:07.779517	Имена колонок успешно преобразованы в snake_case. Конфликтующая колонка cnInvKey переименована в cn_inv_key_new.	2025-09-08 07:40:37.709951	2025-09-08 07:54:07.779517
722	939	4	resolved	2025-09-08 07:40:37.709951	2025-09-08 07:54:07.779517	Имена колонок успешно преобразованы в snake_case. Конфликтующая колонка cnInvKey переименована в cn_inv_key_new.	2025-09-08 07:40:37.709951	2025-09-08 07:54:07.779517
723	940	4	resolved	2025-09-08 07:40:37.709951	2025-09-08 07:54:07.779517	Имена колонок успешно преобразованы в snake_case. Конфликтующая колонка cnInvKey переименована в cn_inv_key_new.	2025-09-08 07:40:37.709951	2025-09-08 07:54:07.779517
724	941	4	resolved	2025-09-08 07:40:37.709951	2025-09-08 07:54:07.779517	Имена колонок успешно преобразованы в snake_case. Конфликтующая колонка cnInvKey переименована в cn_inv_key_new.	2025-09-08 07:40:37.709951	2025-09-08 07:54:07.779517
725	942	4	resolved	2025-09-08 07:40:37.709951	2025-09-08 07:54:07.779517	Имена колонок успешно преобразованы в snake_case. Конфликтующая колонка cnInvKey переименована в cn_inv_key_new.	2025-09-08 07:40:37.709951	2025-09-08 07:54:07.779517
726	943	4	resolved	2025-09-08 07:40:37.709951	2025-09-08 07:54:07.779517	Имена колонок успешно преобразованы в snake_case. Конфликтующая колонка cnInvKey переименована в cn_inv_key_new.	2025-09-08 07:40:37.709951	2025-09-08 07:54:07.779517
727	944	4	resolved	2025-09-08 07:40:37.709951	2025-09-08 07:54:07.779517	Имена колонок успешно преобразованы в snake_case. Конфликтующая колонка cnInvKey переименована в cn_inv_key_new.	2025-09-08 07:40:37.709951	2025-09-08 07:54:07.779517
728	945	4	resolved	2025-09-08 07:40:37.709951	2025-09-08 07:54:07.779517	Имена колонок успешно преобразованы в snake_case. Конфликтующая колонка cnInvKey переименована в cn_inv_key_new.	2025-09-08 07:40:37.709951	2025-09-08 07:54:07.779517
729	946	4	resolved	2025-09-08 07:40:37.709951	2025-09-08 07:54:07.779517	Имена колонок успешно преобразованы в snake_case. Конфликтующая колонка cnInvKey переименована в cn_inv_key_new.	2025-09-08 07:40:37.709951	2025-09-08 07:54:07.779517
730	947	4	resolved	2025-09-08 07:40:37.709951	2025-09-08 07:54:07.779517	Имена колонок успешно преобразованы в snake_case. Конфликтующая колонка cnInvKey переименована в cn_inv_key_new.	2025-09-08 07:40:37.709951	2025-09-08 07:54:07.779517
731	948	4	resolved	2025-09-08 07:40:37.709951	2025-09-08 07:54:07.779517	Имена колонок успешно преобразованы в snake_case. Конфликтующая колонка cnInvKey переименована в cn_inv_key_new.	2025-09-08 07:40:37.709951	2025-09-08 07:54:07.779517
732	949	4	resolved	2025-09-08 07:40:37.709951	2025-09-08 07:54:07.779517	Имена колонок успешно преобразованы в snake_case. Конфликтующая колонка cnInvKey переименована в cn_inv_key_new.	2025-09-08 07:40:37.709951	2025-09-08 07:54:07.779517
733	950	4	resolved	2025-09-08 07:40:37.709951	2025-09-08 07:54:07.779517	Имена колонок успешно преобразованы в snake_case. Конфликтующая колонка cnInvKey переименована в cn_inv_key_new.	2025-09-08 07:40:37.709951	2025-09-08 07:54:07.779517
734	951	4	resolved	2025-09-08 07:40:37.709951	2025-09-08 07:54:07.779517	Имена колонок успешно преобразованы в snake_case. Конфликтующая колонка cnInvKey переименована в cn_inv_key_new.	2025-09-08 07:40:37.709951	2025-09-08 07:54:07.779517
735	952	4	resolved	2025-09-08 07:40:37.709951	2025-09-08 07:54:07.779517	Имена колонок успешно преобразованы в snake_case. Конфликтующая колонка cnInvKey переименована в cn_inv_key_new.	2025-09-08 07:40:37.709951	2025-09-08 07:54:07.779517
736	953	4	resolved	2025-09-08 07:40:37.709951	2025-09-08 07:54:07.779517	Имена колонок успешно преобразованы в snake_case. Конфликтующая колонка cnInvKey переименована в cn_inv_key_new.	2025-09-08 07:40:37.709951	2025-09-08 07:54:07.779517
737	954	4	resolved	2025-09-08 07:40:37.709951	2025-09-08 07:54:07.779517	Имена колонок успешно преобразованы в snake_case. Конфликтующая колонка cnInvKey переименована в cn_inv_key_new.	2025-09-08 07:40:37.709951	2025-09-08 07:54:07.779517
738	955	4	resolved	2025-09-08 07:40:37.709951	2025-09-08 07:54:07.779517	Имена колонок успешно преобразованы в snake_case. Конфликтующая колонка cnInvKey переименована в cn_inv_key_new.	2025-09-08 07:40:37.709951	2025-09-08 07:54:07.779517
739	956	4	resolved	2025-09-08 07:40:37.709951	2025-09-08 07:54:07.779517	Имена колонок успешно преобразованы в snake_case. Конфликтующая колонка cnInvKey переименована в cn_inv_key_new.	2025-09-08 07:40:37.709951	2025-09-08 07:54:07.779517
740	957	4	resolved	2025-09-08 07:40:37.709951	2025-09-08 07:54:07.779517	Имена колонок успешно преобразованы в snake_case. Конфликтующая колонка cnInvKey переименована в cn_inv_key_new.	2025-09-08 07:40:37.709951	2025-09-08 07:54:07.779517
741	958	4	resolved	2025-09-08 07:40:37.709951	2025-09-08 07:54:07.779517	Имена колонок успешно преобразованы в snake_case. Конфликтующая колонка cnInvKey переименована в cn_inv_key_new.	2025-09-08 07:40:37.709951	2025-09-08 07:54:07.779517
742	959	4	resolved	2025-09-08 07:40:37.709951	2025-09-08 07:54:07.779517	Имена колонок успешно преобразованы в snake_case. Конфликтующая колонка cnInvKey переименована в cn_inv_key_new.	2025-09-08 07:40:37.709951	2025-09-08 07:54:07.779517
743	960	4	resolved	2025-09-08 07:40:37.709951	2025-09-08 07:54:07.779517	Имена колонок успешно преобразованы в snake_case. Конфликтующая колонка cnInvKey переименована в cn_inv_key_new.	2025-09-08 07:40:37.709951	2025-09-08 07:54:07.779517
744	961	4	resolved	2025-09-08 07:40:37.709951	2025-09-08 07:54:07.779517	Имена колонок успешно преобразованы в snake_case. Конфликтующая колонка cnInvKey переименована в cn_inv_key_new.	2025-09-08 07:40:37.709951	2025-09-08 07:54:07.779517
745	962	4	resolved	2025-09-08 07:40:37.709951	2025-09-08 07:54:07.779517	Имена колонок успешно преобразованы в snake_case. Конфликтующая колонка cnInvKey переименована в cn_inv_key_new.	2025-09-08 07:40:37.709951	2025-09-08 07:54:07.779517
746	963	4	resolved	2025-09-08 07:40:37.709951	2025-09-08 07:54:07.779517	Имена колонок успешно преобразованы в snake_case. Конфликтующая колонка cnInvKey переименована в cn_inv_key_new.	2025-09-08 07:40:37.709951	2025-09-08 07:54:07.779517
747	964	4	resolved	2025-09-08 07:40:37.709951	2025-09-08 07:54:07.779517	Имена колонок успешно преобразованы в snake_case. Конфликтующая колонка cnInvKey переименована в cn_inv_key_new.	2025-09-08 07:40:37.709951	2025-09-08 07:54:07.779517
748	965	4	resolved	2025-09-08 07:40:37.709951	2025-09-08 07:54:07.779517	Имена колонок успешно преобразованы в snake_case. Конфликтующая колонка cnInvKey переименована в cn_inv_key_new.	2025-09-08 07:40:37.709951	2025-09-08 07:54:07.779517
749	966	4	resolved	2025-09-08 07:40:37.709951	2025-09-08 07:54:07.779517	Имена колонок успешно преобразованы в snake_case. Конфликтующая колонка cnInvKey переименована в cn_inv_key_new.	2025-09-08 07:40:37.709951	2025-09-08 07:54:07.779517
750	967	4	resolved	2025-09-08 07:40:37.709951	2025-09-08 07:54:07.779517	Имена колонок успешно преобразованы в snake_case. Конфликтующая колонка cnInvKey переименована в cn_inv_key_new.	2025-09-08 07:40:37.709951	2025-09-08 07:54:07.779517
751	968	4	resolved	2025-09-08 07:40:37.709951	2025-09-08 07:54:07.779517	Имена колонок успешно преобразованы в snake_case. Конфликтующая колонка cnInvKey переименована в cn_inv_key_new.	2025-09-08 07:40:37.709951	2025-09-08 07:54:07.779517
752	969	4	resolved	2025-09-08 07:40:37.709951	2025-09-08 07:54:07.779517	Имена колонок успешно преобразованы в snake_case. Конфликтующая колонка cnInvKey переименована в cn_inv_key_new.	2025-09-08 07:40:37.709951	2025-09-08 07:54:07.779517
753	970	4	resolved	2025-09-08 07:40:37.709951	2025-09-08 07:54:07.779517	Имена колонок успешно преобразованы в snake_case. Конфликтующая колонка cnInvKey переименована в cn_inv_key_new.	2025-09-08 07:40:37.709951	2025-09-08 07:54:07.779517
754	971	4	resolved	2025-09-08 07:40:37.709951	2025-09-08 07:54:07.779517	Имена колонок успешно преобразованы в snake_case. Конфликтующая колонка cnInvKey переименована в cn_inv_key_new.	2025-09-08 07:40:37.709951	2025-09-08 07:54:07.779517
755	972	4	resolved	2025-09-08 07:40:37.709951	2025-09-08 07:54:07.779517	Имена колонок успешно преобразованы в snake_case. Конфликтующая колонка cnInvKey переименована в cn_inv_key_new.	2025-09-08 07:40:37.709951	2025-09-08 07:54:07.779517
756	973	4	resolved	2025-09-08 07:40:37.709951	2025-09-08 07:54:07.779517	Имена колонок успешно преобразованы в snake_case. Конфликтующая колонка cnInvKey переименована в cn_inv_key_new.	2025-09-08 07:40:37.709951	2025-09-08 07:54:07.779517
757	974	4	resolved	2025-09-08 07:40:37.709951	2025-09-08 07:54:07.779517	Имена колонок успешно преобразованы в snake_case. Конфликтующая колонка cnInvKey переименована в cn_inv_key_new.	2025-09-08 07:40:37.709951	2025-09-08 07:54:07.779517
758	975	4	resolved	2025-09-08 07:40:37.709951	2025-09-08 07:54:07.779517	Имена колонок успешно преобразованы в snake_case. Конфликтующая колонка cnInvKey переименована в cn_inv_key_new.	2025-09-08 07:40:37.709951	2025-09-08 07:54:07.779517
759	976	4	resolved	2025-09-08 07:40:37.709951	2025-09-08 07:54:07.779517	Имена колонок успешно преобразованы в snake_case. Конфликтующая колонка cnInvKey переименована в cn_inv_key_new.	2025-09-08 07:40:37.709951	2025-09-08 07:54:07.779517
760	977	4	resolved	2025-09-08 07:40:37.709951	2025-09-08 07:54:07.779517	Имена колонок успешно преобразованы в snake_case. Конфликтующая колонка cnInvKey переименована в cn_inv_key_new.	2025-09-08 07:40:37.709951	2025-09-08 07:54:07.779517
761	978	4	resolved	2025-09-08 07:40:37.709951	2025-09-08 07:54:07.779517	Имена колонок успешно преобразованы в snake_case. Конфликтующая колонка cnInvKey переименована в cn_inv_key_new.	2025-09-08 07:40:37.709951	2025-09-08 07:54:07.779517
762	979	4	resolved	2025-09-08 07:40:37.709951	2025-09-08 07:54:07.779517	Имена колонок успешно преобразованы в snake_case. Конфликтующая колонка cnInvKey переименована в cn_inv_key_new.	2025-09-08 07:40:37.709951	2025-09-08 07:54:07.779517
763	980	4	resolved	2025-09-08 07:40:37.709951	2025-09-08 07:54:07.779517	Имена колонок успешно преобразованы в snake_case. Конфликтующая колонка cnInvKey переименована в cn_inv_key_new.	2025-09-08 07:40:37.709951	2025-09-08 07:54:07.779517
764	981	4	resolved	2025-09-08 07:40:37.709951	2025-09-08 07:54:07.779517	Имена колонок успешно преобразованы в snake_case. Конфликтующая колонка cnInvKey переименована в cn_inv_key_new.	2025-09-08 07:40:37.709951	2025-09-08 07:54:07.779517
765	982	4	resolved	2025-09-08 07:40:37.709951	2025-09-08 07:54:07.779517	Имена колонок успешно преобразованы в snake_case. Конфликтующая колонка cnInvKey переименована в cn_inv_key_new.	2025-09-08 07:40:37.709951	2025-09-08 07:54:07.779517
766	983	4	resolved	2025-09-08 07:40:37.709951	2025-09-08 07:54:07.779517	Имена колонок успешно преобразованы в snake_case. Конфликтующая колонка cnInvKey переименована в cn_inv_key_new.	2025-09-08 07:40:37.709951	2025-09-08 07:54:07.779517
767	984	4	resolved	2025-09-08 07:40:37.709951	2025-09-08 07:54:07.779517	Имена колонок успешно преобразованы в snake_case. Конфликтующая колонка cnInvKey переименована в cn_inv_key_new.	2025-09-08 07:40:37.709951	2025-09-08 07:54:07.779517
768	985	4	resolved	2025-09-08 07:40:37.709951	2025-09-08 07:54:07.779517	Имена колонок успешно преобразованы в snake_case. Конфликтующая колонка cnInvKey переименована в cn_inv_key_new.	2025-09-08 07:40:37.709951	2025-09-08 07:54:07.779517
769	986	4	resolved	2025-09-08 07:40:37.709951	2025-09-08 07:54:07.779517	Имена колонок успешно преобразованы в snake_case. Конфликтующая колонка cnInvKey переименована в cn_inv_key_new.	2025-09-08 07:40:37.709951	2025-09-08 07:54:07.779517
770	987	4	resolved	2025-09-08 07:40:37.709951	2025-09-08 07:54:07.779517	Имена колонок успешно преобразованы в snake_case. Конфликтующая колонка cnInvKey переименована в cn_inv_key_new.	2025-09-08 07:40:37.709951	2025-09-08 07:54:07.779517
771	988	4	resolved	2025-09-08 07:40:37.709951	2025-09-08 07:54:07.779517	Имена колонок успешно преобразованы в snake_case. Конфликтующая колонка cnInvKey переименована в cn_inv_key_new.	2025-09-08 07:40:37.709951	2025-09-08 07:54:07.779517
772	989	4	resolved	2025-09-08 07:40:37.709951	2025-09-08 07:54:07.779517	Имена колонок успешно преобразованы в snake_case. Конфликтующая колонка cnInvKey переименована в cn_inv_key_new.	2025-09-08 07:40:37.709951	2025-09-08 07:54:07.779517
773	990	4	resolved	2025-09-08 07:40:37.709951	2025-09-08 07:54:07.779517	Имена колонок успешно преобразованы в snake_case. Конфликтующая колонка cnInvKey переименована в cn_inv_key_new.	2025-09-08 07:40:37.709951	2025-09-08 07:54:07.779517
774	991	4	resolved	2025-09-08 07:40:37.709951	2025-09-08 07:54:07.779517	Имена колонок успешно преобразованы в snake_case. Конфликтующая колонка cnInvKey переименована в cn_inv_key_new.	2025-09-08 07:40:37.709951	2025-09-08 07:54:07.779517
775	992	4	resolved	2025-09-08 07:40:37.709951	2025-09-08 07:54:07.779517	Имена колонок успешно преобразованы в snake_case. Конфликтующая колонка cnInvKey переименована в cn_inv_key_new.	2025-09-08 07:40:37.709951	2025-09-08 07:54:07.779517
776	993	4	resolved	2025-09-08 07:40:37.709951	2025-09-08 07:54:07.779517	Имена колонок успешно преобразованы в snake_case. Конфликтующая колонка cnInvKey переименована в cn_inv_key_new.	2025-09-08 07:40:37.709951	2025-09-08 07:54:07.779517
777	998	4	resolved	2025-09-08 07:40:37.709951	2025-09-08 07:54:07.779517	Имена колонок успешно преобразованы в snake_case. Конфликтующая колонка cnInvKey переименована в cn_inv_key_new.	2025-09-08 07:40:37.709951	2025-09-08 07:54:07.779517
778	999	4	resolved	2025-09-08 07:40:37.709951	2025-09-08 07:54:07.779517	Имена колонок успешно преобразованы в snake_case. Конфликтующая колонка cnInvKey переименована в cn_inv_key_new.	2025-09-08 07:40:37.709951	2025-09-08 07:54:07.779517
779	1003	4	resolved	2025-09-08 07:40:37.709951	2025-09-08 07:54:07.779517	Имена колонок успешно преобразованы в snake_case. Конфликтующая колонка cnInvKey переименована в cn_inv_key_new.	2025-09-08 07:40:37.709951	2025-09-08 07:54:07.779517
\.


--
-- Data for Name: problems_ct; Type: TABLE DATA; Schema: mcl; Owner: postgres
--

COPY mcl.problems_ct (id, problem_name, problem_description, problem_category, severity_level, created_at, updated_at, problem_context, migration_impact) FROM stdin;
12	Проблема совместимости типа uniqueidentifier	Тип uniqueidentifier в MS SQL Server не имеет прямого аналога в PostgreSQL. Требуется маппинг на UUID с дополнительной обработкой.	type_compatibility	high	2025-09-05 07:35:44.430541	2025-09-05 07:35:44.430541	Тип uniqueidentifier используется для хранения глобально уникальных идентификаторов. В PostgreSQL эквивалентом является UUID, но требуется проверка совместимости форматов и функций генерации.	critical
13	Проблема совместимости типа money	Тип money в MS SQL Server имеет специфичную точность и масштаб. В PostgreSQL требуется маппинг на decimal(19,4) с проверкой точности вычислений.	type_compatibility	high	2025-09-05 07:35:44.430541	2025-09-05 07:35:44.430541	Тип money в MS SQL Server имеет фиксированную точность 19 цифр и масштаб 4. При миграции в PostgreSQL decimal(19,4) могут возникнуть проблемы с округлением и точностью вычислений.	critical
14	Проблема совместимости типа datetime	Тип datetime в MS SQL Server имеет другую точность и диапазон значений по сравнению с timestamp в PostgreSQL.	type_compatibility	high	2025-09-05 07:35:44.430541	2025-09-05 07:35:44.430541	MS SQL Server datetime имеет точность до 3.33 миллисекунд и диапазон 1753-9999, в то время как PostgreSQL timestamp имеет точность до микросекунд и больший диапазон. Требуется проверка корректности конвертации.	critical
15	Проблема маппинга типа decimal	Тип decimal в MS SQL Server требует точного соответствия precision и scale при миграции в PostgreSQL.	type_mapping	medium	2025-09-05 07:35:44.430541	2025-09-05 07:35:44.430541	MS SQL Server decimal может иметь precision от 1 до 38 и scale от 0 до precision. В PostgreSQL numeric имеет аналогичные ограничения, но требуется проверка соответствия значений precision и scale.	moderate
16	Проблема маппинга типа float	Тип float в MS SQL Server имеет специфичную реализацию с плавающей точкой, которая может отличаться от PostgreSQL double precision.	type_mapping	medium	2025-09-05 07:35:44.430541	2025-09-05 07:35:44.430541	MS SQL Server float соответствует IEEE 754, но может иметь различия в точности и округлении по сравнению с PostgreSQL double precision. Требуется тестирование точности вычислений.	moderate
17	Проблема маппинга строковых типов	Типы char, varchar, nvarchar в MS SQL Server требуют учета кодировки и collation при миграции в PostgreSQL.	type_mapping	medium	2025-09-05 07:35:44.430541	2025-09-05 07:35:44.430541	MS SQL Server использует Unicode (nvarchar) и ANSI (char, varchar) с различными collation. PostgreSQL использует UTF-8 по умолчанию. Требуется проверка корректности конвертации кодировок и collation.	moderate
18	Проблема конвертации целочисленных типов	Типы bigint, int, smallint, tinyint в MS SQL Server имеют специфичные диапазоны значений, которые должны быть проверены при миграции.	type_conversion	low	2025-09-05 07:35:44.430541	2025-09-05 07:35:44.430541	MS SQL Server tinyint (0-255), smallint (-32768 to 32767), int (-2^31 to 2^31-1), bigint (-2^63 to 2^63-1). PostgreSQL имеет аналогичные типы, но требуется проверка корректности конвертации значений.	low
19	Проблема конвертации типа date	Тип date в MS SQL Server и PostgreSQL имеют одинаковую функциональность, но могут отличаться в обработке граничных значений.	type_conversion	low	2025-09-05 07:35:44.430541	2025-09-05 07:35:44.430541	Оба типа поддерживают диапазон 0001-01-01 до 9999-12-31, но могут отличаться в обработке високосных лет и граничных значений. Требуется проверка корректности конвертации.	low
\.


--
-- Data for Name: problems_ct_slt; Type: TABLE DATA; Schema: mcl; Owner: postgres
--

COPY mcl.problems_ct_slt (id, solution_name, solution_description, solution_category, complexity_level, est_impl_time, created_at, updated_at, problem_id) FROM stdin;
1	Маппинг на UUID с конвертацией	Использовать PostgreSQL UUID тип с функцией конвертации из uniqueidentifier формата MS SQL Server.	type_mapping	medium	2-4 hours	2025-09-05 07:12:03.584592	2025-09-05 07:12:03.584592	12
2	Создание пользовательского типа	Создать пользовательский тип в PostgreSQL, имитирующий поведение uniqueidentifier.	custom_type	high	1-2 days	2025-09-05 07:12:03.584592	2025-09-05 07:12:03.584592	12
3	Маппинг на decimal(19,4)	Использовать PostgreSQL decimal(19,4) для точного соответствия типу money MS SQL Server.	type_mapping	low	1-2 hours	2025-09-05 07:12:03.584592	2025-09-05 07:12:03.584592	13
4	Создание пользовательского типа money	Создать пользовательский тип money в PostgreSQL с проверкой точности.	custom_type	medium	4-8 hours	2025-09-05 07:12:03.584592	2025-09-05 07:12:03.584592	13
5	Маппинг на timestamp	Использовать PostgreSQL timestamp для замены MS SQL Server datetime с проверкой диапазона значений.	type_mapping	medium	2-4 hours	2025-09-05 07:12:03.584592	2025-09-05 07:12:03.584592	14
6	Маппинг на timestamp with time zone	Использовать timestamp with time zone для учета временных зон при миграции.	type_mapping	high	4-8 hours	2025-09-05 07:12:03.584592	2025-09-05 07:12:03.584592	14
7	Проверка precision и scale	Создать скрипт проверки соответствия precision и scale между MS SQL Server и PostgreSQL decimal.	validation	low	1-2 hours	2025-09-05 07:12:03.584592	2025-09-05 07:12:03.584592	15
8	Автоматическая корректировка precision	Создать функцию автоматической корректировки precision при несоответствии.	automation	medium	2-4 hours	2025-09-05 07:12:03.584592	2025-09-05 07:12:03.584592	15
9	Тестирование точности вычислений	Создать набор тестов для проверки точности вычислений с типом float.	testing	medium	2-4 hours	2025-09-05 07:12:03.584592	2025-09-05 07:12:03.584592	16
10	Маппинг на double precision	Использовать PostgreSQL double precision с проверкой корректности вычислений.	type_mapping	low	1-2 hours	2025-09-05 07:12:03.584592	2025-09-05 07:12:03.584592	16
11	Проверка кодировки и collation	Создать скрипт проверки корректности конвертации кодировок и collation.	validation	medium	2-4 hours	2025-09-05 07:12:03.584592	2025-09-05 07:12:03.584592	17
12	Настройка PostgreSQL collation	Настроить соответствующие collation в PostgreSQL для совместимости с MS SQL Server.	configuration	medium	2-4 hours	2025-09-05 07:12:03.584592	2025-09-05 07:12:03.584592	17
13	Проверка диапазонов значений	Создать скрипт проверки соответствия диапазонов значений целочисленных типов.	validation	low	1-2 hours	2025-09-05 07:12:03.584592	2025-09-05 07:12:03.584592	18
15	Проверка граничных значений	Создать тесты для проверки корректности конвертации граничных значений дат.	testing	low	1-2 hours	2025-09-05 07:12:03.584592	2025-09-05 07:12:03.584592	19
14	Автоматическая конвертация типов	Создать функцию автоматической конвертации целочисленных типов с проверкой переполнения.	automation	medium	2-4 hours	2025-09-05 07:12:03.584592	2025-09-05 07:12:03.584592	18
16	Маппинг на date с валидацией	Использовать PostgreSQL date с дополнительной валидацией граничных значений.	type_mapping	low	1-2 hours	2025-09-05 07:12:03.584592	2025-09-05 07:12:03.584592	19
17	Способ решения не определен	Для данного производного типа uniqueidentifier способ решения проблемы совместимости еще не определен. Требуется дополнительный анализ и выбор подходящего решения.	pending	unknown	TBD	2025-09-05 09:17:16.235837	2025-09-05 09:17:16.235837	12
18	Способ решения не определен	Для данного производного типа money способ решения проблемы совместимости еще не определен. Требуется дополнительный анализ и выбор подходящего решения.	pending	unknown	TBD	2025-09-05 13:25:01.844559	2025-09-05 13:25:01.844559	13
19	Способ решения не определен	Для данного производного типа datetime способ решения проблемы совместимости еще не определен. Требуется дополнительный анализ и выбор подходящего решения.	pending	unknown	TBD	2025-09-05 13:51:13.916234	2025-09-05 13:51:13.916234	14
20	Способ решения не определен	Для данного производного типа decimal способ решения проблемы маппинга еще не определен. Требуется дополнительный анализ и выбор подходящего решения.	pending	unknown	TBD	2025-09-05 14:07:13.42344	2025-09-05 14:07:13.42344	15
21	Способ решения не определен	Для данного производного типа float способ решения проблемы маппинга еще не определен. Требуется дополнительный анализ и выбор подходящего решения.	pending	unknown	TBD	2025-09-05 14:20:02.127142	2025-09-05 14:20:02.127142	16
22	Способ решения не определен	Для данного производного типа строковых данных способ решения проблемы маппинга еще не определен. Требуется дополнительный анализ и выбор подходящего решения.	pending	unknown	TBD	2025-09-05 14:30:11.949665	2025-09-05 14:30:11.949665	17
23	Способ решения не определен	Для данного производного типа целочисленных данных способ решения проблемы конвертации еще не определен. Требуется дополнительный анализ и выбор подходящего решения.	pending	unknown	TBD	2025-09-05 15:18:18.042572	2025-09-05 15:18:18.042572	18
24	Способ решения не определен	Для данного производного типа date способ решения проблемы конвертации еще не определен. Требуется дополнительный анализ и выбор подходящего решения.	pending	unknown	TBD	2025-09-05 15:24:51.237695	2025-09-05 15:24:51.237695	19
\.


--
-- Data for Name: problems_ct_slt_mp; Type: TABLE DATA; Schema: mcl; Owner: postgres
--

COPY mcl.problems_ct_slt_mp (id, derived_type_id, solution_id, solution_status, problem_detected_date, problem_resolved_date, resolution_notes, created_at, updated_at) FROM stdin;
2	68	1	resolved	2025-09-05 09:17:42.644426	2025-09-05 13:03:20.874865	Проблема решена: применен маппинг на UUID с конвертацией. Создан целевой производный тип UUID (ID=1) связанный с исходным типом uniqueidentifier (ID=68).	2025-09-05 09:17:42.644426	2025-09-05 09:17:42.644426
70	21	16	resolved	2025-09-05 15:24:56.364345	2025-09-05 15:26:44.843582	Проблема решена: применен прямой маппинг на DATE с валидацией граничных значений. Созданы целевые производные типы DATE связанные с исходными типами date.	2025-09-05 15:24:56.364345	2025-09-05 15:24:56.364345
3	42	3	resolved	2025-09-05 13:25:11.382896	2025-09-05 13:44:09.983662	Проблема решена: применен маппинг на NUMERIC(19,4). Созданы целевые производные типы NUMERIC(19,4) (ID=2) связанные с исходными типами money (ID=42).	2025-09-05 13:25:11.382896	2025-09-05 13:25:11.382896
4	43	3	resolved	2025-09-05 13:25:11.382896	2025-09-05 13:44:09.983662	Проблема решена: применен маппинг на NUMERIC(19,4). Созданы целевые производные типы NUMERIC(19,4) (ID=3) связанные с исходными типами money (ID=43).	2025-09-05 13:25:11.382896	2025-09-05 13:25:11.382896
71	22	16	resolved	2025-09-05 15:24:56.364345	2025-09-05 15:26:44.843582	Проблема решена: применен прямой маппинг на DATE с валидацией граничных значений. Созданы целевые производные типы DATE связанные с исходными типами date.	2025-09-05 15:24:56.364345	2025-09-05 15:24:56.364345
5	23	5	resolved	2025-09-05 13:51:19.859571	2025-09-05 14:00:48.328308	Проблема решена: применен маппинг на TIMESTAMP. Созданы целевые производные типы TIMESTAMP (ID=4) связанные с исходными типами datetime (ID=23).	2025-09-05 13:51:19.859571	2025-09-05 13:51:19.859571
6	24	5	resolved	2025-09-05 13:51:19.859571	2025-09-05 14:00:48.328308	Проблема решена: применен маппинг на TIMESTAMP. Созданы целевые производные типы TIMESTAMP (ID=5) связанные с исходными типами datetime (ID=24).	2025-09-05 13:51:19.859571	2025-09-05 13:51:19.859571
7	25	7	resolved	2025-09-05 14:07:32.000142	2025-09-05 14:14:53.6447	Проблема решена: применен прямой маппинг на NUMERIC с сохранением precision и scale. Созданы целевые производные типы NUMERIC связанные с исходными типами decimal.	2025-09-05 14:07:32.000142	2025-09-05 14:07:32.000142
8	26	7	resolved	2025-09-05 14:07:32.000142	2025-09-05 14:14:53.6447	Проблема решена: применен прямой маппинг на NUMERIC с сохранением precision и scale. Созданы целевые производные типы NUMERIC связанные с исходными типами decimal.	2025-09-05 14:07:32.000142	2025-09-05 14:07:32.000142
9	27	7	resolved	2025-09-05 14:07:32.000142	2025-09-05 14:14:53.6447	Проблема решена: применен прямой маппинг на NUMERIC с сохранением precision и scale. Созданы целевые производные типы NUMERIC связанные с исходными типами decimal.	2025-09-05 14:07:32.000142	2025-09-05 14:07:32.000142
10	28	7	resolved	2025-09-05 14:07:32.000142	2025-09-05 14:14:53.6447	Проблема решена: применен прямой маппинг на NUMERIC с сохранением precision и scale. Созданы целевые производные типы NUMERIC связанные с исходными типами decimal.	2025-09-05 14:07:32.000142	2025-09-05 14:07:32.000142
11	29	7	resolved	2025-09-05 14:07:32.000142	2025-09-05 14:14:53.6447	Проблема решена: применен прямой маппинг на NUMERIC с сохранением precision и scale. Созданы целевые производные типы NUMERIC связанные с исходными типами decimal.	2025-09-05 14:07:32.000142	2025-09-05 14:07:32.000142
12	30	7	resolved	2025-09-05 14:07:32.000142	2025-09-05 14:14:53.6447	Проблема решена: применен прямой маппинг на NUMERIC с сохранением precision и scale. Созданы целевые производные типы NUMERIC связанные с исходными типами decimal.	2025-09-05 14:07:32.000142	2025-09-05 14:07:32.000142
13	31	7	resolved	2025-09-05 14:07:32.000142	2025-09-05 14:14:53.6447	Проблема решена: применен прямой маппинг на NUMERIC с сохранением precision и scale. Созданы целевые производные типы NUMERIC связанные с исходными типами decimal.	2025-09-05 14:07:32.000142	2025-09-05 14:07:32.000142
14	32	7	resolved	2025-09-05 14:07:32.000142	2025-09-05 14:14:53.6447	Проблема решена: применен прямой маппинг на NUMERIC с сохранением precision и scale. Созданы целевые производные типы NUMERIC связанные с исходными типами decimal.	2025-09-05 14:07:32.000142	2025-09-05 14:07:32.000142
15	33	7	resolved	2025-09-05 14:07:32.000142	2025-09-05 14:14:53.6447	Проблема решена: применен прямой маппинг на NUMERIC с сохранением precision и scale. Созданы целевые производные типы NUMERIC связанные с исходными типами decimal.	2025-09-05 14:07:32.000142	2025-09-05 14:07:32.000142
16	34	7	resolved	2025-09-05 14:07:32.000142	2025-09-05 14:14:53.6447	Проблема решена: применен прямой маппинг на NUMERIC с сохранением precision и scale. Созданы целевые производные типы NUMERIC связанные с исходными типами decimal.	2025-09-05 14:07:32.000142	2025-09-05 14:07:32.000142
17	35	7	resolved	2025-09-05 14:07:32.000142	2025-09-05 14:14:53.6447	Проблема решена: применен прямой маппинг на NUMERIC с сохранением precision и scale. Созданы целевые производные типы NUMERIC связанные с исходными типами decimal.	2025-09-05 14:07:32.000142	2025-09-05 14:07:32.000142
18	36	7	resolved	2025-09-05 14:07:32.000142	2025-09-05 14:14:53.6447	Проблема решена: применен прямой маппинг на NUMERIC с сохранением precision и scale. Созданы целевые производные типы NUMERIC связанные с исходными типами decimal.	2025-09-05 14:07:32.000142	2025-09-05 14:07:32.000142
19	37	7	resolved	2025-09-05 14:07:32.000142	2025-09-05 14:14:53.6447	Проблема решена: применен прямой маппинг на NUMERIC с сохранением precision и scale. Созданы целевые производные типы NUMERIC связанные с исходными типами decimal.	2025-09-05 14:07:32.000142	2025-09-05 14:07:32.000142
20	38	7	resolved	2025-09-05 14:07:32.000142	2025-09-05 14:14:53.6447	Проблема решена: применен прямой маппинг на NUMERIC с сохранением precision и scale. Созданы целевые производные типы NUMERIC связанные с исходными типами decimal.	2025-09-05 14:07:32.000142	2025-09-05 14:07:32.000142
21	39	10	resolved	2025-09-05 14:20:08.888864	2025-09-05 14:23:48.750964	Проблема решена: применен маппинг на DOUBLE PRECISION. Создан целевой производный тип DOUBLE PRECISION (ID=20) связанный с исходным типом float(53) (ID=39).	2025-09-05 14:20:08.888864	2025-09-05 14:20:08.888864
40	20	11	resolved	2025-09-05 14:30:33.840966	2025-09-05 14:37:13.159304	Проблема решена: применен прямой маппинг с настройкой кодировки и collation. Созданы целевые производные типы связанные с исходными строковыми типами.	2025-09-05 14:30:33.840966	2025-09-05 14:30:33.840966
41	44	11	resolved	2025-09-05 14:30:33.840966	2025-09-05 14:37:13.159304	Проблема решена: применен прямой маппинг с настройкой кодировки и collation. Созданы целевые производные типы связанные с исходными строковыми типами.	2025-09-05 14:30:33.840966	2025-09-05 14:30:33.840966
42	45	11	resolved	2025-09-05 14:30:33.840966	2025-09-05 14:37:13.159304	Проблема решена: применен прямой маппинг с настройкой кодировки и collation. Созданы целевые производные типы связанные с исходными строковыми типами.	2025-09-05 14:30:33.840966	2025-09-05 14:30:33.840966
43	46	11	resolved	2025-09-05 14:30:33.840966	2025-09-05 14:37:13.159304	Проблема решена: применен прямой маппинг с настройкой кодировки и collation. Созданы целевые производные типы связанные с исходными строковыми типами.	2025-09-05 14:30:33.840966	2025-09-05 14:30:33.840966
44	47	11	resolved	2025-09-05 14:30:33.840966	2025-09-05 14:37:13.159304	Проблема решена: применен прямой маппинг с настройкой кодировки и collation. Созданы целевые производные типы связанные с исходными строковыми типами.	2025-09-05 14:30:33.840966	2025-09-05 14:30:33.840966
45	48	11	resolved	2025-09-05 14:30:33.840966	2025-09-05 14:37:13.159304	Проблема решена: применен прямой маппинг с настройкой кодировки и collation. Созданы целевые производные типы связанные с исходными строковыми типами.	2025-09-05 14:30:33.840966	2025-09-05 14:30:33.840966
46	49	11	resolved	2025-09-05 14:30:33.840966	2025-09-05 14:37:13.159304	Проблема решена: применен прямой маппинг с настройкой кодировки и collation. Созданы целевые производные типы связанные с исходными строковыми типами.	2025-09-05 14:30:33.840966	2025-09-05 14:30:33.840966
47	50	11	resolved	2025-09-05 14:30:33.840966	2025-09-05 14:37:13.159304	Проблема решена: применен прямой маппинг с настройкой кодировки и collation. Созданы целевые производные типы связанные с исходными строковыми типами.	2025-09-05 14:30:33.840966	2025-09-05 14:30:33.840966
48	51	11	resolved	2025-09-05 14:30:33.840966	2025-09-05 14:37:13.159304	Проблема решена: применен прямой маппинг с настройкой кодировки и collation. Созданы целевые производные типы связанные с исходными строковыми типами.	2025-09-05 14:30:33.840966	2025-09-05 14:30:33.840966
49	52	11	resolved	2025-09-05 14:30:33.840966	2025-09-05 14:37:13.159304	Проблема решена: применен прямой маппинг с настройкой кодировки и collation. Созданы целевые производные типы связанные с исходными строковыми типами.	2025-09-05 14:30:33.840966	2025-09-05 14:30:33.840966
50	53	11	resolved	2025-09-05 14:30:33.840966	2025-09-05 14:37:13.159304	Проблема решена: применен прямой маппинг с настройкой кодировки и collation. Созданы целевые производные типы связанные с исходными строковыми типами.	2025-09-05 14:30:33.840966	2025-09-05 14:30:33.840966
51	54	11	resolved	2025-09-05 14:30:33.840966	2025-09-05 14:37:13.159304	Проблема решена: применен прямой маппинг с настройкой кодировки и collation. Созданы целевые производные типы связанные с исходными строковыми типами.	2025-09-05 14:30:33.840966	2025-09-05 14:30:33.840966
52	55	11	resolved	2025-09-05 14:30:33.840966	2025-09-05 14:37:13.159304	Проблема решена: применен прямой маппинг с настройкой кодировки и collation. Созданы целевые производные типы связанные с исходными строковыми типами.	2025-09-05 14:30:33.840966	2025-09-05 14:30:33.840966
53	56	11	resolved	2025-09-05 14:30:33.840966	2025-09-05 14:37:13.159304	Проблема решена: применен прямой маппинг с настройкой кодировки и collation. Созданы целевые производные типы связанные с исходными строковыми типами.	2025-09-05 14:30:33.840966	2025-09-05 14:30:33.840966
54	57	11	resolved	2025-09-05 14:30:33.840966	2025-09-05 14:37:13.159304	Проблема решена: применен прямой маппинг с настройкой кодировки и collation. Созданы целевые производные типы связанные с исходными строковыми типами.	2025-09-05 14:30:33.840966	2025-09-05 14:30:33.840966
55	58	11	resolved	2025-09-05 14:30:33.840966	2025-09-05 14:37:13.159304	Проблема решена: применен прямой маппинг с настройкой кодировки и collation. Созданы целевые производные типы связанные с исходными строковыми типами.	2025-09-05 14:30:33.840966	2025-09-05 14:30:33.840966
56	59	11	resolved	2025-09-05 14:30:33.840966	2025-09-05 14:37:13.159304	Проблема решена: применен прямой маппинг с настройкой кодировки и collation. Созданы целевые производные типы связанные с исходными строковыми типами.	2025-09-05 14:30:33.840966	2025-09-05 14:30:33.840966
57	60	11	resolved	2025-09-05 14:30:33.840966	2025-09-05 14:37:13.159304	Проблема решена: применен прямой маппинг с настройкой кодировки и collation. Созданы целевые производные типы связанные с исходными строковыми типами.	2025-09-05 14:30:33.840966	2025-09-05 14:30:33.840966
58	61	11	resolved	2025-09-05 14:30:33.840966	2025-09-05 14:37:13.159304	Проблема решена: применен прямой маппинг с настройкой кодировки и collation. Созданы целевые производные типы связанные с исходными строковыми типами.	2025-09-05 14:30:33.840966	2025-09-05 14:30:33.840966
22	2	11	resolved	2025-09-05 14:30:33.840966	2025-09-05 14:37:13.159304	Проблема решена: применен прямой маппинг с настройкой кодировки и collation. Созданы целевые производные типы связанные с исходными строковыми типами.	2025-09-05 14:30:33.840966	2025-09-05 14:30:33.840966
23	3	11	resolved	2025-09-05 14:30:33.840966	2025-09-05 14:37:13.159304	Проблема решена: применен прямой маппинг с настройкой кодировки и collation. Созданы целевые производные типы связанные с исходными строковыми типами.	2025-09-05 14:30:33.840966	2025-09-05 14:30:33.840966
24	4	11	resolved	2025-09-05 14:30:33.840966	2025-09-05 14:37:13.159304	Проблема решена: применен прямой маппинг с настройкой кодировки и collation. Созданы целевые производные типы связанные с исходными строковыми типами.	2025-09-05 14:30:33.840966	2025-09-05 14:30:33.840966
25	5	11	resolved	2025-09-05 14:30:33.840966	2025-09-05 14:37:13.159304	Проблема решена: применен прямой маппинг с настройкой кодировки и collation. Созданы целевые производные типы связанные с исходными строковыми типами.	2025-09-05 14:30:33.840966	2025-09-05 14:30:33.840966
26	6	11	resolved	2025-09-05 14:30:33.840966	2025-09-05 14:37:13.159304	Проблема решена: применен прямой маппинг с настройкой кодировки и collation. Созданы целевые производные типы связанные с исходными строковыми типами.	2025-09-05 14:30:33.840966	2025-09-05 14:30:33.840966
27	7	11	resolved	2025-09-05 14:30:33.840966	2025-09-05 14:37:13.159304	Проблема решена: применен прямой маппинг с настройкой кодировки и collation. Созданы целевые производные типы связанные с исходными строковыми типами.	2025-09-05 14:30:33.840966	2025-09-05 14:30:33.840966
28	8	11	resolved	2025-09-05 14:30:33.840966	2025-09-05 14:37:13.159304	Проблема решена: применен прямой маппинг с настройкой кодировки и collation. Созданы целевые производные типы связанные с исходными строковыми типами.	2025-09-05 14:30:33.840966	2025-09-05 14:30:33.840966
29	9	11	resolved	2025-09-05 14:30:33.840966	2025-09-05 14:37:13.159304	Проблема решена: применен прямой маппинг с настройкой кодировки и collation. Созданы целевые производные типы связанные с исходными строковыми типами.	2025-09-05 14:30:33.840966	2025-09-05 14:30:33.840966
30	10	11	resolved	2025-09-05 14:30:33.840966	2025-09-05 14:37:13.159304	Проблема решена: применен прямой маппинг с настройкой кодировки и collation. Созданы целевые производные типы связанные с исходными строковыми типами.	2025-09-05 14:30:33.840966	2025-09-05 14:30:33.840966
31	11	11	resolved	2025-09-05 14:30:33.840966	2025-09-05 14:37:13.159304	Проблема решена: применен прямой маппинг с настройкой кодировки и collation. Созданы целевые производные типы связанные с исходными строковыми типами.	2025-09-05 14:30:33.840966	2025-09-05 14:30:33.840966
32	12	11	resolved	2025-09-05 14:30:33.840966	2025-09-05 14:37:13.159304	Проблема решена: применен прямой маппинг с настройкой кодировки и collation. Созданы целевые производные типы связанные с исходными строковыми типами.	2025-09-05 14:30:33.840966	2025-09-05 14:30:33.840966
33	13	11	resolved	2025-09-05 14:30:33.840966	2025-09-05 14:37:13.159304	Проблема решена: применен прямой маппинг с настройкой кодировки и collation. Созданы целевые производные типы связанные с исходными строковыми типами.	2025-09-05 14:30:33.840966	2025-09-05 14:30:33.840966
34	14	11	resolved	2025-09-05 14:30:33.840966	2025-09-05 14:37:13.159304	Проблема решена: применен прямой маппинг с настройкой кодировки и collation. Созданы целевые производные типы связанные с исходными строковыми типами.	2025-09-05 14:30:33.840966	2025-09-05 14:30:33.840966
35	15	11	resolved	2025-09-05 14:30:33.840966	2025-09-05 14:37:13.159304	Проблема решена: применен прямой маппинг с настройкой кодировки и collation. Созданы целевые производные типы связанные с исходными строковыми типами.	2025-09-05 14:30:33.840966	2025-09-05 14:30:33.840966
36	16	11	resolved	2025-09-05 14:30:33.840966	2025-09-05 14:37:13.159304	Проблема решена: применен прямой маппинг с настройкой кодировки и collation. Созданы целевые производные типы связанные с исходными строковыми типами.	2025-09-05 14:30:33.840966	2025-09-05 14:30:33.840966
37	17	11	resolved	2025-09-05 14:30:33.840966	2025-09-05 14:37:13.159304	Проблема решена: применен прямой маппинг с настройкой кодировки и collation. Созданы целевые производные типы связанные с исходными строковыми типами.	2025-09-05 14:30:33.840966	2025-09-05 14:30:33.840966
38	18	11	resolved	2025-09-05 14:30:33.840966	2025-09-05 14:37:13.159304	Проблема решена: применен прямой маппинг с настройкой кодировки и collation. Созданы целевые производные типы связанные с исходными строковыми типами.	2025-09-05 14:30:33.840966	2025-09-05 14:30:33.840966
39	19	11	resolved	2025-09-05 14:30:33.840966	2025-09-05 14:37:13.159304	Проблема решена: применен прямой маппинг с настройкой кодировки и collation. Созданы целевые производные типы связанные с исходными строковыми типами.	2025-09-05 14:30:33.840966	2025-09-05 14:30:33.840966
59	62	11	resolved	2025-09-05 14:30:33.840966	2025-09-05 14:37:13.159304	Проблема решена: применен прямой маппинг с настройкой кодировки и collation. Созданы целевые производные типы связанные с исходными строковыми типами.	2025-09-05 14:30:33.840966	2025-09-05 14:30:33.840966
60	63	11	resolved	2025-09-05 14:30:33.840966	2025-09-05 14:37:13.159304	Проблема решена: применен прямой маппинг с настройкой кодировки и collation. Созданы целевые производные типы связанные с исходными строковыми типами.	2025-09-05 14:30:33.840966	2025-09-05 14:30:33.840966
61	64	11	resolved	2025-09-05 14:30:33.840966	2025-09-05 14:37:13.159304	Проблема решена: применен прямой маппинг с настройкой кодировки и collation. Созданы целевые производные типы связанные с исходными строковыми типами.	2025-09-05 14:30:33.840966	2025-09-05 14:30:33.840966
62	69	11	resolved	2025-09-05 14:30:33.840966	2025-09-05 14:37:13.159304	Проблема решена: применен прямой маппинг с настройкой кодировки и collation. Созданы целевые производные типы связанные с исходными строковыми типами.	2025-09-05 14:30:33.840966	2025-09-05 14:30:33.840966
63	70	11	resolved	2025-09-05 14:30:33.840966	2025-09-05 14:37:13.159304	Проблема решена: применен прямой маппинг с настройкой кодировки и collation. Созданы целевые производные типы связанные с исходными строковыми типами.	2025-09-05 14:30:33.840966	2025-09-05 14:30:33.840966
64	40	13	resolved	2025-09-05 15:18:35.858203	2025-09-05 15:21:04.580911	Проблема решена: применен прямой маппинг с проверкой диапазонов значений. Созданы целевые производные типы связанные с исходными целочисленными типами.	2025-09-05 15:18:35.858203	2025-09-05 15:18:35.858203
65	41	13	resolved	2025-09-05 15:18:35.858203	2025-09-05 15:21:04.580911	Проблема решена: применен прямой маппинг с проверкой диапазонов значений. Созданы целевые производные типы связанные с исходными целочисленными типами.	2025-09-05 15:18:35.858203	2025-09-05 15:18:35.858203
66	65	13	resolved	2025-09-05 15:18:35.858203	2025-09-05 15:21:04.580911	Проблема решена: применен прямой маппинг с проверкой диапазонов значений. Созданы целевые производные типы связанные с исходными целочисленными типами.	2025-09-05 15:18:35.858203	2025-09-05 15:18:35.858203
67	66	13	resolved	2025-09-05 15:18:35.858203	2025-09-05 15:21:04.580911	Проблема решена: применен прямой маппинг с проверкой диапазонов значений. Созданы целевые производные типы связанные с исходными целочисленными типами.	2025-09-05 15:18:35.858203	2025-09-05 15:18:35.858203
68	67	13	resolved	2025-09-05 15:18:35.858203	2025-09-05 15:21:04.580911	Проблема решена: применен прямой маппинг с проверкой диапазонов значений. Созданы целевые производные типы связанные с исходными целочисленными типами.	2025-09-05 15:18:35.858203	2025-09-05 15:18:35.858203
69	76	13	resolved	2025-09-05 15:18:35.858203	2025-09-05 15:21:04.580911	Проблема решена: применен прямой маппинг с проверкой диапазонов значений. Созданы целевые производные типы связанные с исходными целочисленными типами.	2025-09-05 15:18:35.858203	2025-09-05 15:18:35.858203
\.


--
-- Data for Name: problems_tb; Type: TABLE DATA; Schema: mcl; Owner: postgres
--

COPY mcl.problems_tb (id, problem_name, problem_description, problem_category, severity_level, created_at, updated_at, problem_context, migration_impact) FROM stdin;
1	Проблема заглавных букв в наименовании таблиц	Таблицы Microsoft SQL Server содержат заглавные буквы в наименовании, которые не могут быть так же названы в PostgreSQL	naming_convention	high	2025-09-02 05:34:19.022586	2025-09-02 05:34:19.022586	PostgreSQL требует нижний регистр для имен объектов	Требуется переименование таблиц
2	Проблема с длинными именами таблиц	Таблицы с именами длиннее 63 символов не могут быть созданы в PostgreSQL	naming_convention	medium	2025-09-02 07:25:24.527907	2025-09-02 07:25:24.527907	PostgreSQL ограничивает длину имен объектов 63 символами	Требуется сокращение имен таблиц
\.


--
-- Data for Name: problems_tb_slt; Type: TABLE DATA; Schema: mcl; Owner: postgres
--

COPY mcl.problems_tb_slt (id, solution_name, solution_description, solution_category, complexity_level, est_impl_time, created_at, updated_at, problem_id) FROM stdin;
1	Способ решения не определен	Стандартный способ решения для проблем, для которых еще не определен конкретный способ решения	default	low	\N	2025-09-02 05:42:36.969103	2025-09-02 05:42:36.969103	1
2	Сокращение имени таблицы	Сократить имя таблицы до 63 символов, сохранив смысл	naming_convention	low	\N	2025-09-02 07:25:31.715425	2025-09-02 07:25:31.715425	2
3	Альтернативное решение для заглавных букв	Использовать кавычки для сохранения оригинального имени	naming_convention	medium	\N	2025-09-02 07:25:47.855157	2025-09-02 07:25:47.855157	1
4	Способ решения не определен	Для таблиц с заглавными буквами в названии способ решения пока не определен. Требуется дополнительный анализ и планирование.	naming_convention	unknown	TBD	2025-09-06 07:19:09.034885	2025-09-06 07:19:09.034885	1
5	Альтернативный способ решения	Альтернативный способ решения проблемы заглавных букв	naming_convention	medium	2-4 часа	2025-09-06 07:44:05.736843	2025-09-06 07:44:05.736843	1
6	Автоматическое преобразование в snake_case	Автоматическое преобразование имен таблиц с заглавными буквами в формат snake_case (нижний регистр с подчеркиваниями). Например: cnInvAccnt → cn_inv_accnt, JuUnDoc → ju_un_doc. Это стандартный подход PostgreSQL, обеспечивающий совместимость и читаемость.	naming_convention	low	1-2 часа	2025-09-06 08:06:28.642418	2025-09-06 08:06:28.642418	1
7	Переименование с суффиксом _new для избежания конфликта	Для таблицы cnInv используется переименование в cn_inv_new вместо стандартного cn_inv, так как таблица cn_inv уже существует в базе данных. Это предотвращает конфликт имен при миграции.	naming_convention	low	30 минут	2025-09-06 08:06:32.919732	2025-09-06 08:06:32.919732	1
\.


--
-- Data for Name: problems_tb_slt_mp; Type: TABLE DATA; Schema: mcl; Owner: postgres
--

COPY mcl.problems_tb_slt_mp (id, table_id, solution_id, solution_status, problem_detected_date, problem_resolved_date, resolution_notes, created_at, updated_at) FROM stdin;
1	1	1	active	2025-09-02 05:59:43.7156	\N	Проблема заглавных букв в наименовании таблицы обнаружена, требуется переименование	2025-09-02 05:59:43.7156	2025-09-02 05:59:43.7156
3	1	2	active	2025-09-02 07:25:36.505728	\N	Проблема с длинными именами таблиц обнаружена	2025-09-02 07:25:36.505728	2025-09-02 07:25:36.505728
157	1517	6	active	2025-09-06 08:06:43.203378	\N	\N	2025-09-06 08:06:43.203378	2025-09-06 08:06:43.203378
158	1518	6	active	2025-09-06 08:06:43.203378	\N	\N	2025-09-06 08:06:43.203378	2025-09-06 08:06:43.203378
159	1519	6	active	2025-09-06 08:06:43.203378	\N	\N	2025-09-06 08:06:43.203378	2025-09-06 08:06:43.203378
160	1525	6	active	2025-09-06 08:06:43.203378	\N	\N	2025-09-06 08:06:43.203378	2025-09-06 08:06:43.203378
161	1526	6	active	2025-09-06 08:06:43.203378	\N	\N	2025-09-06 08:06:43.203378	2025-09-06 08:06:43.203378
162	1527	6	active	2025-09-06 08:06:43.203378	\N	\N	2025-09-06 08:06:43.203378	2025-09-06 08:06:43.203378
163	1528	6	active	2025-09-06 08:06:43.203378	\N	\N	2025-09-06 08:06:43.203378	2025-09-06 08:06:43.203378
164	1529	6	active	2025-09-06 08:06:43.203378	\N	\N	2025-09-06 08:06:43.203378	2025-09-06 08:06:43.203378
165	1530	6	active	2025-09-06 08:06:43.203378	\N	\N	2025-09-06 08:06:43.203378	2025-09-06 08:06:43.203378
166	1531	6	active	2025-09-06 08:06:43.203378	\N	\N	2025-09-06 08:06:43.203378	2025-09-06 08:06:43.203378
167	1532	6	active	2025-09-06 08:06:43.203378	\N	\N	2025-09-06 08:06:43.203378	2025-09-06 08:06:43.203378
168	1533	6	active	2025-09-06 08:06:43.203378	\N	\N	2025-09-06 08:06:43.203378	2025-09-06 08:06:43.203378
169	1534	6	active	2025-09-06 08:06:43.203378	\N	\N	2025-09-06 08:06:43.203378	2025-09-06 08:06:43.203378
170	1535	6	active	2025-09-06 08:06:43.203378	\N	\N	2025-09-06 08:06:43.203378	2025-09-06 08:06:43.203378
171	1536	6	active	2025-09-06 08:06:43.203378	\N	\N	2025-09-06 08:06:43.203378	2025-09-06 08:06:43.203378
172	1537	6	active	2025-09-06 08:06:43.203378	\N	\N	2025-09-06 08:06:43.203378	2025-09-06 08:06:43.203378
173	1538	6	active	2025-09-06 08:06:43.203378	\N	\N	2025-09-06 08:06:43.203378	2025-09-06 08:06:43.203378
174	1539	6	active	2025-09-06 08:06:43.203378	\N	\N	2025-09-06 08:06:43.203378	2025-09-06 08:06:43.203378
175	1540	6	active	2025-09-06 08:06:43.203378	\N	\N	2025-09-06 08:06:43.203378	2025-09-06 08:06:43.203378
176	1541	6	active	2025-09-06 08:06:43.203378	\N	\N	2025-09-06 08:06:43.203378	2025-09-06 08:06:43.203378
177	1542	6	active	2025-09-06 08:06:43.203378	\N	\N	2025-09-06 08:06:43.203378	2025-09-06 08:06:43.203378
178	1544	6	active	2025-09-06 08:06:43.203378	\N	\N	2025-09-06 08:06:43.203378	2025-09-06 08:06:43.203378
179	1545	6	active	2025-09-06 08:06:43.203378	\N	\N	2025-09-06 08:06:43.203378	2025-09-06 08:06:43.203378
180	1546	6	active	2025-09-06 08:06:43.203378	\N	\N	2025-09-06 08:06:43.203378	2025-09-06 08:06:43.203378
181	1547	6	active	2025-09-06 08:06:43.203378	\N	\N	2025-09-06 08:06:43.203378	2025-09-06 08:06:43.203378
182	1548	6	active	2025-09-06 08:06:43.203378	\N	\N	2025-09-06 08:06:43.203378	2025-09-06 08:06:43.203378
183	1549	6	active	2025-09-06 08:06:43.203378	\N	\N	2025-09-06 08:06:43.203378	2025-09-06 08:06:43.203378
184	1550	6	active	2025-09-06 08:06:43.203378	\N	\N	2025-09-06 08:06:43.203378	2025-09-06 08:06:43.203378
185	1551	6	active	2025-09-06 08:06:43.203378	\N	\N	2025-09-06 08:06:43.203378	2025-09-06 08:06:43.203378
186	1552	6	active	2025-09-06 08:06:43.203378	\N	\N	2025-09-06 08:06:43.203378	2025-09-06 08:06:43.203378
187	1553	6	active	2025-09-06 08:06:43.203378	\N	\N	2025-09-06 08:06:43.203378	2025-09-06 08:06:43.203378
188	1554	6	active	2025-09-06 08:06:43.203378	\N	\N	2025-09-06 08:06:43.203378	2025-09-06 08:06:43.203378
189	1555	6	active	2025-09-06 08:06:43.203378	\N	\N	2025-09-06 08:06:43.203378	2025-09-06 08:06:43.203378
190	1556	6	active	2025-09-06 08:06:43.203378	\N	\N	2025-09-06 08:06:43.203378	2025-09-06 08:06:43.203378
191	1557	6	active	2025-09-06 08:06:43.203378	\N	\N	2025-09-06 08:06:43.203378	2025-09-06 08:06:43.203378
192	1558	6	active	2025-09-06 08:06:43.203378	\N	\N	2025-09-06 08:06:43.203378	2025-09-06 08:06:43.203378
193	1559	6	active	2025-09-06 08:06:43.203378	\N	\N	2025-09-06 08:06:43.203378	2025-09-06 08:06:43.203378
194	1560	6	active	2025-09-06 08:06:43.203378	\N	\N	2025-09-06 08:06:43.203378	2025-09-06 08:06:43.203378
195	1561	6	active	2025-09-06 08:06:43.203378	\N	\N	2025-09-06 08:06:43.203378	2025-09-06 08:06:43.203378
196	1562	6	active	2025-09-06 08:06:43.203378	\N	\N	2025-09-06 08:06:43.203378	2025-09-06 08:06:43.203378
197	1563	6	active	2025-09-06 08:06:43.203378	\N	\N	2025-09-06 08:06:43.203378	2025-09-06 08:06:43.203378
198	1565	6	active	2025-09-06 08:06:43.203378	\N	\N	2025-09-06 08:06:43.203378	2025-09-06 08:06:43.203378
199	1566	6	active	2025-09-06 08:06:43.203378	\N	\N	2025-09-06 08:06:43.203378	2025-09-06 08:06:43.203378
200	1567	6	active	2025-09-06 08:06:43.203378	\N	\N	2025-09-06 08:06:43.203378	2025-09-06 08:06:43.203378
201	1568	6	active	2025-09-06 08:06:43.203378	\N	\N	2025-09-06 08:06:43.203378	2025-09-06 08:06:43.203378
202	1569	6	active	2025-09-06 08:06:43.203378	\N	\N	2025-09-06 08:06:43.203378	2025-09-06 08:06:43.203378
203	1570	6	active	2025-09-06 08:06:43.203378	\N	\N	2025-09-06 08:06:43.203378	2025-09-06 08:06:43.203378
204	1571	6	active	2025-09-06 08:06:43.203378	\N	\N	2025-09-06 08:06:43.203378	2025-09-06 08:06:43.203378
205	1572	6	active	2025-09-06 08:06:43.203378	\N	\N	2025-09-06 08:06:43.203378	2025-09-06 08:06:43.203378
206	1573	6	active	2025-09-06 08:06:43.203378	\N	\N	2025-09-06 08:06:43.203378	2025-09-06 08:06:43.203378
207	1575	6	active	2025-09-06 08:06:43.203378	\N	\N	2025-09-06 08:06:43.203378	2025-09-06 08:06:43.203378
208	1576	6	active	2025-09-06 08:06:43.203378	\N	\N	2025-09-06 08:06:43.203378	2025-09-06 08:06:43.203378
209	1577	6	active	2025-09-06 08:06:43.203378	\N	\N	2025-09-06 08:06:43.203378	2025-09-06 08:06:43.203378
210	1578	6	active	2025-09-06 08:06:43.203378	\N	\N	2025-09-06 08:06:43.203378	2025-09-06 08:06:43.203378
211	1579	6	active	2025-09-06 08:06:43.203378	\N	\N	2025-09-06 08:06:43.203378	2025-09-06 08:06:43.203378
212	1580	6	active	2025-09-06 08:06:43.203378	\N	\N	2025-09-06 08:06:43.203378	2025-09-06 08:06:43.203378
213	1581	6	active	2025-09-06 08:06:43.203378	\N	\N	2025-09-06 08:06:43.203378	2025-09-06 08:06:43.203378
214	1582	6	active	2025-09-06 08:06:43.203378	\N	\N	2025-09-06 08:06:43.203378	2025-09-06 08:06:43.203378
215	1583	6	active	2025-09-06 08:06:43.203378	\N	\N	2025-09-06 08:06:43.203378	2025-09-06 08:06:43.203378
216	1584	6	active	2025-09-06 08:06:43.203378	\N	\N	2025-09-06 08:06:43.203378	2025-09-06 08:06:43.203378
217	1585	6	active	2025-09-06 08:06:43.203378	\N	\N	2025-09-06 08:06:43.203378	2025-09-06 08:06:43.203378
218	1586	6	active	2025-09-06 08:06:43.203378	\N	\N	2025-09-06 08:06:43.203378	2025-09-06 08:06:43.203378
219	1587	6	active	2025-09-06 08:06:43.203378	\N	\N	2025-09-06 08:06:43.203378	2025-09-06 08:06:43.203378
220	1588	6	active	2025-09-06 08:06:43.203378	\N	\N	2025-09-06 08:06:43.203378	2025-09-06 08:06:43.203378
221	1589	6	active	2025-09-06 08:06:43.203378	\N	\N	2025-09-06 08:06:43.203378	2025-09-06 08:06:43.203378
222	1590	6	active	2025-09-06 08:06:43.203378	\N	\N	2025-09-06 08:06:43.203378	2025-09-06 08:06:43.203378
223	1591	6	active	2025-09-06 08:06:43.203378	\N	\N	2025-09-06 08:06:43.203378	2025-09-06 08:06:43.203378
224	1592	6	active	2025-09-06 08:06:43.203378	\N	\N	2025-09-06 08:06:43.203378	2025-09-06 08:06:43.203378
225	1593	6	active	2025-09-06 08:06:43.203378	\N	\N	2025-09-06 08:06:43.203378	2025-09-06 08:06:43.203378
226	1594	6	active	2025-09-06 08:06:43.203378	\N	\N	2025-09-06 08:06:43.203378	2025-09-06 08:06:43.203378
227	1595	6	active	2025-09-06 08:06:43.203378	\N	\N	2025-09-06 08:06:43.203378	2025-09-06 08:06:43.203378
228	1596	6	active	2025-09-06 08:06:43.203378	\N	\N	2025-09-06 08:06:43.203378	2025-09-06 08:06:43.203378
229	1597	6	active	2025-09-06 08:06:43.203378	\N	\N	2025-09-06 08:06:43.203378	2025-09-06 08:06:43.203378
230	1598	6	active	2025-09-06 08:06:43.203378	\N	\N	2025-09-06 08:06:43.203378	2025-09-06 08:06:43.203378
231	1599	6	active	2025-09-06 08:06:43.203378	\N	\N	2025-09-06 08:06:43.203378	2025-09-06 08:06:43.203378
232	1600	6	active	2025-09-06 08:06:43.203378	\N	\N	2025-09-06 08:06:43.203378	2025-09-06 08:06:43.203378
233	1601	6	active	2025-09-06 08:06:43.203378	\N	\N	2025-09-06 08:06:43.203378	2025-09-06 08:06:43.203378
234	1602	6	active	2025-09-06 08:06:43.203378	\N	\N	2025-09-06 08:06:43.203378	2025-09-06 08:06:43.203378
235	1603	6	active	2025-09-06 08:06:43.203378	\N	\N	2025-09-06 08:06:43.203378	2025-09-06 08:06:43.203378
236	1604	6	active	2025-09-06 08:06:43.203378	\N	\N	2025-09-06 08:06:43.203378	2025-09-06 08:06:43.203378
237	1605	6	active	2025-09-06 08:06:43.203378	\N	\N	2025-09-06 08:06:43.203378	2025-09-06 08:06:43.203378
238	1606	6	active	2025-09-06 08:06:43.203378	\N	\N	2025-09-06 08:06:43.203378	2025-09-06 08:06:43.203378
239	1607	6	active	2025-09-06 08:06:43.203378	\N	\N	2025-09-06 08:06:43.203378	2025-09-06 08:06:43.203378
240	1608	6	active	2025-09-06 08:06:43.203378	\N	\N	2025-09-06 08:06:43.203378	2025-09-06 08:06:43.203378
241	1609	6	active	2025-09-06 08:06:43.203378	\N	\N	2025-09-06 08:06:43.203378	2025-09-06 08:06:43.203378
242	1610	6	active	2025-09-06 08:06:43.203378	\N	\N	2025-09-06 08:06:43.203378	2025-09-06 08:06:43.203378
243	1611	6	active	2025-09-06 08:06:43.203378	\N	\N	2025-09-06 08:06:43.203378	2025-09-06 08:06:43.203378
244	1614	6	active	2025-09-06 08:06:43.203378	\N	\N	2025-09-06 08:06:43.203378	2025-09-06 08:06:43.203378
245	1615	6	active	2025-09-06 08:06:43.203378	\N	\N	2025-09-06 08:06:43.203378	2025-09-06 08:06:43.203378
246	1616	6	active	2025-09-06 08:06:43.203378	\N	\N	2025-09-06 08:06:43.203378	2025-09-06 08:06:43.203378
247	1617	6	active	2025-09-06 08:06:43.203378	\N	\N	2025-09-06 08:06:43.203378	2025-09-06 08:06:43.203378
248	1618	6	active	2025-09-06 08:06:43.203378	\N	\N	2025-09-06 08:06:43.203378	2025-09-06 08:06:43.203378
249	1626	6	active	2025-09-06 08:06:43.203378	\N	\N	2025-09-06 08:06:43.203378	2025-09-06 08:06:43.203378
250	1629	6	active	2025-09-06 08:06:43.203378	\N	\N	2025-09-06 08:06:43.203378	2025-09-06 08:06:43.203378
251	1630	6	active	2025-09-06 08:06:43.203378	\N	\N	2025-09-06 08:06:43.203378	2025-09-06 08:06:43.203378
252	1631	6	active	2025-09-06 08:06:43.203378	\N	\N	2025-09-06 08:06:43.203378	2025-09-06 08:06:43.203378
253	1632	6	active	2025-09-06 08:06:43.203378	\N	\N	2025-09-06 08:06:43.203378	2025-09-06 08:06:43.203378
254	1633	6	active	2025-09-06 08:06:43.203378	\N	\N	2025-09-06 08:06:43.203378	2025-09-06 08:06:43.203378
255	1634	6	active	2025-09-06 08:06:43.203378	\N	\N	2025-09-06 08:06:43.203378	2025-09-06 08:06:43.203378
256	1635	6	active	2025-09-06 08:06:43.203378	\N	\N	2025-09-06 08:06:43.203378	2025-09-06 08:06:43.203378
257	1636	6	active	2025-09-06 08:06:43.203378	\N	\N	2025-09-06 08:06:43.203378	2025-09-06 08:06:43.203378
258	1637	6	active	2025-09-06 08:06:43.203378	\N	\N	2025-09-06 08:06:43.203378	2025-09-06 08:06:43.203378
259	1638	6	active	2025-09-06 08:06:43.203378	\N	\N	2025-09-06 08:06:43.203378	2025-09-06 08:06:43.203378
260	1639	6	active	2025-09-06 08:06:43.203378	\N	\N	2025-09-06 08:06:43.203378	2025-09-06 08:06:43.203378
261	1640	6	active	2025-09-06 08:06:43.203378	\N	\N	2025-09-06 08:06:43.203378	2025-09-06 08:06:43.203378
262	1641	6	active	2025-09-06 08:06:43.203378	\N	\N	2025-09-06 08:06:43.203378	2025-09-06 08:06:43.203378
263	1642	6	active	2025-09-06 08:06:43.203378	\N	\N	2025-09-06 08:06:43.203378	2025-09-06 08:06:43.203378
264	1643	6	active	2025-09-06 08:06:43.203378	\N	\N	2025-09-06 08:06:43.203378	2025-09-06 08:06:43.203378
265	1644	6	active	2025-09-06 08:06:43.203378	\N	\N	2025-09-06 08:06:43.203378	2025-09-06 08:06:43.203378
266	1645	6	active	2025-09-06 08:06:43.203378	\N	\N	2025-09-06 08:06:43.203378	2025-09-06 08:06:43.203378
267	1646	6	active	2025-09-06 08:06:43.203378	\N	\N	2025-09-06 08:06:43.203378	2025-09-06 08:06:43.203378
268	1647	6	active	2025-09-06 08:06:43.203378	\N	\N	2025-09-06 08:06:43.203378	2025-09-06 08:06:43.203378
269	1648	6	active	2025-09-06 08:06:43.203378	\N	\N	2025-09-06 08:06:43.203378	2025-09-06 08:06:43.203378
270	1649	6	active	2025-09-06 08:06:43.203378	\N	\N	2025-09-06 08:06:43.203378	2025-09-06 08:06:43.203378
271	1650	6	active	2025-09-06 08:06:43.203378	\N	\N	2025-09-06 08:06:43.203378	2025-09-06 08:06:43.203378
272	1651	6	active	2025-09-06 08:06:43.203378	\N	\N	2025-09-06 08:06:43.203378	2025-09-06 08:06:43.203378
273	1652	6	active	2025-09-06 08:06:43.203378	\N	\N	2025-09-06 08:06:43.203378	2025-09-06 08:06:43.203378
274	1653	6	active	2025-09-06 08:06:43.203378	\N	\N	2025-09-06 08:06:43.203378	2025-09-06 08:06:43.203378
275	1654	6	active	2025-09-06 08:06:43.203378	\N	\N	2025-09-06 08:06:43.203378	2025-09-06 08:06:43.203378
276	1655	6	active	2025-09-06 08:06:43.203378	\N	\N	2025-09-06 08:06:43.203378	2025-09-06 08:06:43.203378
277	1656	6	active	2025-09-06 08:06:43.203378	\N	\N	2025-09-06 08:06:43.203378	2025-09-06 08:06:43.203378
278	1657	6	active	2025-09-06 08:06:43.203378	\N	\N	2025-09-06 08:06:43.203378	2025-09-06 08:06:43.203378
279	1658	6	active	2025-09-06 08:06:43.203378	\N	\N	2025-09-06 08:06:43.203378	2025-09-06 08:06:43.203378
280	1659	6	active	2025-09-06 08:06:43.203378	\N	\N	2025-09-06 08:06:43.203378	2025-09-06 08:06:43.203378
281	1660	6	active	2025-09-06 08:06:43.203378	\N	\N	2025-09-06 08:06:43.203378	2025-09-06 08:06:43.203378
282	1662	6	active	2025-09-06 08:06:43.203378	\N	\N	2025-09-06 08:06:43.203378	2025-09-06 08:06:43.203378
283	1663	6	active	2025-09-06 08:06:43.203378	\N	\N	2025-09-06 08:06:43.203378	2025-09-06 08:06:43.203378
284	1664	6	active	2025-09-06 08:06:43.203378	\N	\N	2025-09-06 08:06:43.203378	2025-09-06 08:06:43.203378
285	1665	6	active	2025-09-06 08:06:43.203378	\N	\N	2025-09-06 08:06:43.203378	2025-09-06 08:06:43.203378
286	1666	6	active	2025-09-06 08:06:43.203378	\N	\N	2025-09-06 08:06:43.203378	2025-09-06 08:06:43.203378
287	1667	6	active	2025-09-06 08:06:43.203378	\N	\N	2025-09-06 08:06:43.203378	2025-09-06 08:06:43.203378
288	1668	6	active	2025-09-06 08:06:43.203378	\N	\N	2025-09-06 08:06:43.203378	2025-09-06 08:06:43.203378
289	1669	6	active	2025-09-06 08:06:43.203378	\N	\N	2025-09-06 08:06:43.203378	2025-09-06 08:06:43.203378
290	1670	6	active	2025-09-06 08:06:43.203378	\N	\N	2025-09-06 08:06:43.203378	2025-09-06 08:06:43.203378
291	1524	7	active	2025-09-06 08:06:46.810073	\N	\N	2025-09-06 08:06:46.810073	2025-09-06 08:06:46.810073
\.


--
-- Name: column_problem_solutions_id_seq; Type: SEQUENCE SET; Schema: mcl; Owner: postgres
--

SELECT pg_catalog.setval('mcl.column_problem_solutions_id_seq', 12, true);


--
-- Name: column_type_problem_solutions_id_seq; Type: SEQUENCE SET; Schema: mcl; Owner: postgres
--

SELECT pg_catalog.setval('mcl.column_type_problem_solutions_id_seq', 24, true);


--
-- Name: migration_problems_id_seq; Type: SEQUENCE SET; Schema: mcl; Owner: postgres
--

SELECT pg_catalog.setval('mcl.migration_problems_id_seq', 24, true);


--
-- Name: migration_tasks_id_seq; Type: SEQUENCE SET; Schema: mcl; Owner: postgres
--

SELECT pg_catalog.setval('mcl.migration_tasks_id_seq', 2, true);


--
-- Name: mssql_base_types_id_seq; Type: SEQUENCE SET; Schema: mcl; Owner: postgres
--

SELECT pg_catalog.setval('mcl.mssql_base_types_id_seq', 16, true);


--
-- Name: mssql_check_constraints_id_seq; Type: SEQUENCE SET; Schema: mcl; Owner: postgres
--

SELECT pg_catalog.setval('mcl.mssql_check_constraints_id_seq', 31, true);


--
-- Name: mssql_columns_id_seq; Type: SEQUENCE SET; Schema: mcl; Owner: postgres
--

SELECT pg_catalog.setval('mcl.mssql_columns_id_seq', 1004, true);


--
-- Name: mssql_columns_problems_mapping_id_seq; Type: SEQUENCE SET; Schema: mcl; Owner: postgres
--

SELECT pg_catalog.setval('mcl.mssql_columns_problems_mapping_id_seq', 866, true);


--
-- Name: mssql_default_constraints_id_seq; Type: SEQUENCE SET; Schema: mcl; Owner: postgres
--

SELECT pg_catalog.setval('mcl.mssql_default_constraints_id_seq', 5, true);


--
-- Name: mssql_derived_types_id_seq; Type: SEQUENCE SET; Schema: mcl; Owner: postgres
--

SELECT pg_catalog.setval('mcl.mssql_derived_types_id_seq', 76, true);


--
-- Name: mssql_derived_types_problems_mapping_id_seq; Type: SEQUENCE SET; Schema: mcl; Owner: postgres
--

SELECT pg_catalog.setval('mcl.mssql_derived_types_problems_mapping_id_seq', 71, true);


--
-- Name: mssql_foreign_key_columns_id_seq; Type: SEQUENCE SET; Schema: mcl; Owner: postgres
--

SELECT pg_catalog.setval('mcl.mssql_foreign_key_columns_id_seq', 229, true);


--
-- Name: mssql_foreign_keys_id_seq; Type: SEQUENCE SET; Schema: mcl; Owner: postgres
--

SELECT pg_catalog.setval('mcl.mssql_foreign_keys_id_seq', 236, true);


--
-- Name: mssql_identity_columns_id_seq; Type: SEQUENCE SET; Schema: mcl; Owner: postgres
--

SELECT pg_catalog.setval('mcl.mssql_identity_columns_id_seq', 132, true);


--
-- Name: mssql_index_columns_id_seq; Type: SEQUENCE SET; Schema: mcl; Owner: postgres
--

SELECT pg_catalog.setval('mcl.mssql_index_columns_id_seq', 187, true);


--
-- Name: mssql_indexes_id_seq; Type: SEQUENCE SET; Schema: mcl; Owner: postgres
--

SELECT pg_catalog.setval('mcl.mssql_indexes_id_seq', 173, true);


--
-- Name: mssql_objects_id_seq; Type: SEQUENCE SET; Schema: mcl; Owner: postgres
--

SELECT pg_catalog.setval('mcl.mssql_objects_id_seq', 1673, true);


--
-- Name: mssql_primary_key_columns_id_seq; Type: SEQUENCE SET; Schema: mcl; Owner: postgres
--

SELECT pg_catalog.setval('mcl.mssql_primary_key_columns_id_seq', 344, true);


--
-- Name: mssql_primary_keys_id_seq; Type: SEQUENCE SET; Schema: mcl; Owner: postgres
--

SELECT pg_catalog.setval('mcl.mssql_primary_keys_id_seq', 316, true);


--
-- Name: mssql_tables_problems_mapping_id_seq; Type: SEQUENCE SET; Schema: mcl; Owner: postgres
--

SELECT pg_catalog.setval('mcl.mssql_tables_problems_mapping_id_seq', 291, true);


--
-- Name: mssql_triggers_id_seq; Type: SEQUENCE SET; Schema: mcl; Owner: postgres
--

SELECT pg_catalog.setval('mcl.mssql_triggers_id_seq', 15, true);


--
-- Name: mssql_unique_constraint_columns_id_seq; Type: SEQUENCE SET; Schema: mcl; Owner: postgres
--

SELECT pg_catalog.setval('mcl.mssql_unique_constraint_columns_id_seq', 4, true);


--
-- Name: mssql_unique_constraints_id_seq; Type: SEQUENCE SET; Schema: mcl; Owner: postgres
--

SELECT pg_catalog.setval('mcl.mssql_unique_constraints_id_seq', 10, true);


--
-- Name: postgres_base_types_id_seq; Type: SEQUENCE SET; Schema: mcl; Owner: postgres
--

SELECT pg_catalog.setval('mcl.postgres_base_types_id_seq', 11, true);


--
-- Name: postgres_check_constraints_id_seq; Type: SEQUENCE SET; Schema: mcl; Owner: postgres
--

SELECT pg_catalog.setval('mcl.postgres_check_constraints_id_seq', 33, true);


--
-- Name: postgres_columns_id_seq; Type: SEQUENCE SET; Schema: mcl; Owner: postgres
--

SELECT pg_catalog.setval('mcl.postgres_columns_id_seq', 1001, true);


--
-- Name: postgres_default_constraints_id_seq; Type: SEQUENCE SET; Schema: mcl; Owner: postgres
--

SELECT pg_catalog.setval('mcl.postgres_default_constraints_id_seq', 5, true);


--
-- Name: postgres_derived_types_id_seq; Type: SEQUENCE SET; Schema: mcl; Owner: postgres
--

SELECT pg_catalog.setval('mcl.postgres_derived_types_id_seq', 70, true);


--
-- Name: postgres_foreign_key_columns_id_seq; Type: SEQUENCE SET; Schema: mcl; Owner: postgres
--

SELECT pg_catalog.setval('mcl.postgres_foreign_key_columns_id_seq', 229, true);


--
-- Name: postgres_foreign_keys_id_seq; Type: SEQUENCE SET; Schema: mcl; Owner: postgres
--

SELECT pg_catalog.setval('mcl.postgres_foreign_keys_id_seq', 199, true);


--
-- Name: postgres_index_columns_id_seq; Type: SEQUENCE SET; Schema: mcl; Owner: postgres
--

SELECT pg_catalog.setval('mcl.postgres_index_columns_id_seq', 202, true);


--
-- Name: postgres_indexes_id_seq; Type: SEQUENCE SET; Schema: mcl; Owner: postgres
--

SELECT pg_catalog.setval('mcl.postgres_indexes_id_seq', 252, true);


--
-- Name: postgres_objects_id_seq; Type: SEQUENCE SET; Schema: mcl; Owner: postgres
--

SELECT pg_catalog.setval('mcl.postgres_objects_id_seq', 332, true);


--
-- Name: postgres_primary_key_columns_id_seq; Type: SEQUENCE SET; Schema: mcl; Owner: postgres
--

SELECT pg_catalog.setval('mcl.postgres_primary_key_columns_id_seq', 172, true);


--
-- Name: postgres_primary_keys_id_seq; Type: SEQUENCE SET; Schema: mcl; Owner: postgres
--

SELECT pg_catalog.setval('mcl.postgres_primary_keys_id_seq', 144, true);


--
-- Name: postgres_sequences_id_seq; Type: SEQUENCE SET; Schema: mcl; Owner: postgres
--

SELECT pg_catalog.setval('mcl.postgres_sequences_id_seq', 130, true);


--
-- Name: postgres_triggers_id_seq; Type: SEQUENCE SET; Schema: mcl; Owner: postgres
--

SELECT pg_catalog.setval('mcl.postgres_triggers_id_seq', 15, true);


--
-- Name: postgres_unique_constraint_columns_id_seq; Type: SEQUENCE SET; Schema: mcl; Owner: postgres
--

SELECT pg_catalog.setval('mcl.postgres_unique_constraint_columns_id_seq', 4, true);


--
-- Name: postgres_unique_constraints_id_seq; Type: SEQUENCE SET; Schema: mcl; Owner: postgres
--

SELECT pg_catalog.setval('mcl.postgres_unique_constraints_id_seq', 10, true);


--
-- Name: table_problem_solutions_id_seq; Type: SEQUENCE SET; Schema: mcl; Owner: postgres
--

SELECT pg_catalog.setval('mcl.table_problem_solutions_id_seq', 7, true);


--
-- Name: problems_cm_slt column_problem_solutions_pkey; Type: CONSTRAINT; Schema: mcl; Owner: postgres
--

ALTER TABLE ONLY mcl.problems_cm_slt
    ADD CONSTRAINT column_problem_solutions_pkey PRIMARY KEY (id);


--
-- Name: problems_ct_slt column_type_problem_solutions_pkey; Type: CONSTRAINT; Schema: mcl; Owner: postgres
--

ALTER TABLE ONLY mcl.problems_ct_slt
    ADD CONSTRAINT column_type_problem_solutions_pkey PRIMARY KEY (id);


--
-- Name: problems migration_problems_pkey; Type: CONSTRAINT; Schema: mcl; Owner: postgres
--

ALTER TABLE ONLY mcl.problems
    ADD CONSTRAINT migration_problems_pkey PRIMARY KEY (id);


--
-- Name: migration_tasks migration_tasks_pkey; Type: CONSTRAINT; Schema: mcl; Owner: postgres
--

ALTER TABLE ONLY mcl.migration_tasks
    ADD CONSTRAINT migration_tasks_pkey PRIMARY KEY (id);


--
-- Name: mssql_check_constraints mssql_check_constraints_pkey; Type: CONSTRAINT; Schema: mcl; Owner: postgres
--

ALTER TABLE ONLY mcl.mssql_check_constraints
    ADD CONSTRAINT mssql_check_constraints_pkey PRIMARY KEY (id);


--
-- Name: mssql_columns mssql_columns_pkey; Type: CONSTRAINT; Schema: mcl; Owner: postgres
--

ALTER TABLE ONLY mcl.mssql_columns
    ADD CONSTRAINT mssql_columns_pkey PRIMARY KEY (id);


--
-- Name: problems_cm_slt_mp mssql_columns_problems_mapping_pkey; Type: CONSTRAINT; Schema: mcl; Owner: postgres
--

ALTER TABLE ONLY mcl.problems_cm_slt_mp
    ADD CONSTRAINT mssql_columns_problems_mapping_pkey PRIMARY KEY (id);


--
-- Name: mssql_default_constraints mssql_default_constraints_pkey; Type: CONSTRAINT; Schema: mcl; Owner: postgres
--

ALTER TABLE ONLY mcl.mssql_default_constraints
    ADD CONSTRAINT mssql_default_constraints_pkey PRIMARY KEY (id);


--
-- Name: problems_ct_slt_mp mssql_derived_types_problems_mapping_pkey; Type: CONSTRAINT; Schema: mcl; Owner: postgres
--

ALTER TABLE ONLY mcl.problems_ct_slt_mp
    ADD CONSTRAINT mssql_derived_types_problems_mapping_pkey PRIMARY KEY (id);


--
-- Name: mssql_foreign_key_columns mssql_foreign_key_columns_pkey; Type: CONSTRAINT; Schema: mcl; Owner: postgres
--

ALTER TABLE ONLY mcl.mssql_foreign_key_columns
    ADD CONSTRAINT mssql_foreign_key_columns_pkey PRIMARY KEY (id);


--
-- Name: mssql_foreign_keys mssql_foreign_keys_pkey; Type: CONSTRAINT; Schema: mcl; Owner: postgres
--

ALTER TABLE ONLY mcl.mssql_foreign_keys
    ADD CONSTRAINT mssql_foreign_keys_pkey PRIMARY KEY (id);


--
-- Name: mssql_identity_columns mssql_identity_columns_pkey; Type: CONSTRAINT; Schema: mcl; Owner: postgres
--

ALTER TABLE ONLY mcl.mssql_identity_columns
    ADD CONSTRAINT mssql_identity_columns_pkey PRIMARY KEY (id);


--
-- Name: mssql_index_columns mssql_index_columns_index_id_column_id_key; Type: CONSTRAINT; Schema: mcl; Owner: postgres
--

ALTER TABLE ONLY mcl.mssql_index_columns
    ADD CONSTRAINT mssql_index_columns_index_id_column_id_key UNIQUE (index_id, column_id);


--
-- Name: mssql_index_columns mssql_index_columns_index_id_ordinal_position_key; Type: CONSTRAINT; Schema: mcl; Owner: postgres
--

ALTER TABLE ONLY mcl.mssql_index_columns
    ADD CONSTRAINT mssql_index_columns_index_id_ordinal_position_key UNIQUE (index_id, ordinal_position);


--
-- Name: mssql_index_columns mssql_index_columns_pkey; Type: CONSTRAINT; Schema: mcl; Owner: postgres
--

ALTER TABLE ONLY mcl.mssql_index_columns
    ADD CONSTRAINT mssql_index_columns_pkey PRIMARY KEY (id);


--
-- Name: mssql_indexes mssql_indexes_pkey; Type: CONSTRAINT; Schema: mcl; Owner: postgres
--

ALTER TABLE ONLY mcl.mssql_indexes
    ADD CONSTRAINT mssql_indexes_pkey PRIMARY KEY (id);


--
-- Name: mssql_objects mssql_objects_pkey; Type: CONSTRAINT; Schema: mcl; Owner: postgres
--

ALTER TABLE ONLY mcl.mssql_objects
    ADD CONSTRAINT mssql_objects_pkey PRIMARY KEY (id);


--
-- Name: mssql_primary_key_columns mssql_primary_key_columns_pkey; Type: CONSTRAINT; Schema: mcl; Owner: postgres
--

ALTER TABLE ONLY mcl.mssql_primary_key_columns
    ADD CONSTRAINT mssql_primary_key_columns_pkey PRIMARY KEY (id);


--
-- Name: mssql_primary_keys mssql_primary_keys_pkey; Type: CONSTRAINT; Schema: mcl; Owner: postgres
--

ALTER TABLE ONLY mcl.mssql_primary_keys
    ADD CONSTRAINT mssql_primary_keys_pkey PRIMARY KEY (id);


--
-- Name: problems_tb_slt_mp mssql_tables_problems_mapping_pkey; Type: CONSTRAINT; Schema: mcl; Owner: postgres
--

ALTER TABLE ONLY mcl.problems_tb_slt_mp
    ADD CONSTRAINT mssql_tables_problems_mapping_pkey PRIMARY KEY (id);


--
-- Name: mssql_triggers mssql_triggers_pkey; Type: CONSTRAINT; Schema: mcl; Owner: postgres
--

ALTER TABLE ONLY mcl.mssql_triggers
    ADD CONSTRAINT mssql_triggers_pkey PRIMARY KEY (id);


--
-- Name: mssql_unique_constraint_columns mssql_unique_constraint_colum_unique_constraint_id_column_i_key; Type: CONSTRAINT; Schema: mcl; Owner: postgres
--

ALTER TABLE ONLY mcl.mssql_unique_constraint_columns
    ADD CONSTRAINT mssql_unique_constraint_colum_unique_constraint_id_column_i_key UNIQUE (unique_constraint_id, column_id);


--
-- Name: mssql_unique_constraint_columns mssql_unique_constraint_colum_unique_constraint_id_ordinal__key; Type: CONSTRAINT; Schema: mcl; Owner: postgres
--

ALTER TABLE ONLY mcl.mssql_unique_constraint_columns
    ADD CONSTRAINT mssql_unique_constraint_colum_unique_constraint_id_ordinal__key UNIQUE (unique_constraint_id, ordinal_position);


--
-- Name: mssql_unique_constraint_columns mssql_unique_constraint_columns_pkey; Type: CONSTRAINT; Schema: mcl; Owner: postgres
--

ALTER TABLE ONLY mcl.mssql_unique_constraint_columns
    ADD CONSTRAINT mssql_unique_constraint_columns_pkey PRIMARY KEY (id);


--
-- Name: mssql_unique_constraints mssql_unique_constraints_pkey; Type: CONSTRAINT; Schema: mcl; Owner: postgres
--

ALTER TABLE ONLY mcl.mssql_unique_constraints
    ADD CONSTRAINT mssql_unique_constraints_pkey PRIMARY KEY (id);


--
-- Name: postgres_check_constraints postgres_check_constraints_pkey; Type: CONSTRAINT; Schema: mcl; Owner: postgres
--

ALTER TABLE ONLY mcl.postgres_check_constraints
    ADD CONSTRAINT postgres_check_constraints_pkey PRIMARY KEY (id);


--
-- Name: postgres_columns postgres_columns_pkey; Type: CONSTRAINT; Schema: mcl; Owner: postgres
--

ALTER TABLE ONLY mcl.postgres_columns
    ADD CONSTRAINT postgres_columns_pkey PRIMARY KEY (id);


--
-- Name: postgres_columns postgres_columns_source_column_id_key; Type: CONSTRAINT; Schema: mcl; Owner: postgres
--

ALTER TABLE ONLY mcl.postgres_columns
    ADD CONSTRAINT postgres_columns_source_column_id_key UNIQUE (source_column_id);


--
-- Name: postgres_default_constraints postgres_default_constraints_pkey; Type: CONSTRAINT; Schema: mcl; Owner: postgres
--

ALTER TABLE ONLY mcl.postgres_default_constraints
    ADD CONSTRAINT postgres_default_constraints_pkey PRIMARY KEY (id);


--
-- Name: postgres_derived_types postgres_derived_types_pkey; Type: CONSTRAINT; Schema: mcl; Owner: postgres
--

ALTER TABLE ONLY mcl.postgres_derived_types
    ADD CONSTRAINT postgres_derived_types_pkey PRIMARY KEY (id);


--
-- Name: postgres_foreign_key_columns postgres_foreign_key_columns_foreign_key_id_column_id_key; Type: CONSTRAINT; Schema: mcl; Owner: postgres
--

ALTER TABLE ONLY mcl.postgres_foreign_key_columns
    ADD CONSTRAINT postgres_foreign_key_columns_foreign_key_id_column_id_key UNIQUE (foreign_key_id, column_id);


--
-- Name: postgres_foreign_key_columns postgres_foreign_key_columns_foreign_key_id_ordinal_positio_key; Type: CONSTRAINT; Schema: mcl; Owner: postgres
--

ALTER TABLE ONLY mcl.postgres_foreign_key_columns
    ADD CONSTRAINT postgres_foreign_key_columns_foreign_key_id_ordinal_positio_key UNIQUE (foreign_key_id, ordinal_position);


--
-- Name: postgres_foreign_key_columns postgres_foreign_key_columns_pkey; Type: CONSTRAINT; Schema: mcl; Owner: postgres
--

ALTER TABLE ONLY mcl.postgres_foreign_key_columns
    ADD CONSTRAINT postgres_foreign_key_columns_pkey PRIMARY KEY (id);


--
-- Name: postgres_foreign_key_columns postgres_foreign_key_columns_source_foreign_key_column_id_key; Type: CONSTRAINT; Schema: mcl; Owner: postgres
--

ALTER TABLE ONLY mcl.postgres_foreign_key_columns
    ADD CONSTRAINT postgres_foreign_key_columns_source_foreign_key_column_id_key UNIQUE (source_foreign_key_column_id);


--
-- Name: postgres_foreign_keys postgres_foreign_keys_pkey; Type: CONSTRAINT; Schema: mcl; Owner: postgres
--

ALTER TABLE ONLY mcl.postgres_foreign_keys
    ADD CONSTRAINT postgres_foreign_keys_pkey PRIMARY KEY (id);


--
-- Name: postgres_functions postgres_functions_source_function_id_key; Type: CONSTRAINT; Schema: mcl; Owner: postgres
--

ALTER TABLE ONLY mcl.postgres_functions
    ADD CONSTRAINT postgres_functions_source_function_id_key UNIQUE (source_function_id);


--
-- Name: postgres_index_columns postgres_index_columns_index_id_column_id_key; Type: CONSTRAINT; Schema: mcl; Owner: postgres
--

ALTER TABLE ONLY mcl.postgres_index_columns
    ADD CONSTRAINT postgres_index_columns_index_id_column_id_key UNIQUE (index_id, column_id);


--
-- Name: postgres_index_columns postgres_index_columns_index_id_ordinal_position_key; Type: CONSTRAINT; Schema: mcl; Owner: postgres
--

ALTER TABLE ONLY mcl.postgres_index_columns
    ADD CONSTRAINT postgres_index_columns_index_id_ordinal_position_key UNIQUE (index_id, ordinal_position);


--
-- Name: postgres_index_columns postgres_index_columns_pkey; Type: CONSTRAINT; Schema: mcl; Owner: postgres
--

ALTER TABLE ONLY mcl.postgres_index_columns
    ADD CONSTRAINT postgres_index_columns_pkey PRIMARY KEY (id);


--
-- Name: postgres_index_columns postgres_index_columns_source_index_column_id_key; Type: CONSTRAINT; Schema: mcl; Owner: postgres
--

ALTER TABLE ONLY mcl.postgres_index_columns
    ADD CONSTRAINT postgres_index_columns_source_index_column_id_key UNIQUE (source_index_column_id);


--
-- Name: postgres_indexes postgres_indexes_pkey; Type: CONSTRAINT; Schema: mcl; Owner: postgres
--

ALTER TABLE ONLY mcl.postgres_indexes
    ADD CONSTRAINT postgres_indexes_pkey PRIMARY KEY (id);


--
-- Name: postgres_objects postgres_objects_pkey; Type: CONSTRAINT; Schema: mcl; Owner: postgres
--

ALTER TABLE ONLY mcl.postgres_objects
    ADD CONSTRAINT postgres_objects_pkey PRIMARY KEY (id);


--
-- Name: postgres_primary_key_columns postgres_primary_key_columns_pkey; Type: CONSTRAINT; Schema: mcl; Owner: postgres
--

ALTER TABLE ONLY mcl.postgres_primary_key_columns
    ADD CONSTRAINT postgres_primary_key_columns_pkey PRIMARY KEY (id);


--
-- Name: postgres_primary_keys postgres_primary_keys_pkey; Type: CONSTRAINT; Schema: mcl; Owner: postgres
--

ALTER TABLE ONLY mcl.postgres_primary_keys
    ADD CONSTRAINT postgres_primary_keys_pkey PRIMARY KEY (id);


--
-- Name: postgres_sequences postgres_sequences_pkey; Type: CONSTRAINT; Schema: mcl; Owner: postgres
--

ALTER TABLE ONLY mcl.postgres_sequences
    ADD CONSTRAINT postgres_sequences_pkey PRIMARY KEY (id);


--
-- Name: postgres_stored_procedures postgres_stored_procedures_source_procedure_id_key; Type: CONSTRAINT; Schema: mcl; Owner: postgres
--

ALTER TABLE ONLY mcl.postgres_stored_procedures
    ADD CONSTRAINT postgres_stored_procedures_source_procedure_id_key UNIQUE (source_procedure_id);


--
-- Name: postgres_tables postgres_tables_source_table_id_key; Type: CONSTRAINT; Schema: mcl; Owner: postgres
--

ALTER TABLE ONLY mcl.postgres_tables
    ADD CONSTRAINT postgres_tables_source_table_id_key UNIQUE (source_table_id);


--
-- Name: postgres_triggers postgres_triggers_pkey; Type: CONSTRAINT; Schema: mcl; Owner: postgres
--

ALTER TABLE ONLY mcl.postgres_triggers
    ADD CONSTRAINT postgres_triggers_pkey PRIMARY KEY (id);


--
-- Name: postgres_unique_constraint_columns postgres_unique_constraint_co_source_unique_constraint_colu_key; Type: CONSTRAINT; Schema: mcl; Owner: postgres
--

ALTER TABLE ONLY mcl.postgres_unique_constraint_columns
    ADD CONSTRAINT postgres_unique_constraint_co_source_unique_constraint_colu_key UNIQUE (source_unique_constraint_column_id);


--
-- Name: postgres_unique_constraint_columns postgres_unique_constraint_co_unique_constraint_id_column_i_key; Type: CONSTRAINT; Schema: mcl; Owner: postgres
--

ALTER TABLE ONLY mcl.postgres_unique_constraint_columns
    ADD CONSTRAINT postgres_unique_constraint_co_unique_constraint_id_column_i_key UNIQUE (unique_constraint_id, column_id);


--
-- Name: postgres_unique_constraint_columns postgres_unique_constraint_co_unique_constraint_id_ordinal__key; Type: CONSTRAINT; Schema: mcl; Owner: postgres
--

ALTER TABLE ONLY mcl.postgres_unique_constraint_columns
    ADD CONSTRAINT postgres_unique_constraint_co_unique_constraint_id_ordinal__key UNIQUE (unique_constraint_id, ordinal_position);


--
-- Name: postgres_unique_constraint_columns postgres_unique_constraint_columns_pkey; Type: CONSTRAINT; Schema: mcl; Owner: postgres
--

ALTER TABLE ONLY mcl.postgres_unique_constraint_columns
    ADD CONSTRAINT postgres_unique_constraint_columns_pkey PRIMARY KEY (id);


--
-- Name: postgres_unique_constraints postgres_unique_constraints_pkey; Type: CONSTRAINT; Schema: mcl; Owner: postgres
--

ALTER TABLE ONLY mcl.postgres_unique_constraints
    ADD CONSTRAINT postgres_unique_constraints_pkey PRIMARY KEY (id);


--
-- Name: postgres_views postgres_views_source_view_id_key; Type: CONSTRAINT; Schema: mcl; Owner: postgres
--

ALTER TABLE ONLY mcl.postgres_views
    ADD CONSTRAINT postgres_views_source_view_id_key UNIQUE (source_view_id);


--
-- Name: problems_tb_slt table_problem_solutions_pkey; Type: CONSTRAINT; Schema: mcl; Owner: postgres
--

ALTER TABLE ONLY mcl.problems_tb_slt
    ADD CONSTRAINT table_problem_solutions_pkey PRIMARY KEY (id);


--
-- Name: problems_cm uk_column_migration_problems_id; Type: CONSTRAINT; Schema: mcl; Owner: postgres
--

ALTER TABLE ONLY mcl.problems_cm
    ADD CONSTRAINT uk_column_migration_problems_id UNIQUE (id);


--
-- Name: problems_ct uk_column_type_migration_problems_id; Type: CONSTRAINT; Schema: mcl; Owner: postgres
--

ALTER TABLE ONLY mcl.problems_ct
    ADD CONSTRAINT uk_column_type_migration_problems_id UNIQUE (id);


--
-- Name: mssql_base_types uk_mssql_base_types_id; Type: CONSTRAINT; Schema: mcl; Owner: postgres
--

ALTER TABLE ONLY mcl.mssql_base_types
    ADD CONSTRAINT uk_mssql_base_types_id UNIQUE (id);


--
-- Name: mssql_base_types uk_mssql_base_types_name; Type: CONSTRAINT; Schema: mcl; Owner: postgres
--

ALTER TABLE ONLY mcl.mssql_base_types
    ADD CONSTRAINT uk_mssql_base_types_name UNIQUE (base_type_name);


--
-- Name: mssql_check_constraints uk_mssql_check_constraints_table_name; Type: CONSTRAINT; Schema: mcl; Owner: postgres
--

ALTER TABLE ONLY mcl.mssql_check_constraints
    ADD CONSTRAINT uk_mssql_check_constraints_table_name UNIQUE (table_id, constraint_name);


--
-- Name: mssql_columns uk_mssql_columns_id; Type: CONSTRAINT; Schema: mcl; Owner: postgres
--

ALTER TABLE ONLY mcl.mssql_columns
    ADD CONSTRAINT uk_mssql_columns_id UNIQUE (id);


--
-- Name: mssql_default_constraints uk_mssql_default_constraints_name; Type: CONSTRAINT; Schema: mcl; Owner: postgres
--

ALTER TABLE ONLY mcl.mssql_default_constraints
    ADD CONSTRAINT uk_mssql_default_constraints_name UNIQUE (constraint_name);


--
-- Name: mssql_default_constraints uk_mssql_default_constraints_table_column; Type: CONSTRAINT; Schema: mcl; Owner: postgres
--

ALTER TABLE ONLY mcl.mssql_default_constraints
    ADD CONSTRAINT uk_mssql_default_constraints_table_column UNIQUE (table_id, column_id);


--
-- Name: mssql_derived_types uk_mssql_derived_types_task_unique; Type: CONSTRAINT; Schema: mcl; Owner: postgres
--

ALTER TABLE ONLY mcl.mssql_derived_types
    ADD CONSTRAINT uk_mssql_derived_types_task_unique UNIQUE (task_id, base_type_id, precision_value, scale_value, length_value, is_nullable);


--
-- Name: mssql_foreign_key_columns uk_mssql_foreign_key_columns_fk_column; Type: CONSTRAINT; Schema: mcl; Owner: postgres
--

ALTER TABLE ONLY mcl.mssql_foreign_key_columns
    ADD CONSTRAINT uk_mssql_foreign_key_columns_fk_column UNIQUE (foreign_key_id, column_id);


--
-- Name: mssql_foreign_key_columns uk_mssql_foreign_key_columns_fk_position; Type: CONSTRAINT; Schema: mcl; Owner: postgres
--

ALTER TABLE ONLY mcl.mssql_foreign_key_columns
    ADD CONSTRAINT uk_mssql_foreign_key_columns_fk_position UNIQUE (foreign_key_id, ordinal_position);


--
-- Name: mssql_foreign_keys uk_mssql_foreign_keys_table_constraint; Type: CONSTRAINT; Schema: mcl; Owner: postgres
--

ALTER TABLE ONLY mcl.mssql_foreign_keys
    ADD CONSTRAINT uk_mssql_foreign_keys_table_constraint UNIQUE (table_id, constraint_name);


--
-- Name: mssql_functions uk_mssql_functions_id; Type: CONSTRAINT; Schema: mcl; Owner: postgres
--

ALTER TABLE ONLY mcl.mssql_functions
    ADD CONSTRAINT uk_mssql_functions_id UNIQUE (id);


--
-- Name: mssql_identity_columns uk_mssql_identity_columns_table_column; Type: CONSTRAINT; Schema: mcl; Owner: postgres
--

ALTER TABLE ONLY mcl.mssql_identity_columns
    ADD CONSTRAINT uk_mssql_identity_columns_table_column UNIQUE (table_id, column_id);


--
-- Name: mssql_indexes uk_mssql_indexes_table_name; Type: CONSTRAINT; Schema: mcl; Owner: postgres
--

ALTER TABLE ONLY mcl.mssql_indexes
    ADD CONSTRAINT uk_mssql_indexes_table_name UNIQUE (table_id, index_name);


--
-- Name: mssql_objects uk_mssql_objects_unique_per_task; Type: CONSTRAINT; Schema: mcl; Owner: postgres
--

ALTER TABLE ONLY mcl.mssql_objects
    ADD CONSTRAINT uk_mssql_objects_unique_per_task UNIQUE (task_id, schema_name, object_name, object_type);


--
-- Name: mssql_primary_key_columns uk_mssql_primary_key_columns_pk_column; Type: CONSTRAINT; Schema: mcl; Owner: postgres
--

ALTER TABLE ONLY mcl.mssql_primary_key_columns
    ADD CONSTRAINT uk_mssql_primary_key_columns_pk_column UNIQUE (primary_key_id, column_id);


--
-- Name: mssql_primary_key_columns uk_mssql_primary_key_columns_pk_position; Type: CONSTRAINT; Schema: mcl; Owner: postgres
--

ALTER TABLE ONLY mcl.mssql_primary_key_columns
    ADD CONSTRAINT uk_mssql_primary_key_columns_pk_position UNIQUE (primary_key_id, ordinal_position);


--
-- Name: mssql_primary_keys uk_mssql_primary_keys_table; Type: CONSTRAINT; Schema: mcl; Owner: postgres
--

ALTER TABLE ONLY mcl.mssql_primary_keys
    ADD CONSTRAINT uk_mssql_primary_keys_table UNIQUE (table_id);


--
-- Name: mssql_stored_procedures uk_mssql_stored_procedures_id; Type: CONSTRAINT; Schema: mcl; Owner: postgres
--

ALTER TABLE ONLY mcl.mssql_stored_procedures
    ADD CONSTRAINT uk_mssql_stored_procedures_id UNIQUE (id);


--
-- Name: mssql_tables uk_mssql_tables_id; Type: CONSTRAINT; Schema: mcl; Owner: postgres
--

ALTER TABLE ONLY mcl.mssql_tables
    ADD CONSTRAINT uk_mssql_tables_id UNIQUE (id);


--
-- Name: mssql_triggers uk_mssql_triggers_table_name; Type: CONSTRAINT; Schema: mcl; Owner: postgres
--

ALTER TABLE ONLY mcl.mssql_triggers
    ADD CONSTRAINT uk_mssql_triggers_table_name UNIQUE (table_id, trigger_name);


--
-- Name: mssql_unique_constraints uk_mssql_unique_constraints_table_name; Type: CONSTRAINT; Schema: mcl; Owner: postgres
--

ALTER TABLE ONLY mcl.mssql_unique_constraints
    ADD CONSTRAINT uk_mssql_unique_constraints_table_name UNIQUE (table_id, constraint_name);


--
-- Name: mssql_views uk_mssql_views_id; Type: CONSTRAINT; Schema: mcl; Owner: postgres
--

ALTER TABLE ONLY mcl.mssql_views
    ADD CONSTRAINT uk_mssql_views_id UNIQUE (id);


--
-- Name: postgres_base_types uk_postgres_base_types_id; Type: CONSTRAINT; Schema: mcl; Owner: postgres
--

ALTER TABLE ONLY mcl.postgres_base_types
    ADD CONSTRAINT uk_postgres_base_types_id UNIQUE (id);


--
-- Name: postgres_check_constraints uk_postgres_check_constraints_source; Type: CONSTRAINT; Schema: mcl; Owner: postgres
--

ALTER TABLE ONLY mcl.postgres_check_constraints
    ADD CONSTRAINT uk_postgres_check_constraints_source UNIQUE (source_check_constraint_id);


--
-- Name: postgres_check_constraints uk_postgres_check_constraints_table_name; Type: CONSTRAINT; Schema: mcl; Owner: postgres
--

ALTER TABLE ONLY mcl.postgres_check_constraints
    ADD CONSTRAINT uk_postgres_check_constraints_table_name UNIQUE (table_id, constraint_name);


--
-- Name: postgres_default_constraints uk_postgres_default_constraints_source; Type: CONSTRAINT; Schema: mcl; Owner: postgres
--

ALTER TABLE ONLY mcl.postgres_default_constraints
    ADD CONSTRAINT uk_postgres_default_constraints_source UNIQUE (source_default_constraint_id);


--
-- Name: postgres_default_constraints uk_postgres_default_constraints_table_column; Type: CONSTRAINT; Schema: mcl; Owner: postgres
--

ALTER TABLE ONLY mcl.postgres_default_constraints
    ADD CONSTRAINT uk_postgres_default_constraints_table_column UNIQUE (table_id, column_id);


--
-- Name: postgres_foreign_keys uk_postgres_foreign_keys_source; Type: CONSTRAINT; Schema: mcl; Owner: postgres
--

ALTER TABLE ONLY mcl.postgres_foreign_keys
    ADD CONSTRAINT uk_postgres_foreign_keys_source UNIQUE (source_foreign_key_id);


--
-- Name: postgres_foreign_keys uk_postgres_foreign_keys_table; Type: CONSTRAINT; Schema: mcl; Owner: postgres
--

ALTER TABLE ONLY mcl.postgres_foreign_keys
    ADD CONSTRAINT uk_postgres_foreign_keys_table UNIQUE (table_id, constraint_name);


--
-- Name: postgres_indexes uk_postgres_indexes_source; Type: CONSTRAINT; Schema: mcl; Owner: postgres
--

ALTER TABLE ONLY mcl.postgres_indexes
    ADD CONSTRAINT uk_postgres_indexes_source UNIQUE (source_index_id);


--
-- Name: postgres_indexes uk_postgres_indexes_table_name; Type: CONSTRAINT; Schema: mcl; Owner: postgres
--

ALTER TABLE ONLY mcl.postgres_indexes
    ADD CONSTRAINT uk_postgres_indexes_table_name UNIQUE (table_id, index_name);


--
-- Name: postgres_primary_key_columns uk_postgres_primary_key_columns_pk_column; Type: CONSTRAINT; Schema: mcl; Owner: postgres
--

ALTER TABLE ONLY mcl.postgres_primary_key_columns
    ADD CONSTRAINT uk_postgres_primary_key_columns_pk_column UNIQUE (primary_key_id, column_id);


--
-- Name: postgres_primary_key_columns uk_postgres_primary_key_columns_pk_position; Type: CONSTRAINT; Schema: mcl; Owner: postgres
--

ALTER TABLE ONLY mcl.postgres_primary_key_columns
    ADD CONSTRAINT uk_postgres_primary_key_columns_pk_position UNIQUE (primary_key_id, ordinal_position);


--
-- Name: postgres_primary_keys uk_postgres_primary_keys_source; Type: CONSTRAINT; Schema: mcl; Owner: postgres
--

ALTER TABLE ONLY mcl.postgres_primary_keys
    ADD CONSTRAINT uk_postgres_primary_keys_source UNIQUE (source_primary_key_id);


--
-- Name: postgres_primary_keys uk_postgres_primary_keys_table; Type: CONSTRAINT; Schema: mcl; Owner: postgres
--

ALTER TABLE ONLY mcl.postgres_primary_keys
    ADD CONSTRAINT uk_postgres_primary_keys_table UNIQUE (table_id);


--
-- Name: postgres_sequences uk_postgres_sequences_name; Type: CONSTRAINT; Schema: mcl; Owner: postgres
--

ALTER TABLE ONLY mcl.postgres_sequences
    ADD CONSTRAINT uk_postgres_sequences_name UNIQUE (sequence_name);


--
-- Name: postgres_sequences uk_postgres_sequences_source; Type: CONSTRAINT; Schema: mcl; Owner: postgres
--

ALTER TABLE ONLY mcl.postgres_sequences
    ADD CONSTRAINT uk_postgres_sequences_source UNIQUE (source_identity_column_id);


--
-- Name: postgres_sequences uk_postgres_sequences_table_column; Type: CONSTRAINT; Schema: mcl; Owner: postgres
--

ALTER TABLE ONLY mcl.postgres_sequences
    ADD CONSTRAINT uk_postgres_sequences_table_column UNIQUE (table_id, column_id);


--
-- Name: postgres_tables uk_postgres_tables_id; Type: CONSTRAINT; Schema: mcl; Owner: postgres
--

ALTER TABLE ONLY mcl.postgres_tables
    ADD CONSTRAINT uk_postgres_tables_id UNIQUE (id);


--
-- Name: postgres_triggers uk_postgres_triggers_source; Type: CONSTRAINT; Schema: mcl; Owner: postgres
--

ALTER TABLE ONLY mcl.postgres_triggers
    ADD CONSTRAINT uk_postgres_triggers_source UNIQUE (source_trigger_id);


--
-- Name: postgres_triggers uk_postgres_triggers_table_name; Type: CONSTRAINT; Schema: mcl; Owner: postgres
--

ALTER TABLE ONLY mcl.postgres_triggers
    ADD CONSTRAINT uk_postgres_triggers_table_name UNIQUE (table_id, trigger_name);


--
-- Name: postgres_unique_constraints uk_postgres_unique_constraints_source; Type: CONSTRAINT; Schema: mcl; Owner: postgres
--

ALTER TABLE ONLY mcl.postgres_unique_constraints
    ADD CONSTRAINT uk_postgres_unique_constraints_source UNIQUE (source_unique_constraint_id);


--
-- Name: postgres_unique_constraints uk_postgres_unique_constraints_table_name; Type: CONSTRAINT; Schema: mcl; Owner: postgres
--

ALTER TABLE ONLY mcl.postgres_unique_constraints
    ADD CONSTRAINT uk_postgres_unique_constraints_table_name UNIQUE (table_id, constraint_name);


--
-- Name: problems_tb uk_table_migration_problems_id; Type: CONSTRAINT; Schema: mcl; Owner: postgres
--

ALTER TABLE ONLY mcl.problems_tb
    ADD CONSTRAINT uk_table_migration_problems_id UNIQUE (id);


--
-- Name: idx_column_problem_solutions_problem; Type: INDEX; Schema: mcl; Owner: postgres
--

CREATE INDEX idx_column_problem_solutions_problem ON mcl.problems_cm_slt USING btree (problem_id);


--
-- Name: idx_column_type_problem_solutions_problem; Type: INDEX; Schema: mcl; Owner: postgres
--

CREATE INDEX idx_column_type_problem_solutions_problem ON mcl.problems_ct_slt USING btree (problem_id);


--
-- Name: idx_mssql_base_types_category_family; Type: INDEX; Schema: mcl; Owner: postgres
--

CREATE INDEX idx_mssql_base_types_category_family ON mcl.mssql_base_types USING btree (type_category, type_family);


--
-- Name: idx_mssql_check_constraints_table_id; Type: INDEX; Schema: mcl; Owner: postgres
--

CREATE INDEX idx_mssql_check_constraints_table_id ON mcl.mssql_check_constraints USING btree (table_id);


--
-- Name: idx_mssql_columns_problems_column; Type: INDEX; Schema: mcl; Owner: postgres
--

CREATE INDEX idx_mssql_columns_problems_column ON mcl.problems_cm_slt_mp USING btree (column_id);


--
-- Name: idx_mssql_columns_problems_status; Type: INDEX; Schema: mcl; Owner: postgres
--

CREATE INDEX idx_mssql_columns_problems_status ON mcl.problems_cm_slt_mp USING btree (solution_status);


--
-- Name: idx_mssql_default_constraints_column_id; Type: INDEX; Schema: mcl; Owner: postgres
--

CREATE INDEX idx_mssql_default_constraints_column_id ON mcl.mssql_default_constraints USING btree (column_id);


--
-- Name: idx_mssql_default_constraints_table_id; Type: INDEX; Schema: mcl; Owner: postgres
--

CREATE INDEX idx_mssql_default_constraints_table_id ON mcl.mssql_default_constraints USING btree (table_id);


--
-- Name: idx_mssql_derived_types_problems_derived_type; Type: INDEX; Schema: mcl; Owner: postgres
--

CREATE INDEX idx_mssql_derived_types_problems_derived_type ON mcl.problems_ct_slt_mp USING btree (derived_type_id);


--
-- Name: idx_mssql_derived_types_problems_status; Type: INDEX; Schema: mcl; Owner: postgres
--

CREATE INDEX idx_mssql_derived_types_problems_status ON mcl.problems_ct_slt_mp USING btree (solution_status);


--
-- Name: idx_mssql_foreign_key_columns_column_id; Type: INDEX; Schema: mcl; Owner: postgres
--

CREATE INDEX idx_mssql_foreign_key_columns_column_id ON mcl.mssql_foreign_key_columns USING btree (column_id);


--
-- Name: idx_mssql_foreign_key_columns_foreign_key_id; Type: INDEX; Schema: mcl; Owner: postgres
--

CREATE INDEX idx_mssql_foreign_key_columns_foreign_key_id ON mcl.mssql_foreign_key_columns USING btree (foreign_key_id);


--
-- Name: idx_mssql_foreign_key_columns_referenced_column_id; Type: INDEX; Schema: mcl; Owner: postgres
--

CREATE INDEX idx_mssql_foreign_key_columns_referenced_column_id ON mcl.mssql_foreign_key_columns USING btree (referenced_column_id);


--
-- Name: idx_mssql_foreign_keys_referenced_table_id; Type: INDEX; Schema: mcl; Owner: postgres
--

CREATE INDEX idx_mssql_foreign_keys_referenced_table_id ON mcl.mssql_foreign_keys USING btree (referenced_table_id);


--
-- Name: idx_mssql_foreign_keys_table_id; Type: INDEX; Schema: mcl; Owner: postgres
--

CREATE INDEX idx_mssql_foreign_keys_table_id ON mcl.mssql_foreign_keys USING btree (table_id);


--
-- Name: idx_mssql_identity_columns_column_id; Type: INDEX; Schema: mcl; Owner: postgres
--

CREATE INDEX idx_mssql_identity_columns_column_id ON mcl.mssql_identity_columns USING btree (column_id);


--
-- Name: idx_mssql_identity_columns_table_id; Type: INDEX; Schema: mcl; Owner: postgres
--

CREATE INDEX idx_mssql_identity_columns_table_id ON mcl.mssql_identity_columns USING btree (table_id);


--
-- Name: idx_mssql_tables_problems_status; Type: INDEX; Schema: mcl; Owner: postgres
--

CREATE INDEX idx_mssql_tables_problems_status ON mcl.problems_tb_slt_mp USING btree (solution_status);


--
-- Name: idx_mssql_tables_problems_table; Type: INDEX; Schema: mcl; Owner: postgres
--

CREATE INDEX idx_mssql_tables_problems_table ON mcl.problems_tb_slt_mp USING btree (table_id);


--
-- Name: idx_mssql_triggers_name; Type: INDEX; Schema: mcl; Owner: postgres
--

CREATE INDEX idx_mssql_triggers_name ON mcl.mssql_triggers USING btree (trigger_name);


--
-- Name: idx_mssql_triggers_table_id; Type: INDEX; Schema: mcl; Owner: postgres
--

CREATE INDEX idx_mssql_triggers_table_id ON mcl.mssql_triggers USING btree (table_id);


--
-- Name: idx_mssql_unique_constraint_columns_column_id; Type: INDEX; Schema: mcl; Owner: postgres
--

CREATE INDEX idx_mssql_unique_constraint_columns_column_id ON mcl.mssql_unique_constraint_columns USING btree (column_id);


--
-- Name: idx_mssql_unique_constraint_columns_constraint_id; Type: INDEX; Schema: mcl; Owner: postgres
--

CREATE INDEX idx_mssql_unique_constraint_columns_constraint_id ON mcl.mssql_unique_constraint_columns USING btree (unique_constraint_id);


--
-- Name: idx_mssql_unique_constraints_table_id; Type: INDEX; Schema: mcl; Owner: postgres
--

CREATE INDEX idx_mssql_unique_constraints_table_id ON mcl.mssql_unique_constraints USING btree (table_id);


--
-- Name: idx_postgres_check_constraints_source_id; Type: INDEX; Schema: mcl; Owner: postgres
--

CREATE INDEX idx_postgres_check_constraints_source_id ON mcl.postgres_check_constraints USING btree (source_check_constraint_id);


--
-- Name: idx_postgres_check_constraints_table_id; Type: INDEX; Schema: mcl; Owner: postgres
--

CREATE INDEX idx_postgres_check_constraints_table_id ON mcl.postgres_check_constraints USING btree (table_id);


--
-- Name: idx_postgres_default_constraints_column_id; Type: INDEX; Schema: mcl; Owner: postgres
--

CREATE INDEX idx_postgres_default_constraints_column_id ON mcl.postgres_default_constraints USING btree (column_id);


--
-- Name: idx_postgres_default_constraints_source_id; Type: INDEX; Schema: mcl; Owner: postgres
--

CREATE INDEX idx_postgres_default_constraints_source_id ON mcl.postgres_default_constraints USING btree (source_default_constraint_id);


--
-- Name: idx_postgres_default_constraints_table_id; Type: INDEX; Schema: mcl; Owner: postgres
--

CREATE INDEX idx_postgres_default_constraints_table_id ON mcl.postgres_default_constraints USING btree (table_id);


--
-- Name: idx_postgres_foreign_key_columns_column_id; Type: INDEX; Schema: mcl; Owner: postgres
--

CREATE INDEX idx_postgres_foreign_key_columns_column_id ON mcl.postgres_foreign_key_columns USING btree (column_id);


--
-- Name: idx_postgres_foreign_key_columns_foreign_key_id; Type: INDEX; Schema: mcl; Owner: postgres
--

CREATE INDEX idx_postgres_foreign_key_columns_foreign_key_id ON mcl.postgres_foreign_key_columns USING btree (foreign_key_id);


--
-- Name: idx_postgres_foreign_key_columns_referenced_column_id; Type: INDEX; Schema: mcl; Owner: postgres
--

CREATE INDEX idx_postgres_foreign_key_columns_referenced_column_id ON mcl.postgres_foreign_key_columns USING btree (referenced_column_id);


--
-- Name: idx_postgres_foreign_key_columns_source_foreign_key_column_id; Type: INDEX; Schema: mcl; Owner: postgres
--

CREATE INDEX idx_postgres_foreign_key_columns_source_foreign_key_column_id ON mcl.postgres_foreign_key_columns USING btree (source_foreign_key_column_id);


--
-- Name: idx_postgres_foreign_keys_migration_status; Type: INDEX; Schema: mcl; Owner: postgres
--

CREATE INDEX idx_postgres_foreign_keys_migration_status ON mcl.postgres_foreign_keys USING btree (migration_status);


--
-- Name: idx_postgres_foreign_keys_referenced_table_id; Type: INDEX; Schema: mcl; Owner: postgres
--

CREATE INDEX idx_postgres_foreign_keys_referenced_table_id ON mcl.postgres_foreign_keys USING btree (referenced_table_id);


--
-- Name: idx_postgres_foreign_keys_source_foreign_key_id; Type: INDEX; Schema: mcl; Owner: postgres
--

CREATE INDEX idx_postgres_foreign_keys_source_foreign_key_id ON mcl.postgres_foreign_keys USING btree (source_foreign_key_id);


--
-- Name: idx_postgres_foreign_keys_table_id; Type: INDEX; Schema: mcl; Owner: postgres
--

CREATE INDEX idx_postgres_foreign_keys_table_id ON mcl.postgres_foreign_keys USING btree (table_id);


--
-- Name: idx_postgres_sequences_column_id; Type: INDEX; Schema: mcl; Owner: postgres
--

CREATE INDEX idx_postgres_sequences_column_id ON mcl.postgres_sequences USING btree (column_id);


--
-- Name: idx_postgres_sequences_source_id; Type: INDEX; Schema: mcl; Owner: postgres
--

CREATE INDEX idx_postgres_sequences_source_id ON mcl.postgres_sequences USING btree (source_identity_column_id);


--
-- Name: idx_postgres_sequences_status; Type: INDEX; Schema: mcl; Owner: postgres
--

CREATE INDEX idx_postgres_sequences_status ON mcl.postgres_sequences USING btree (migration_status);


--
-- Name: idx_postgres_sequences_table_id; Type: INDEX; Schema: mcl; Owner: postgres
--

CREATE INDEX idx_postgres_sequences_table_id ON mcl.postgres_sequences USING btree (table_id);


--
-- Name: idx_postgres_triggers_source_id; Type: INDEX; Schema: mcl; Owner: postgres
--

CREATE INDEX idx_postgres_triggers_source_id ON mcl.postgres_triggers USING btree (source_trigger_id);


--
-- Name: idx_postgres_triggers_status; Type: INDEX; Schema: mcl; Owner: postgres
--

CREATE INDEX idx_postgres_triggers_status ON mcl.postgres_triggers USING btree (migration_status);


--
-- Name: idx_postgres_triggers_table_id; Type: INDEX; Schema: mcl; Owner: postgres
--

CREATE INDEX idx_postgres_triggers_table_id ON mcl.postgres_triggers USING btree (table_id);


--
-- Name: idx_postgres_unique_constraint_columns_column_id; Type: INDEX; Schema: mcl; Owner: postgres
--

CREATE INDEX idx_postgres_unique_constraint_columns_column_id ON mcl.postgres_unique_constraint_columns USING btree (column_id);


--
-- Name: idx_postgres_unique_constraint_columns_constraint_id; Type: INDEX; Schema: mcl; Owner: postgres
--

CREATE INDEX idx_postgres_unique_constraint_columns_constraint_id ON mcl.postgres_unique_constraint_columns USING btree (unique_constraint_id);


--
-- Name: idx_postgres_unique_constraint_columns_source_id; Type: INDEX; Schema: mcl; Owner: postgres
--

CREATE INDEX idx_postgres_unique_constraint_columns_source_id ON mcl.postgres_unique_constraint_columns USING btree (source_unique_constraint_column_id);


--
-- Name: idx_postgres_unique_constraints_source_id; Type: INDEX; Schema: mcl; Owner: postgres
--

CREATE INDEX idx_postgres_unique_constraints_source_id ON mcl.postgres_unique_constraints USING btree (source_unique_constraint_id);


--
-- Name: idx_postgres_unique_constraints_table_id; Type: INDEX; Schema: mcl; Owner: postgres
--

CREATE INDEX idx_postgres_unique_constraints_table_id ON mcl.postgres_unique_constraints USING btree (table_id);


--
-- Name: idx_table_problem_solutions_problem; Type: INDEX; Schema: mcl; Owner: postgres
--

CREATE INDEX idx_table_problem_solutions_problem ON mcl.problems_tb_slt USING btree (problem_id);


--
-- Name: uk_mssql_derived_types_id; Type: INDEX; Schema: mcl; Owner: postgres
--

CREATE UNIQUE INDEX uk_mssql_derived_types_id ON mcl.mssql_derived_types USING btree (id);


--
-- Name: uk_mssql_derived_types_params; Type: INDEX; Schema: mcl; Owner: postgres
--

CREATE UNIQUE INDEX uk_mssql_derived_types_params ON mcl.mssql_derived_types USING btree (base_type_id, precision_value, scale_value, length_value, is_nullable, max_value) WHERE ((precision_value IS NOT NULL) OR (scale_value IS NOT NULL) OR (length_value IS NOT NULL));


--
-- Name: uk_postgres_derived_types_source_mssql; Type: INDEX; Schema: mcl; Owner: postgres
--

CREATE UNIQUE INDEX uk_postgres_derived_types_source_mssql ON mcl.postgres_derived_types USING btree (source_derived_type_id) WHERE (source_derived_type_id IS NOT NULL);


--
-- Name: problems_cm_slt_mp trigger_check_column_problem_uniqueness; Type: TRIGGER; Schema: mcl; Owner: postgres
--

CREATE TRIGGER trigger_check_column_problem_uniqueness BEFORE INSERT OR UPDATE ON mcl.problems_cm_slt_mp FOR EACH ROW EXECUTE FUNCTION mcl.check_column_problem_uniqueness();


--
-- Name: problems_ct_slt_mp trigger_check_derived_type_problem_uniqueness; Type: TRIGGER; Schema: mcl; Owner: postgres
--

CREATE TRIGGER trigger_check_derived_type_problem_uniqueness BEFORE INSERT OR UPDATE ON mcl.problems_ct_slt_mp FOR EACH ROW EXECUTE FUNCTION mcl.check_derived_type_problem_uniqueness();


--
-- Name: problems_tb_slt_mp trigger_check_table_problem_uniqueness; Type: TRIGGER; Schema: mcl; Owner: postgres
--

CREATE TRIGGER trigger_check_table_problem_uniqueness BEFORE INSERT OR UPDATE ON mcl.problems_tb_slt_mp FOR EACH ROW EXECUTE FUNCTION mcl.check_table_problem_uniqueness();


--
-- Name: problems_cm_slt column_problem_solutions_problem_id_fkey; Type: FK CONSTRAINT; Schema: mcl; Owner: postgres
--

ALTER TABLE ONLY mcl.problems_cm_slt
    ADD CONSTRAINT column_problem_solutions_problem_id_fkey FOREIGN KEY (problem_id) REFERENCES mcl.problems_cm(id);


--
-- Name: problems_ct_slt fk_column_type_problem_solutions_problem; Type: FK CONSTRAINT; Schema: mcl; Owner: postgres
--

ALTER TABLE ONLY mcl.problems_ct_slt
    ADD CONSTRAINT fk_column_type_problem_solutions_problem FOREIGN KEY (problem_id) REFERENCES mcl.problems_ct(id);


--
-- Name: mssql_columns fk_mssql_columns_derived_type; Type: FK CONSTRAINT; Schema: mcl; Owner: postgres
--

ALTER TABLE ONLY mcl.mssql_columns
    ADD CONSTRAINT fk_mssql_columns_derived_type FOREIGN KEY (data_type_id) REFERENCES mcl.mssql_derived_types(id);


--
-- Name: problems_ct_slt_mp fk_mssql_derived_types_problems_mapping_derived_type; Type: FK CONSTRAINT; Schema: mcl; Owner: postgres
--

ALTER TABLE ONLY mcl.problems_ct_slt_mp
    ADD CONSTRAINT fk_mssql_derived_types_problems_mapping_derived_type FOREIGN KEY (derived_type_id) REFERENCES mcl.mssql_derived_types(id);


--
-- Name: problems_ct_slt_mp fk_mssql_derived_types_problems_mapping_solution; Type: FK CONSTRAINT; Schema: mcl; Owner: postgres
--

ALTER TABLE ONLY mcl.problems_ct_slt_mp
    ADD CONSTRAINT fk_mssql_derived_types_problems_mapping_solution FOREIGN KEY (solution_id) REFERENCES mcl.problems_ct_slt(id);


--
-- Name: mssql_derived_types fk_mssql_derived_types_task; Type: FK CONSTRAINT; Schema: mcl; Owner: postgres
--

ALTER TABLE ONLY mcl.mssql_derived_types
    ADD CONSTRAINT fk_mssql_derived_types_task FOREIGN KEY (task_id) REFERENCES mcl.migration_tasks(id);


--
-- Name: mssql_foreign_key_columns fk_mssql_foreign_key_columns_column; Type: FK CONSTRAINT; Schema: mcl; Owner: postgres
--

ALTER TABLE ONLY mcl.mssql_foreign_key_columns
    ADD CONSTRAINT fk_mssql_foreign_key_columns_column FOREIGN KEY (column_id) REFERENCES mcl.mssql_columns(id) ON DELETE CASCADE;


--
-- Name: mssql_foreign_key_columns fk_mssql_foreign_key_columns_foreign_key; Type: FK CONSTRAINT; Schema: mcl; Owner: postgres
--

ALTER TABLE ONLY mcl.mssql_foreign_key_columns
    ADD CONSTRAINT fk_mssql_foreign_key_columns_foreign_key FOREIGN KEY (foreign_key_id) REFERENCES mcl.mssql_foreign_keys(id) ON DELETE CASCADE;


--
-- Name: mssql_foreign_key_columns fk_mssql_foreign_key_columns_referenced_column; Type: FK CONSTRAINT; Schema: mcl; Owner: postgres
--

ALTER TABLE ONLY mcl.mssql_foreign_key_columns
    ADD CONSTRAINT fk_mssql_foreign_key_columns_referenced_column FOREIGN KEY (referenced_column_id) REFERENCES mcl.mssql_columns(id) ON DELETE CASCADE;


--
-- Name: mssql_foreign_keys fk_mssql_foreign_keys_referenced_table; Type: FK CONSTRAINT; Schema: mcl; Owner: postgres
--

ALTER TABLE ONLY mcl.mssql_foreign_keys
    ADD CONSTRAINT fk_mssql_foreign_keys_referenced_table FOREIGN KEY (referenced_table_id) REFERENCES mcl.mssql_tables(id) ON DELETE CASCADE;


--
-- Name: mssql_foreign_keys fk_mssql_foreign_keys_table; Type: FK CONSTRAINT; Schema: mcl; Owner: postgres
--

ALTER TABLE ONLY mcl.mssql_foreign_keys
    ADD CONSTRAINT fk_mssql_foreign_keys_table FOREIGN KEY (table_id) REFERENCES mcl.mssql_tables(id) ON DELETE CASCADE;


--
-- Name: mssql_primary_key_columns fk_mssql_primary_key_columns_column; Type: FK CONSTRAINT; Schema: mcl; Owner: postgres
--

ALTER TABLE ONLY mcl.mssql_primary_key_columns
    ADD CONSTRAINT fk_mssql_primary_key_columns_column FOREIGN KEY (column_id) REFERENCES mcl.mssql_columns(id) ON DELETE CASCADE;


--
-- Name: mssql_primary_key_columns fk_mssql_primary_key_columns_primary_key; Type: FK CONSTRAINT; Schema: mcl; Owner: postgres
--

ALTER TABLE ONLY mcl.mssql_primary_key_columns
    ADD CONSTRAINT fk_mssql_primary_key_columns_primary_key FOREIGN KEY (primary_key_id) REFERENCES mcl.mssql_primary_keys(id) ON DELETE CASCADE;


--
-- Name: mssql_primary_keys fk_mssql_primary_keys_table; Type: FK CONSTRAINT; Schema: mcl; Owner: postgres
--

ALTER TABLE ONLY mcl.mssql_primary_keys
    ADD CONSTRAINT fk_mssql_primary_keys_table FOREIGN KEY (table_id) REFERENCES mcl.mssql_tables(id) ON DELETE CASCADE;


--
-- Name: postgres_columns fk_postgres_columns_derived_type; Type: FK CONSTRAINT; Schema: mcl; Owner: postgres
--

ALTER TABLE ONLY mcl.postgres_columns
    ADD CONSTRAINT fk_postgres_columns_derived_type FOREIGN KEY (postgres_data_type_id) REFERENCES mcl.postgres_derived_types(id);


--
-- Name: postgres_derived_types fk_postgres_derived_types_source_mssql; Type: FK CONSTRAINT; Schema: mcl; Owner: postgres
--

ALTER TABLE ONLY mcl.postgres_derived_types
    ADD CONSTRAINT fk_postgres_derived_types_source_mssql FOREIGN KEY (source_derived_type_id) REFERENCES mcl.mssql_derived_types(id);


--
-- Name: postgres_functions fk_postgres_functions_source_function; Type: FK CONSTRAINT; Schema: mcl; Owner: postgres
--

ALTER TABLE ONLY mcl.postgres_functions
    ADD CONSTRAINT fk_postgres_functions_source_function FOREIGN KEY (source_function_id) REFERENCES mcl.mssql_functions(id);


--
-- Name: postgres_primary_key_columns fk_postgres_primary_key_columns_column; Type: FK CONSTRAINT; Schema: mcl; Owner: postgres
--

ALTER TABLE ONLY mcl.postgres_primary_key_columns
    ADD CONSTRAINT fk_postgres_primary_key_columns_column FOREIGN KEY (column_id) REFERENCES mcl.postgres_columns(id) ON DELETE CASCADE;


--
-- Name: postgres_primary_key_columns fk_postgres_primary_key_columns_primary_key; Type: FK CONSTRAINT; Schema: mcl; Owner: postgres
--

ALTER TABLE ONLY mcl.postgres_primary_key_columns
    ADD CONSTRAINT fk_postgres_primary_key_columns_primary_key FOREIGN KEY (primary_key_id) REFERENCES mcl.postgres_primary_keys(id) ON DELETE CASCADE;


--
-- Name: postgres_primary_keys fk_postgres_primary_keys_source; Type: FK CONSTRAINT; Schema: mcl; Owner: postgres
--

ALTER TABLE ONLY mcl.postgres_primary_keys
    ADD CONSTRAINT fk_postgres_primary_keys_source FOREIGN KEY (source_primary_key_id) REFERENCES mcl.mssql_primary_keys(id) ON DELETE CASCADE;


--
-- Name: postgres_primary_keys fk_postgres_primary_keys_table; Type: FK CONSTRAINT; Schema: mcl; Owner: postgres
--

ALTER TABLE ONLY mcl.postgres_primary_keys
    ADD CONSTRAINT fk_postgres_primary_keys_table FOREIGN KEY (table_id) REFERENCES mcl.postgres_tables(id) ON DELETE CASCADE;


--
-- Name: postgres_stored_procedures fk_postgres_stored_procedures_source_procedure; Type: FK CONSTRAINT; Schema: mcl; Owner: postgres
--

ALTER TABLE ONLY mcl.postgres_stored_procedures
    ADD CONSTRAINT fk_postgres_stored_procedures_source_procedure FOREIGN KEY (source_procedure_id) REFERENCES mcl.mssql_stored_procedures(id);


--
-- Name: postgres_tables fk_postgres_tables_source_table; Type: FK CONSTRAINT; Schema: mcl; Owner: postgres
--

ALTER TABLE ONLY mcl.postgres_tables
    ADD CONSTRAINT fk_postgres_tables_source_table FOREIGN KEY (source_table_id) REFERENCES mcl.mssql_tables(id);


--
-- Name: postgres_views fk_postgres_views_source_view; Type: FK CONSTRAINT; Schema: mcl; Owner: postgres
--

ALTER TABLE ONLY mcl.postgres_views
    ADD CONSTRAINT fk_postgres_views_source_view FOREIGN KEY (source_view_id) REFERENCES mcl.mssql_views(id);


--
-- Name: mssql_check_constraints mssql_check_constraints_table_id_fkey; Type: FK CONSTRAINT; Schema: mcl; Owner: postgres
--

ALTER TABLE ONLY mcl.mssql_check_constraints
    ADD CONSTRAINT mssql_check_constraints_table_id_fkey FOREIGN KEY (table_id) REFERENCES mcl.mssql_tables(id) ON DELETE CASCADE;


--
-- Name: problems_cm_slt_mp mssql_columns_problems_mapping_column_id_fkey; Type: FK CONSTRAINT; Schema: mcl; Owner: postgres
--

ALTER TABLE ONLY mcl.problems_cm_slt_mp
    ADD CONSTRAINT mssql_columns_problems_mapping_column_id_fkey FOREIGN KEY (column_id) REFERENCES mcl.mssql_columns(id);


--
-- Name: problems_cm_slt_mp mssql_columns_problems_mapping_solution_id_fkey; Type: FK CONSTRAINT; Schema: mcl; Owner: postgres
--

ALTER TABLE ONLY mcl.problems_cm_slt_mp
    ADD CONSTRAINT mssql_columns_problems_mapping_solution_id_fkey FOREIGN KEY (solution_id) REFERENCES mcl.problems_cm_slt(id);


--
-- Name: mssql_columns mssql_columns_table_id_fkey; Type: FK CONSTRAINT; Schema: mcl; Owner: postgres
--

ALTER TABLE ONLY mcl.mssql_columns
    ADD CONSTRAINT mssql_columns_table_id_fkey FOREIGN KEY (table_id) REFERENCES mcl.mssql_tables(id);


--
-- Name: mssql_default_constraints mssql_default_constraints_column_id_fkey; Type: FK CONSTRAINT; Schema: mcl; Owner: postgres
--

ALTER TABLE ONLY mcl.mssql_default_constraints
    ADD CONSTRAINT mssql_default_constraints_column_id_fkey FOREIGN KEY (column_id) REFERENCES mcl.mssql_columns(id) ON DELETE CASCADE;


--
-- Name: mssql_default_constraints mssql_default_constraints_table_id_fkey; Type: FK CONSTRAINT; Schema: mcl; Owner: postgres
--

ALTER TABLE ONLY mcl.mssql_default_constraints
    ADD CONSTRAINT mssql_default_constraints_table_id_fkey FOREIGN KEY (table_id) REFERENCES mcl.mssql_tables(id) ON DELETE CASCADE;


--
-- Name: mssql_derived_types mssql_derived_types_base_type_id_fkey; Type: FK CONSTRAINT; Schema: mcl; Owner: postgres
--

ALTER TABLE ONLY mcl.mssql_derived_types
    ADD CONSTRAINT mssql_derived_types_base_type_id_fkey FOREIGN KEY (base_type_id) REFERENCES mcl.mssql_base_types(id);


--
-- Name: mssql_identity_columns mssql_identity_columns_column_id_fkey; Type: FK CONSTRAINT; Schema: mcl; Owner: postgres
--

ALTER TABLE ONLY mcl.mssql_identity_columns
    ADD CONSTRAINT mssql_identity_columns_column_id_fkey FOREIGN KEY (column_id) REFERENCES mcl.mssql_columns(id);


--
-- Name: mssql_identity_columns mssql_identity_columns_table_id_fkey; Type: FK CONSTRAINT; Schema: mcl; Owner: postgres
--

ALTER TABLE ONLY mcl.mssql_identity_columns
    ADD CONSTRAINT mssql_identity_columns_table_id_fkey FOREIGN KEY (table_id) REFERENCES mcl.mssql_tables(id);


--
-- Name: mssql_index_columns mssql_index_columns_column_id_fkey; Type: FK CONSTRAINT; Schema: mcl; Owner: postgres
--

ALTER TABLE ONLY mcl.mssql_index_columns
    ADD CONSTRAINT mssql_index_columns_column_id_fkey FOREIGN KEY (column_id) REFERENCES mcl.mssql_columns(id) ON DELETE CASCADE;


--
-- Name: mssql_index_columns mssql_index_columns_index_id_fkey; Type: FK CONSTRAINT; Schema: mcl; Owner: postgres
--

ALTER TABLE ONLY mcl.mssql_index_columns
    ADD CONSTRAINT mssql_index_columns_index_id_fkey FOREIGN KEY (index_id) REFERENCES mcl.mssql_indexes(id) ON DELETE CASCADE;


--
-- Name: mssql_indexes mssql_indexes_table_id_fkey; Type: FK CONSTRAINT; Schema: mcl; Owner: postgres
--

ALTER TABLE ONLY mcl.mssql_indexes
    ADD CONSTRAINT mssql_indexes_table_id_fkey FOREIGN KEY (table_id) REFERENCES mcl.mssql_tables(id) ON DELETE CASCADE;


--
-- Name: mssql_objects mssql_objects_task_id_fkey; Type: FK CONSTRAINT; Schema: mcl; Owner: postgres
--

ALTER TABLE ONLY mcl.mssql_objects
    ADD CONSTRAINT mssql_objects_task_id_fkey FOREIGN KEY (task_id) REFERENCES mcl.migration_tasks(id);


--
-- Name: problems_tb_slt_mp mssql_tables_problems_mapping_solution_id_fkey; Type: FK CONSTRAINT; Schema: mcl; Owner: postgres
--

ALTER TABLE ONLY mcl.problems_tb_slt_mp
    ADD CONSTRAINT mssql_tables_problems_mapping_solution_id_fkey FOREIGN KEY (solution_id) REFERENCES mcl.problems_tb_slt(id);


--
-- Name: problems_tb_slt_mp mssql_tables_problems_mapping_table_id_fkey; Type: FK CONSTRAINT; Schema: mcl; Owner: postgres
--

ALTER TABLE ONLY mcl.problems_tb_slt_mp
    ADD CONSTRAINT mssql_tables_problems_mapping_table_id_fkey FOREIGN KEY (table_id) REFERENCES mcl.mssql_tables(id);


--
-- Name: mssql_triggers mssql_triggers_table_id_fkey; Type: FK CONSTRAINT; Schema: mcl; Owner: postgres
--

ALTER TABLE ONLY mcl.mssql_triggers
    ADD CONSTRAINT mssql_triggers_table_id_fkey FOREIGN KEY (table_id) REFERENCES mcl.mssql_tables(id);


--
-- Name: mssql_unique_constraint_columns mssql_unique_constraint_columns_column_id_fkey; Type: FK CONSTRAINT; Schema: mcl; Owner: postgres
--

ALTER TABLE ONLY mcl.mssql_unique_constraint_columns
    ADD CONSTRAINT mssql_unique_constraint_columns_column_id_fkey FOREIGN KEY (column_id) REFERENCES mcl.mssql_columns(id) ON DELETE CASCADE;


--
-- Name: mssql_unique_constraint_columns mssql_unique_constraint_columns_unique_constraint_id_fkey; Type: FK CONSTRAINT; Schema: mcl; Owner: postgres
--

ALTER TABLE ONLY mcl.mssql_unique_constraint_columns
    ADD CONSTRAINT mssql_unique_constraint_columns_unique_constraint_id_fkey FOREIGN KEY (unique_constraint_id) REFERENCES mcl.mssql_unique_constraints(id) ON DELETE CASCADE;


--
-- Name: mssql_unique_constraints mssql_unique_constraints_table_id_fkey; Type: FK CONSTRAINT; Schema: mcl; Owner: postgres
--

ALTER TABLE ONLY mcl.mssql_unique_constraints
    ADD CONSTRAINT mssql_unique_constraints_table_id_fkey FOREIGN KEY (table_id) REFERENCES mcl.mssql_tables(id) ON DELETE CASCADE;


--
-- Name: postgres_check_constraints postgres_check_constraints_source_check_constraint_id_fkey; Type: FK CONSTRAINT; Schema: mcl; Owner: postgres
--

ALTER TABLE ONLY mcl.postgres_check_constraints
    ADD CONSTRAINT postgres_check_constraints_source_check_constraint_id_fkey FOREIGN KEY (source_check_constraint_id) REFERENCES mcl.mssql_check_constraints(id) ON DELETE CASCADE;


--
-- Name: postgres_check_constraints postgres_check_constraints_table_id_fkey; Type: FK CONSTRAINT; Schema: mcl; Owner: postgres
--

ALTER TABLE ONLY mcl.postgres_check_constraints
    ADD CONSTRAINT postgres_check_constraints_table_id_fkey FOREIGN KEY (table_id) REFERENCES mcl.postgres_tables(id) ON DELETE CASCADE;


--
-- Name: postgres_columns postgres_columns_source_column_id_fkey; Type: FK CONSTRAINT; Schema: mcl; Owner: postgres
--

ALTER TABLE ONLY mcl.postgres_columns
    ADD CONSTRAINT postgres_columns_source_column_id_fkey FOREIGN KEY (source_column_id) REFERENCES mcl.mssql_columns(id);


--
-- Name: postgres_columns postgres_columns_table_id_fkey; Type: FK CONSTRAINT; Schema: mcl; Owner: postgres
--

ALTER TABLE ONLY mcl.postgres_columns
    ADD CONSTRAINT postgres_columns_table_id_fkey FOREIGN KEY (table_id) REFERENCES mcl.postgres_tables(id);


--
-- Name: postgres_default_constraints postgres_default_constraints_column_id_fkey; Type: FK CONSTRAINT; Schema: mcl; Owner: postgres
--

ALTER TABLE ONLY mcl.postgres_default_constraints
    ADD CONSTRAINT postgres_default_constraints_column_id_fkey FOREIGN KEY (column_id) REFERENCES mcl.postgres_columns(id) ON DELETE CASCADE;


--
-- Name: postgres_default_constraints postgres_default_constraints_source_default_constraint_id_fkey; Type: FK CONSTRAINT; Schema: mcl; Owner: postgres
--

ALTER TABLE ONLY mcl.postgres_default_constraints
    ADD CONSTRAINT postgres_default_constraints_source_default_constraint_id_fkey FOREIGN KEY (source_default_constraint_id) REFERENCES mcl.mssql_default_constraints(id) ON DELETE CASCADE;


--
-- Name: postgres_default_constraints postgres_default_constraints_table_id_fkey; Type: FK CONSTRAINT; Schema: mcl; Owner: postgres
--

ALTER TABLE ONLY mcl.postgres_default_constraints
    ADD CONSTRAINT postgres_default_constraints_table_id_fkey FOREIGN KEY (table_id) REFERENCES mcl.postgres_tables(id) ON DELETE CASCADE;


--
-- Name: postgres_derived_types postgres_derived_types_base_type_id_fkey; Type: FK CONSTRAINT; Schema: mcl; Owner: postgres
--

ALTER TABLE ONLY mcl.postgres_derived_types
    ADD CONSTRAINT postgres_derived_types_base_type_id_fkey FOREIGN KEY (base_type_id) REFERENCES mcl.postgres_base_types(id);


--
-- Name: postgres_foreign_key_columns postgres_foreign_key_columns_column_id_fkey; Type: FK CONSTRAINT; Schema: mcl; Owner: postgres
--

ALTER TABLE ONLY mcl.postgres_foreign_key_columns
    ADD CONSTRAINT postgres_foreign_key_columns_column_id_fkey FOREIGN KEY (column_id) REFERENCES mcl.postgres_columns(id) ON DELETE CASCADE;


--
-- Name: postgres_foreign_key_columns postgres_foreign_key_columns_foreign_key_id_fkey; Type: FK CONSTRAINT; Schema: mcl; Owner: postgres
--

ALTER TABLE ONLY mcl.postgres_foreign_key_columns
    ADD CONSTRAINT postgres_foreign_key_columns_foreign_key_id_fkey FOREIGN KEY (foreign_key_id) REFERENCES mcl.postgres_foreign_keys(id) ON DELETE CASCADE;


--
-- Name: postgres_foreign_key_columns postgres_foreign_key_columns_referenced_column_id_fkey; Type: FK CONSTRAINT; Schema: mcl; Owner: postgres
--

ALTER TABLE ONLY mcl.postgres_foreign_key_columns
    ADD CONSTRAINT postgres_foreign_key_columns_referenced_column_id_fkey FOREIGN KEY (referenced_column_id) REFERENCES mcl.postgres_columns(id) ON DELETE CASCADE;


--
-- Name: postgres_foreign_key_columns postgres_foreign_key_columns_source_foreign_key_column_id_fkey; Type: FK CONSTRAINT; Schema: mcl; Owner: postgres
--

ALTER TABLE ONLY mcl.postgres_foreign_key_columns
    ADD CONSTRAINT postgres_foreign_key_columns_source_foreign_key_column_id_fkey FOREIGN KEY (source_foreign_key_column_id) REFERENCES mcl.mssql_foreign_key_columns(id) ON DELETE CASCADE;


--
-- Name: postgres_foreign_keys postgres_foreign_keys_referenced_table_id_fkey; Type: FK CONSTRAINT; Schema: mcl; Owner: postgres
--

ALTER TABLE ONLY mcl.postgres_foreign_keys
    ADD CONSTRAINT postgres_foreign_keys_referenced_table_id_fkey FOREIGN KEY (referenced_table_id) REFERENCES mcl.postgres_tables(id) ON DELETE CASCADE;


--
-- Name: postgres_foreign_keys postgres_foreign_keys_source_foreign_key_id_fkey; Type: FK CONSTRAINT; Schema: mcl; Owner: postgres
--

ALTER TABLE ONLY mcl.postgres_foreign_keys
    ADD CONSTRAINT postgres_foreign_keys_source_foreign_key_id_fkey FOREIGN KEY (source_foreign_key_id) REFERENCES mcl.mssql_foreign_keys(id) ON DELETE CASCADE;


--
-- Name: postgres_foreign_keys postgres_foreign_keys_table_id_fkey; Type: FK CONSTRAINT; Schema: mcl; Owner: postgres
--

ALTER TABLE ONLY mcl.postgres_foreign_keys
    ADD CONSTRAINT postgres_foreign_keys_table_id_fkey FOREIGN KEY (table_id) REFERENCES mcl.postgres_tables(id) ON DELETE CASCADE;


--
-- Name: postgres_index_columns postgres_index_columns_column_id_fkey; Type: FK CONSTRAINT; Schema: mcl; Owner: postgres
--

ALTER TABLE ONLY mcl.postgres_index_columns
    ADD CONSTRAINT postgres_index_columns_column_id_fkey FOREIGN KEY (column_id) REFERENCES mcl.postgres_columns(id) ON DELETE CASCADE;


--
-- Name: postgres_index_columns postgres_index_columns_index_id_fkey; Type: FK CONSTRAINT; Schema: mcl; Owner: postgres
--

ALTER TABLE ONLY mcl.postgres_index_columns
    ADD CONSTRAINT postgres_index_columns_index_id_fkey FOREIGN KEY (index_id) REFERENCES mcl.postgres_indexes(id) ON DELETE CASCADE;


--
-- Name: postgres_index_columns postgres_index_columns_source_index_column_id_fkey; Type: FK CONSTRAINT; Schema: mcl; Owner: postgres
--

ALTER TABLE ONLY mcl.postgres_index_columns
    ADD CONSTRAINT postgres_index_columns_source_index_column_id_fkey FOREIGN KEY (source_index_column_id) REFERENCES mcl.mssql_index_columns(id) ON DELETE CASCADE;


--
-- Name: postgres_indexes postgres_indexes_source_index_id_fkey; Type: FK CONSTRAINT; Schema: mcl; Owner: postgres
--

ALTER TABLE ONLY mcl.postgres_indexes
    ADD CONSTRAINT postgres_indexes_source_index_id_fkey FOREIGN KEY (source_index_id) REFERENCES mcl.mssql_indexes(id) ON DELETE CASCADE;


--
-- Name: postgres_indexes postgres_indexes_table_id_fkey; Type: FK CONSTRAINT; Schema: mcl; Owner: postgres
--

ALTER TABLE ONLY mcl.postgres_indexes
    ADD CONSTRAINT postgres_indexes_table_id_fkey FOREIGN KEY (table_id) REFERENCES mcl.postgres_tables(id) ON DELETE CASCADE;


--
-- Name: postgres_objects postgres_objects_task_id_fkey; Type: FK CONSTRAINT; Schema: mcl; Owner: postgres
--

ALTER TABLE ONLY mcl.postgres_objects
    ADD CONSTRAINT postgres_objects_task_id_fkey FOREIGN KEY (task_id) REFERENCES mcl.migration_tasks(id);


--
-- Name: postgres_sequences postgres_sequences_column_id_fkey; Type: FK CONSTRAINT; Schema: mcl; Owner: postgres
--

ALTER TABLE ONLY mcl.postgres_sequences
    ADD CONSTRAINT postgres_sequences_column_id_fkey FOREIGN KEY (column_id) REFERENCES mcl.postgres_columns(id);


--
-- Name: postgres_sequences postgres_sequences_source_identity_column_id_fkey; Type: FK CONSTRAINT; Schema: mcl; Owner: postgres
--

ALTER TABLE ONLY mcl.postgres_sequences
    ADD CONSTRAINT postgres_sequences_source_identity_column_id_fkey FOREIGN KEY (source_identity_column_id) REFERENCES mcl.mssql_identity_columns(id);


--
-- Name: postgres_sequences postgres_sequences_table_id_fkey; Type: FK CONSTRAINT; Schema: mcl; Owner: postgres
--

ALTER TABLE ONLY mcl.postgres_sequences
    ADD CONSTRAINT postgres_sequences_table_id_fkey FOREIGN KEY (table_id) REFERENCES mcl.postgres_tables(id);


--
-- Name: postgres_triggers postgres_triggers_source_trigger_id_fkey; Type: FK CONSTRAINT; Schema: mcl; Owner: postgres
--

ALTER TABLE ONLY mcl.postgres_triggers
    ADD CONSTRAINT postgres_triggers_source_trigger_id_fkey FOREIGN KEY (source_trigger_id) REFERENCES mcl.mssql_triggers(id);


--
-- Name: postgres_triggers postgres_triggers_table_id_fkey; Type: FK CONSTRAINT; Schema: mcl; Owner: postgres
--

ALTER TABLE ONLY mcl.postgres_triggers
    ADD CONSTRAINT postgres_triggers_table_id_fkey FOREIGN KEY (table_id) REFERENCES mcl.postgres_tables(id);


--
-- Name: postgres_unique_constraint_columns postgres_unique_constraint_co_source_unique_constraint_col_fkey; Type: FK CONSTRAINT; Schema: mcl; Owner: postgres
--

ALTER TABLE ONLY mcl.postgres_unique_constraint_columns
    ADD CONSTRAINT postgres_unique_constraint_co_source_unique_constraint_col_fkey FOREIGN KEY (source_unique_constraint_column_id) REFERENCES mcl.mssql_unique_constraint_columns(id) ON DELETE CASCADE;


--
-- Name: postgres_unique_constraint_columns postgres_unique_constraint_columns_column_id_fkey; Type: FK CONSTRAINT; Schema: mcl; Owner: postgres
--

ALTER TABLE ONLY mcl.postgres_unique_constraint_columns
    ADD CONSTRAINT postgres_unique_constraint_columns_column_id_fkey FOREIGN KEY (column_id) REFERENCES mcl.postgres_columns(id) ON DELETE CASCADE;


--
-- Name: postgres_unique_constraint_columns postgres_unique_constraint_columns_unique_constraint_id_fkey; Type: FK CONSTRAINT; Schema: mcl; Owner: postgres
--

ALTER TABLE ONLY mcl.postgres_unique_constraint_columns
    ADD CONSTRAINT postgres_unique_constraint_columns_unique_constraint_id_fkey FOREIGN KEY (unique_constraint_id) REFERENCES mcl.postgres_unique_constraints(id) ON DELETE CASCADE;


--
-- Name: postgres_unique_constraints postgres_unique_constraints_source_unique_constraint_id_fkey; Type: FK CONSTRAINT; Schema: mcl; Owner: postgres
--

ALTER TABLE ONLY mcl.postgres_unique_constraints
    ADD CONSTRAINT postgres_unique_constraints_source_unique_constraint_id_fkey FOREIGN KEY (source_unique_constraint_id) REFERENCES mcl.mssql_unique_constraints(id) ON DELETE CASCADE;


--
-- Name: postgres_unique_constraints postgres_unique_constraints_table_id_fkey; Type: FK CONSTRAINT; Schema: mcl; Owner: postgres
--

ALTER TABLE ONLY mcl.postgres_unique_constraints
    ADD CONSTRAINT postgres_unique_constraints_table_id_fkey FOREIGN KEY (table_id) REFERENCES mcl.postgres_tables(id) ON DELETE CASCADE;


--
-- Name: problems_tb_slt table_problem_solutions_problem_id_fkey; Type: FK CONSTRAINT; Schema: mcl; Owner: postgres
--

ALTER TABLE ONLY mcl.problems_tb_slt
    ADD CONSTRAINT table_problem_solutions_problem_id_fkey FOREIGN KEY (problem_id) REFERENCES mcl.problems_tb(id);


--
-- PostgreSQL database dump complete
--

\unrestrict WSUANwj9Y63srOXfKLOXXO9j7rUGXhePuGzAUzHp562ztgtcZWJkNMSjRTlrbcR

